review_id,review_text,voted_up,votes_up,playtime_at_review,timestamp_created
230653663,"So, I'm not the only one here for the ♥♥♥♥♥♥♥ attestation failed error? Honestly ♥♥♥♥ this game bro, the games themselves are bad enough that COD HQ only makes it so you really never want to come close to this franchise ever again.
That on top of the kick in the balls that is making it to the main screen in the first place after downloading a 50gb update, restarting the game a quadrillion times, linking an activision account to steam and praying it doesn't crash or throw a random error that requires you to sell your sold to Israel mid load.

And yes, this review was made with pure hate, I'm done with this ♥♥♥♥♥♥♥♥.",False,127,205.5,1784258591
230876168,"All of the games under this CoD launcher app are not really worth playing, only one of them is free and the rest are outrageously expensive.

Oppressive anti-cheat software, requires a third party account, the whole 9 yards.

You're better off buying the older games, or ideally, not buying into CoD-slop to begin with.",False,34,6.466666666666667,1784509969
230649706,i've done everything they asked me to do and it still says i've failed attestation. I'm just a casual player trying to play with buddies. this is so stupid.,False,63,3.033333333333333,1784253353
230281600,"Don't understand why playing a game have to force you to register your email and phone number, I have never play any game requiring me to do so, are the developers purely stupid?",False,33,0.5,1783846381
230964466,"HOLY ****, I didn't play this game since covid and finally decided to download it again but now on steam. When I did, just after 2 weeks they update the game with new security requirements. TPM 2.0 and secure boot, that's alright i play face it no big deal if it works on face it it should work here. but oh... oh no... they want a BIOS update I dont want to fry my motherboard... Well some time passes and i finally update my bios to the latest version literally 4 months old. I turn on the game and... hmm... that's weird... it still wants a BIOS update! wow what a surprise... I DEFINITELY DIDNT DO EVERYTHING THE GAME ASKED ME TO DO EVEN THOUGH IT WAS UNREASONABLE IN THE FIRST PLACE AND NOW YOU STILL RESTRICT ME TO CASUAL LOBBY THAT HAS 80% BOTS? can't even play non competetive modes like resurgence... but thats besides the point... this single update made the game unplayable for me, unless i want to play against bots... and now i have to wait 48 hours for an AI chat bot reply sending me how to enable tpm 2.0 articles WHEN I ALREADY HAVE IT... this company is a joke sad that levelling weapons is so satisfying otherwise i would buy 20 physical copies just to burn them in a glorious flame",False,8,128.43333333333334,1784623448
231482133,"Call of Duty: Black Ops 6 & Black Ops 7
Recommended…?  
Playtime: 286 hours of lag, caffeine, and emotional instability

Black Ops 6
BO6 was fun.
Fun in the same way a malfunctioning carnival ride is fun — you’re screaming, you’re laughing, you’re not sure if you’re safe, but you stay on anyway.

Campaign
I didn’t mind the campaign.
But half of it felt like Treyarch accidentally turned the storyboard into a psychedelic art project.
I’m trying to shoot enemies and suddenly I’m on a full LSD trip — colours melting, walls breathing, characters talking like they’re trapped in a fever dream.

It’s also short.
Like “I sat down to play and suddenly the credits rolled” short.

Zombies
I mostly played the campaign side of Zombies.
It wasn’t bad — just not the highlight.
It felt like Treyarch said “We’ll fix this later” and then forgot.

Microtransactions
Excessive.
Every menu feels like a shopping mall.
Every skin costs more than my actual clothes.
Every time I open the store I feel like Activision is trying to sell me my own soul.

Black Ops 7
BO7 is better — but still broken in ways that make me question the entire franchise.

End‑Game Mode (Story Continuation)
End‑Game is not Zombies.
It’s a separate mode, meant to continue the story.

Except the story isn’t really there.
It’s basically:
“Here’s some missions. Go shoot things. Don’t ask questions.”

But the gameplay loop?
Not bad.
Actually kind of fun.
Simple, repeatable, and scratches that “just one more run” itch.

Zombies
Zombies itself is fine.
The real issue is the Relics system.

The Relics system feels like it was designed by:
• a cryptographer
• a tax accountant
• and a demon
working together to make sure you never understand how progression works.

Trying to get relics feels like doing paperwork in hell.

Multiplayer
There is only one mode that is consistently populated:
Nuketown.

That’s it.
The entire multiplayer experience is basically a 24/7 Nuketown addiction simulator with people bunny‑hopping like their chairs are on fire.

Network issues?
Still here.
Still awful.
Still the same ones we’ve had since BO2.
Lag spikes, rubber‑banding, packet loss — the holy trinity of Call of Duty suffering.

Microtransactions (Again)
Same problem as BO6.
Everything is monetised.
Everything is overpriced.
Everything feels like Activision is trying to see how far they can push players before someone snaps and throws their PC into the ocean.

The Part I’m Sick Of
I’m sick of paying full price for a game that could just be a DLC at this point.

Every year it’s the same formula:
5 seasons → new game → repeat.

The life‑span of each game is so short that buying cosmetics is pointless unless you play Warzone.
And Warzone sucks too.

Activision should just make ONE Call of Duty and update it.
Add story expansions.
Add new campaigns.
Add new Zombies maps.
Add new multiplayer content.
Stop pretending every yearly release is a brand‑new game when half of it is recycled assets and the other half is a store page.

This yearly release cycle is cooked.
It’s outdated.
It’s anti‑consumer.
And it’s the reason cosmetics feel worthless the moment the next game drops.

General Thoughts
I’ve played 286 hours.
Not because the games are perfect — but because they’re fun in that chaotic, broken, “I hate this game but I also love it” Call of Duty way.

But man…
I really hope MW4 is actually good.
Not “good for a CoD game”.
Not “good once they patch it in six months”.
Not “good if you ignore the bugs and the store trying to sell you a $40 skin”.

Just good.
A normal, functioning Call of Duty.
One that doesn’t require a PhD to understand its progression systems.
One that doesn’t crash when someone sneezes in multiplayer.
One that doesn’t have microtransactions in every menu like ads on a dodgy website.

Please.
Just one good CoD again.

Final Verdict
Black Ops 6:  
Fun but broken.
Campaign is short and occasionally turns into a psychedelic drug trip.
Microtransactions everywhere.

Black Ops 7:  
Better, but still plagued by relic‑system complexity, network issues, and the eternal Nuketown addiction.
End‑Game mode has no real story, but the gameplay loop is surprisingly decent.
Zombies is fine, but relics feel like tax paperwork.

286 hours played.
I enjoyed myself.
I suffered.
I questioned my life choices.

MW4, don’t let me down.",True,11,286.2,1785202516
230429324,"Activision has reached a new low. I bought Black Ops 7, paid for a professional service to tune my PC, and I am STILL blocked from playing because of their incompetent ""Secure Attestation"" system.
Here is the reality for anyone thinking about buying this garbage:
THEY LIE ABOUT REQUIREMENTS: My system meets EVERY official requirement. TPM 2.0 is ENABLED. Secure Boot is ON. Everything is ""green"" in their own diagnostic tool, yet the game refuses to run and demands a ""BIOS Firmware Update"" that DOES NOT EXIST.
THE AMD BLACKLIST: If you have an older AMD laptop (like the Asus TUF FX505 series), you are SCREWED. Activision has blacklisted older versions of AMD’s fTPM (specifically the 3.x series). Since laptop manufacturers like Asus stop releasing BIOS updates after 2-3 years, your hardware is now ""insecure"" in Activision’s eyes, even though it works perfectly for everything else.
PUNISHING HONEST PLAYERS: Instead of building an anti-cheat that actually catches hackers, they decided to lock out thousands of paying customers who aren't on brand-new hardware. They took my money first and told me my hardware was ""outdated"" later. This is a total bait-and-switch.
USELESS SUPPORT: Their support will tell you to ""update your BIOS"" even if you have the latest version. They have no solution for people on ""End of Life"" hardware. They simply don't care that you paid for the game.
VERDICT: This game is literally unusable for anyone with an older Ryzen processor. It is a legalized scam. They are spit-shining their ""security"" by ♥♥♥♥♥♥♥♥ on their own customers.
SAVE YOUR MONEY. DO NOT SUPPORT THIS TRASH. REFUNDING IMMEDIATELY.",False,9,2111.883333333333,1784000579
232205198,140 GB Download for ONLY the launcher no game no warzone no nothing just the launcher and if you want warzone its another 70 GB download,False,3,1.9333333333333333,1786036692
231290427,"Multiple techical issues with TPM2.0 and Secure Boot now being a requirement. Additionally now persistent ""BIOS Update"" required is displayed although BIOS is up to date per MFG. This only allows unattestated state modes that severely limit gameplay. This is critical to gameplay although all other requirements have been met per TPM2.0 and Secure Boot.

This is a bug and unacceptable.",False,4,136.16666666666666,1784995703
232490155,"COD HQ is a complete joke. More bugs, loading screens, and pointless nonsense than actual functionality. It’s ridiculous that something this frustrating is supposed to improve the gaming experience.",False,2,275.68333333333334,1786349574
231758567,"It’s a good game, but it constantly pushes out massive updates,
and there are quite a few cheaters, so I wouldn't recommend it.",False,3,5.316666666666666,1785520458
230873834,"The game it self is pretty pricey, my all time personal favourite is black ops 2 on the 360, but I love to play causals on warzone",True,2,11.933333333333334,1784506853
231047659,is actually depressing asf to see how ♥♥♥♥ this game is and to see them still releasing yearly games at £70 a pop on the same year gta 6 comes out activation really have delusional people behind there games,False,2,0.5,1784725376
232142959,"I play this game almost daily and the number of cheaters in this game is completely out of control. I don't know if the developers just don't care, or if they just don't have the capability to stop them. Either way, it makes the gaming experience bipolar, one game sometimes two in a row will be fun and competitive, then next game you will absolutely annihilated by the same player 4 times in a row, even though you respawn literally on the other side of the map. They can see through walls, never miss a single bullet, and move like their character is the flash. 

Do not waste your time or money, unless you are also a cheater, or you're willing to accept that the developers will never do anything about the rampant cheating problem, and gave you a ""report "" button only so you have an outlet for your well justified frustration.

F*ck you Call off Duty, you should do better.",False,1,2251.9333333333334,1785961071
232005425,"this game is a complete abomination of code.
never a huge company making such half assed code, hoping Nvidia's AI features will save how ugly and badly optimized this game is.
the game designer should be put in jail for making a 150GB game, which after you have the steam install, then ingame install, then an install for the install, about  30 min in game was an installation process.
many graphics load bad, the game design is awful truly.
launching the game, opening setting, the game throws you in a match no questions asked,
how does it seem logical to some people, honestly its a disgrace to all programmers and gamers.

As a programmer myself, i must tell the developers sincerly - DONT EVER CODE AGAIN !!
N E V E R 
i thought ai slop games was bad, OMG i wish a free GPT model had gave them a hand in the process of creating warzone.
those guys should be banned from using an IDE
more then that, they should be banned from tech.
how a game is so ugly, and yet runs on a damn 70-120 fps with no frame generation support?
WTF is this range?
who tought you code?
he should go to jails as well.

DONT DOWNLOAD THIS EVER!",False,1,1.25,1785800220
231998254,"This is not even close to the old Call of Duty i played with my cousin back then. It slowly lost the only thing that i liked about it and dont get me started about the massive pipe the developers have where the sun does not shine.
How can it be that you can clearly see that people are disliking in what direction you push the game? That your only holding on a name that you put through dirt a few times while trying to milk everything out of it.
Eighter you are losing ideas or yall are on a whole spektrum of being delusional. Just because the name ""Call of Duty"" is on the game does not mean i have to pay almost 100. Mind you that small indie games with being roughly 20 proved just how well a game can be WHEN the developers actually want to.

I am not even ranting after a bad round, i am just upset what they have done to game that i actually admired for the story and atmosphere

The gameplay (at least in warzone because i am NOT ready to sell my kidney for further content) is fine, the matchmaking could be better but perhaps that is only that way because there are no new players, only those with thousend of hours ready to snipe you from the other side of the map. The size of the game could also be talked about since i have a feeling 90% of the downloaded size isnt even in the free ""version"" included.

Will i continue to play it? Probably. Thats why (despite my words) it gets a thumbs up. I still have hopes for this game.

Downloading on your own risk!",True,1,139.41666666666666,1785791625
231557165,"I've put over 200 hours in this game so I can say with absolute confidence: This game blows. Too many try-hards, cheaters, aim-botters, and otherwise unfair gameplay. The game stops every 100 matches or so and asks how fair was that last match, doesn't matter what you submit, doesn't make a difference. Then Activision just asks for more of your money. $40 for a skin. no. The game is so buggy that we have to back out of matches constantly because the game suddenly decides that somebody's mic just doesn't work. Not to mention this takes up several hundreds of gigabytes of your hard drive. Make this game actually fun to play and maybe I'll purchase anything from you. Until that happens, you're getting $0 from me. Please make this game actually playable for the common player. If you want more people to download this garbage, it would be nice to actually make it approachable in a way that anyone can pick up and play.",False,1,194.11666666666667,1785289416
231487156,"treyarch needs to stop pumping out these games every year and listen to what the fans want.. whatever happened to having a rounded game, what are we doing on campaign, Ai script slop",False,1,12.416666666666666,1785208949
231461772,"When i wanted to install the game the reviews were ""mostly negative"" but i decided to install it and play, i never want to go through this torture ever again in my life this ♥♥♥♥ straight up sucks",False,1,3.066666666666667,1785179800
231215942,I haven't been able to play Warzone Resurgence since early June because I keep getting the Failed Attestation notice even though The Wizard says my PC is compliant. Activision has not been any help with resolving the issue either. Iv'e  done everything they said to do with no resolution to the issue. It's imposable to talk to anyone because they only communicate through email .,False,1,479.3666666666667,1784914002
231022289,"Secure Boot & TPM 2.0 Not Detected
Secure Boot and TPM 2.0 must be enabled to play some or all parts of this game. Steam has checked your system and one or both of these settings appear to be disabled. You can learn more about this game requirement on the Steam Support Site.",False,1,7.116666666666666,1784688038
230953391,"This game is genuenly a plauge to life. I have over 3k hours on ts on my ps and i can comfirm that is is utter ass checks, my the devs become less woke and just let the game be good again. Stop with the furry hentai ♥♥♥♥ and just make it as its meant to be, a military shooter.",False,1,23.083333333333332,1784605427
230871471,BO6: Having to open the game launcher to load the game and half the time you have to restart due to update. Really wish I could just open the game I paid for instead of basically opening 2 games to get to the one I paid for.,False,1,617.9166666666666,1784503802
230862758,"This game is extremely bad, riddled with problems and bugs. I don't recommend trying it; it's awful. I regret wasting my time on it.",False,1,552.35,1784492795
230857553,"this game is ♥♥♥♥ now, dont download it. buy MW2019 when i comes on sale if you want to play a good fast paced COD/",False,1,412.6666666666667,1784487493
230317090,this launcher is retarded and doesnt work. why and how have they made it so hard to play their games? i can right now hop into a 32 vs 32 battlefield match on a huge map with destructable buildings and it will work fine.,False,1,123.96666666666667,1783877932
230289925,"never got the chance to play mw3 warzone sadly but i atleast had fun in bo6 warzone. when bo7 warzone was released i took a brake because the new map made me upset ,after i came back they added another map as soon as i got used to the other new one and the map rotation timers were absurdly long so i just forcefully play them. not to mention that the player base is full of idiots that keep stacking and camping so the game isnt really that much enjoyable as it was in bo6 but hopefully mw4 will be good and i will still keep playing this game even tho i dont really enjoy it lol",False,1,693.4,1783855564
232518281,"**BO7 Multiplayer: Literally Unplayable**

Imagine using a weapon you actually like — or simply using the weapons you have access to when you’re a new player — only to realize that you’re expected to grind endlessly for attachments, skins, and even Prestige.

I’ll admit this is the first Call of Duty I’ve played, and I actually had a lot of fun during the early stages. But the more I played, the more I realized just how excessive the grinding is.

You spend hours grinding to unlock weapons and attachments, only to get destroyed by some new event or Game Pass weapon that is immediately stronger or more competitive. Then you’re expected to grind all over again just to stay competitive.

This honestly feels like toxic monetization. The base game already costs a lot, and yet there’s a new Call of Duty every year, while the game constantly pushes players toward additional paid content.

I genuinely can’t imagine what the experience is like for a completely new player. You have to grind through the early game, unlock the weapons, unlock all their attachments, learn the game, and somehow compete against players who already have everything unlocked.

I don’t mind grinding. Unlocking things and working toward progression can be fun. But this is way beyond that. The progression feels deliberately slow rather than rewarding.

**My suggestion:** at the very least, double the XP gain and make that the standard progression speed. Players should be able to experiment with different weapons and actually play the game instead of spending most of their time grinding unlocks.

I enjoyed BO7 at first, but the progression system has made the multiplayer experience incredibly frustrating.
",False,1,138.03333333333333,1786381271
231257625,"This game is a waste of money just like every single cod the past 10 years. devs are brain dead, corp doesnt care ab the player at all. Company making the game is purely incompetent. Last time ill ever purchase one of these garbage games",False,1,763.8833333333333,1784959403
231342111,"Hello, I'm having a problem with Black Ops 7 after the update. I can't play on my account; when I try to log in, I get a message saying the game has stopped working. However, the game works on my other account, but not on my Steam account. Why is this? Please help as soon as possible.",False,1,93.53333333333333,1785053550
232154087,super fun gameyou will get mad and maybe break you tv or monitore but its super fun,True,2,57.81666666666667,1785973162
231878021,"Latest update changed the matchmaking. All lobbies are sweats, cheats and or is hosted in another country with 200 ping. Please fix and add network latency search limit.",False,3,447.2,1785658208
232148126,This game (Warzone) is not fun at all. You first download 100gb then you realize you havent even downloaded warzone yet and then you download the rest which is another 100gb on top. So you wait and the game finally launches. You drop into a match and get killed in 2 ms by some sweaty ass e-boy that has no friends and no life or a cheater. And then delete the entire game. Horrible game dont even try it.,False,1,3.8666666666666667,1785966282
231090078,"Game is just not as fun as it used to be, ive had the stupidity of spending my time and money, my honesty is dont even play, its not as enjoyable as it used to be, youve been warned",False,1,203.78333333333333,1784772706
231186259,"Honestly, this is one of Activision's best games, but launching it lately is a nightmare. Some motherboards clearly aren't supported, you can have the latest BIOS version and TPM 2.0 active, and it will still hit you with 'Attestation failed!' Make sure your PC is fully compatible before buying, because there's no guarantee it will run.",False,1,67.0,1784884666
230868239,"What game am I writing this review for? What game am I buying? What game am I updating? Wanna play Warzone while BO6 updates? Forget it. What's with this lazy system Activision? What happened to each game being it's own game? I didn't know I was buying a game to be put on a demo disc ish interface. You guys find it too hard to put each of these discs on its own download? And what's with all this AI being used? What's with the new ♥♥♥♥ that everyone complains about, and yet you guys are too lazy to fix? Don't get me wrong, I love call of duty, and I'll play BO6, but I'm done buying anymore games from you guys. I miss old Activision. I miss when you guys didn't give a rat's ass about battlepasses and money. I miss when all your maps came from the vision of a human, rather than AI. I miss when you guys catered to your fans, rather than milk them for all they are worth.",False,1,47.93333333333333,1784499600
230867857,having to redownload the game every month or so is just insane. especially when its 100gbs+ all i wanted was to play BO6 with a few of my work buddies a few times a week. not dedicate 1/3 of my hard drive just for it to ask for another 100gbs a month later. why BO6 isn't stand alone I DO NO KNOW other than you greedy dirt merchants want us to keep buying the next up and coming reskin of the last piece of actual trash you put out a few years ago. lol ♥♥♥♥ this game.,False,1,68.01666666666667,1784499149
231138587,"Always been a cod fan but with these new cods, I rarely play on my home server always bouncing around america's servers. Activision needs to fix this no point in having Fiber if i will always be 80 ping plus because the algo wants to put me in games across the united states.",False,1,913.15,1784829550
230785329,"if you have nothing to do, its a better idea to read the damn encyclopedia! cause this game is the definition of ass! you spawn in and get sniped by a frickin jobless, friendless 30yr old loser who lives in his grandmothers basement! dont waist money",False,1,4271.933333333333,1784407119
230538100,Cant play anymore due to secure boot requirements. not like any of the recent call of duties would be anything worth spending time on i suppose.,False,1,38.03333333333333,1784127766
232554029,"I have played zombies since bo1 and this zombies experience might be the worst zombies experience I have ever seen or played in my entire life. They tried to put MrRoflwaffles into the game with their so called ""directed mode"" but its just them doing the entire easter egg for you with basically unlimited points to try and ""help new players"". Genuinley might ask steam for a refund because of how bad this game is and I didnt even pay for it, it was a gift from my homeboy.",False,0,186.45,1786420329
232528433,"258 gigs of wasted storage. Compress your dam files so its actually playable, this is disregarding warzone which has to be installed seperate.",False,0,20.783333333333335,1786390680
232527362,"They lied about open matchmaking for Black Ops 7, game is now a sweaty CDL simulator.",False,0,2068.5666666666666,1786389726
232481968,"game blows, no decent updates that fix anything like grapple glitch, no one wants juggs but they keep them in game along with havens hollow map, etc, etc, etc
",False,0,1242.8666666666666,1786336445
232481881,"Can't play most modes anymore, just puketown 24/7 if I dare turn it on. I thought i could focus on multiplayer and play the campaign later because ""it's not going anywhere,"" but that was a mistake, no campaign access anymore either. What a joke. 0 out of 7 phonecalls out of duties. Do Not Buy! Do Not Give them ANY MONEY!",False,0,100.11666666666666,1786336309
232475202,"so here is my full review on bo6 and 7


Black ops: 6 
to be honest i really enjoyed bo6 it had omnimovement which was new and fun not gonna lie it changed some things augments gave you more to work for like cold wars crystals the maps were amazing even though citadel des morts is cheesable and the tomb all bo6 maps are still pretty fun my total playtime form bo6 137 hours

Black ops: 7
its just bo6 but futuristic just ignore the campaign and its a really good game especially the maps i genuinley believe bo7 maps and easter eggs have been the best weve gotten since bo3 in my personal opinion. i did buy bo7 later in its life cycle so i dont have that many hours but i can confidently say this is my favorite of the two i would reccomend this for newer players looking for a chill expierience 

now we wait and see if MW4 breaks the collab curse and goofy skins that CoD has i have already pre ordered",True,0,211.23333333333332,1786327149
232468565,"wack game as the AI the listens to voice is crazy on cursing but the characters can say the exact same things and we get voice chat banned for 2 weeks ...... what a load of ♥♥♥♥ the creators of the voice chat must be transgender dems that got bullied in school, then to top it all off there is not a real anti-cheat in place and using ZEN or ZIN works on a daily ...... oh and you can get a review if you get shadow banned for cheating but not get one if voice/chat banned makes sense.......... like always to many soft fatties programming and allowing the game to cuss but not the players.",False,0,2162.016666666667,1786318672
232466692,trash game that is trying to be a realstic fortnite. (fortnite still ass tho),False,0,11.6,1786316463
232464394,"it was really ♥♥♥♥, i kept getting off spawn killed by some bitchless, sweaty teenagers. do not reccomend unless your a pred whos into that.",False,0,24.283333333333335,1786313978
232458499,"It’s a good game, but it’s pretty large and it gets updated pretty frequently.",True,0,251.33333333333334,1786308265
232447741,"Warzone is unplayable these days. If you are a casual ""hop on with friends for a couple matches"" player, the BR Casuals mode is NOT casual. Call of Duty's SBMM is among the worst on the planet. I can't even justify hopping on because every time I do I end up pissed.",False,0,23.1,1786298873
232446061,"The game pushes updates frequently which is good but the update size is often huge, so, sometimes when i decide to play the game and see an update came, i can't play that day. maybe smaller update would be appreciated.",True,0,79.56666666666666,1786297381
232417459,"very annoying game, i still play it nonetheless, it is sometimes enjoyable but something i must mention is that i had to enable secure boot through my BIOS which was a little difficult but after all it is not a good game anymore exept if you have a lot of maxed out loadouts which is op",False,0,26.25,1786271750
232411588,"Warzone review
The GUIs give informational overload with 100 microtransaction pop-ups that I don't care about
And 1000 zillion buttons but new players only want to play this game when they see 6 gamemodes or something being subtle not big button
Also only ranked, battle royale and resurgence matters

Graphics are good, gameplay is fine but only the overlays are excessive
Some person whose only job is to do GUI design sucks at it because the GUI is soulless and thinking that ""quantity over quality"" will do the job but it's no surprise that this game design is like that because that is likely the motto of the call of duty's publishers thinking like in early 2010s that releasing the game every year is a good strategy knowing that games in modern times require more resources and time especially with better graphics to be good
And ♥♥♥♥♥♥♥♥♥ Warzone is dead; waiting half an hour to join a battle royale game with real players unlike casual which has three quarters of the lobby being bots

TL;DR don't play warzone it's not like the OG, it is dead, you will get an overload with 100000 GUI buttons and you will regret the 200GB download waiting time and waste of storage on your drive",False,0,3.6166666666666667,1786264649
232406250,game is fun with friends but you also have to be kinda good to fully enjoy the game,True,0,39.53333333333333,1786257530
232385011,Genuinely just a cash grab simulator with the weirdest frame issues and a playerbase with more sweat than the ♥♥♥♥♥♥♥ Nile,False,0,12.25,1786230867
232373508,Was a good game during quarintine but unfortunately turned into a unpolished game trying to get the most amount of money as possible from its players,False,0,21.75,1786219265
232372931,"The gameplay is always amazing, talk trash and have fun",True,0,62.2,1786218720
232366817,"It was my first install of the game and I'm a bit down since there was another install of another 68GB just for WARZONE or the other games, i thought i was already getting warzone itself but the only thing i got was it's launcher. It's a bit misleading, considering i had to wait a whole day for this game to download despite slower internet download speed. So pretty much i wasted my time installing a launcher. 

But i should've researched online if there's anything that needs to be downloaded. 
And i should recommend the newcomers like me to have more storage as ever.. speaking from a 512GB..",False,0,0.26666666666666666,1786213205
232352037,"I haven't played CoD since the new MWII, lately I wanted to play some Warzone matches with my friend so I downloaded the game (which is 250GB at least - idk for why). Then I realized the game is basically unplayable on 1080p... I hate the game is a ""skin-slop/fortnite wannabe"" it's blowing my mind when I die to a cartoon character shooting rainbows with his anime girl assault rifle - like ""what the hell am I playing bruh?"", but the forced TAA is ruining the game. Everything looks so blurry even if I configure my settings to get the most clarity out of the game and its still so bad that its hard to spot an enemy from 150m away... I'm pretty sure its some game-engine level TAA settings... I thinking about completely leaving CoD games behind... Maybe MW4 will fix these problems but i'm not giving too much hope about it.",False,0,341.18333333333334,1786200330
232351056,buy this game if you want to experience the worst aspects of humanity. This game has only amplified my distain for humanity; I will never play it again.,False,0,23.25,1786199550
232347101,"Call Of Bloat has so blurry graphics, It looks absolutely terrible, and this trash takes up almost 200 gigabytes",False,0,3.533333333333333,1786196004
232324699,all you do when playing this game is raising your blood pressure and giving yourself insane cause of hackers,False,0,40.28333333333333,1786169246
232324012,"This game sucks, every year its the exact same.....im gonna keep playing it every year.",False,0,402.2,1786168261
232320281,had to uninstall it from steam and started playing on battlenet. there was some kind of annoying bug that wouldnt let me play in more than 90fps. it was horrible. battlenet is better but way slower downloading updates.,False,0,434.55,1786163210
232311483,"game literally takes up 95% of my storage and the launcher itself takes up almost 60
horrible game",False,0,17.183333333333334,1786152341
232307819,"good game but the bios needs update
it a good game besides that",True,0,7.933333333333334,1786147820
232307290,"Its about time you give us an option to skip last kill cam, its annoying to watch it every single round, matchmaking sucks ass to be put with players that sweat their buts off every single round, spawn in multiplayer sucks big as balls, spawn next to an enemy is the dumbest ♥♥♥♥ ever, who thought that was a good idea needs to be sacked.",False,0,382.55,1786147202
232303595,absolute ass of a game. needs you to download 150gb just to see ur bios is not good enough. all set but not good enough for us. absolute ass clown of a game,False,0,1066.25,1786142881
232295848,"This game is bugging out, its telling me to update my Bios when im already on the latest Firmware. I havent been able to play from and its been downloaded for awhile now, Bs.
",False,0,40.833333333333336,1786134938
232295311,"this would be a goated torture method
the matchmaking in this game is broken
how is it even possible that a level 1 player gets into a full degenerate 100+ levels lobby",False,0,1.5833333333333333,1786134422
232291216,this game is absolute ♥♥♥♥♥♥♥ and the creators should ♥♥♥,False,0,357.6,1786130537
232278879,"This game is terrible, i have a little over 500 hours on warzone and it is just terrible. the matchmaking is terrible everyone is so toxic and the whole game is just pay to win. m self esteem has never ever been lower while playing this game. the graplers dont work people are hiding in the walls and im getting chat banned for saying you suck while others can go around yelling the n word. this game is genuine ♥♥♥♥♥♥♥♥",False,0,645.95,1786119530
232273467,"Ima just keep it short and sweet. Dont ever think making a pile of horse, cow, pig, sheep, and goat ♥♥♥♥ and think its acceptable to release this in game form for your community. I genuinely dont wanna see another ♥♥♥♥♥♥♥ game like this again",False,0,682.0,1786114741
232266992,"The warzone game is very worst, lag issues, cheaters everywhere, and unclear updates that make the size swell, and when you adjust the graphics it forces it to close.",False,0,11.566666666666666,1786108678
232262700,"I have spent hours on ""failed attentation"" even though the tool tells me I am perfectly secure - all green.

Updated BIOS, TPM 2.0, cleared TPM many times, upgraded literally ecverything. Still borked. Useless game and I have been playing CoD since the very first beachhead attack in CoD 1.

FFS, get your act together.",False,0,7.95,1786104148
232242218,Game developer mom plzz ♥♥♥♥ with me because his son of ♥♥♥♥♥ made game this trash ♥♥♥♥ you activision and the mom of all who made this game bastards,True,0,33.4,1786075737
232239659,"hell yeah , nice to play it with your friends (never play it without your friends as a beginner ) . high quality game , i recommend  it",True,0,1.0833333333333333,1786072342
232237613,"i played this ♥♥♥♥♥♥ game on my Xbox and i downloaded warzone on my pc solely to say you need to stay as far from this game as possible, all this game gave me was mental instability.",False,0,0.95,1786069682
232229495,"the fact that you have to download a hub to accesss an old game is crazy. making me install a free trail of your game to installed an old game is psycho get your life together dude
",False,0,336.46666666666664,1786059579
232226245,"This is the most dog shi game ive ever played, this game is literally about war. I was literally trash talking the other team at control center and I got voice chat banned for 2 weeks for saying curse words at them smh. I shi on them tho",False,0,56.733333333333334,1786055899
232224561,I like the game in general because I've always been a fan of call of duty since it started. I don't like the factor of these game assist controllers that make these try hards so much more of a pain in the game when it's not actual skill but assistance that should be banned.,True,0,42.8,1786054200
232201843,"Tha staw that broke the camel's back: The 5th of Aug 2026 update broke the game. Not only they removed the BO7 Royale game mode, the game crashed my PC with a kernel error every 5 minutes. BOOOOOOOOO",False,0,112.76666666666667,1786033741
232171203,i would genuinely rather take a ♥♥♥♥ up the ass and nail my balls to a cross and hang upside down from it than pay for extra storage on my pc and have to install 130GB of thin air + the actual game,False,0,24.766666666666666,1785997493
232166453,"i mainly play zombies . and boy it is so fun don't let others fool u because it is a ""modern zombies"" it is as fun as it gets",True,0,172.33333333333334,1785990019
232157525,not recommended for new players because ive spent 6 hours trying to fix the attestation for it to let me play,False,0,3.433333333333333,1785977682
232151126,Actually not that bad. dont take it seriously bc then its a ♥♥♥♥ game. if ur just messing around its not bad,True,0,56.45,1785969540
232150648,"how tf does one fix the error code DETRICK - GEINLENKIRCHEN, because it's always a new issue when i try and launch this damn HQ. it's actually such a waste of time, waste of space, wtf is the problem?",False,0,0.18333333333333332,1785968962
232123378,this is a fun hard competative game i reccomend to play normal restugest to get good,True,0,182.93333333333334,1785942521
232111526,absolute brainrot with lottery style gameplay. Packetburst galore and constant system errors and glitches. Dont waste you money on this game!,False,0,44.06666666666667,1785930833
232108321,"In my opinion, the game has become too modern and no longer has that old-school feel.",False,0,0.5333333333333333,1785926693
232092178,"awesome game, but they have nerfed the Free to play Warzone on purpose so people buy the over priced BO7",True,0,43.016666666666666,1785902944
232091562,"activision has been a ""functional"" company for how many decades  at this point? they along with this game/launcher/everything associated  are the  biggest jokes in gaming. They've been a company for how long and still haven't figured out how to  make a game less than 300gb altogether?  no worries dudes, I just won't download or play your slop. Enjoy your ever declining sales, playership and microtransactions, but hey, at least the friendless loser who sits as CEO looks ""cool"" by driving everything touches straight to hell.",False,0,168.91666666666666,1785902097
232090755,Game ♥♥♥♥♥♥♥ sucks. Wanna have a game crash and get cheat on every match this is it. Buy this game and force 13 homeless people to fight to the death then the winner has to play cod to shoot themselves so theres no witness's left. Trust me anal fisting is NOT fun,False,0,167.06666666666666,1785900972
232083200,"The game could be so fun if the coms worked. Every game I have played since the install I have had to ""unmute"" the lobby to hear anything. The game also randomly mutes my teammates in no particular fashion during matches on warzone. Multi billion dollar franchise can't figure out audio config? How? must be the new diversity hires not understanding the expectations of the community. B07 is the first COD I have played in 10 years. I am disappointed in the lack of effort in development towards player experience verses dudes with no balls or gals with extra extremities mandating our after work pleasure.

What Happened in the last 10 years?
Fix it
__",False,0,96.35,1785890990
232077369,"♥♥♥♥♥♥♥♥♥ this is hot garbage, genuinely want to end this suffering. Fire shotgun losers and that stupid ♥♥♥♥♥♥♥ LMG and the best thing they have done in years was a single map in BO6. Dont get this game, play something better I beg of you.",False,0,517.0166666666667,1785883778
232068517,Game is the biggest piece of ♥♥♥♥ I land i die by a clown get raped two seconds later i quit I play again. Would reccommend playing,False,0,84.08333333333333,1785874779
232051767,"I've been having a great time with Black Ops 7 and Warzone. The gunplay feels smooth, movement is responsive, and the gameplay is addictive whether you're grinding multiplayer or dropping into Warzone with friends. The new content keeps things feeling fresh, and the graphics and sound design are solid. There are still a few bugs and occasional balancing issues, but nothing that takes away from the overall experience. If you enjoy fast paced FPS games with lots of replay value, this is definitely worth checking out. 👍",True,0,453.25,1785859041
232049532,"Great game, fast paced, and requires a lot of strategy for competitive playing. i see a lot of negative reviews and I agree with a lot of them, but I can't find any similar better game, all compared games are somehow different, slower, or out of this world",True,0,731.5,1785856998
232041552,stupid ass game. its not even a game. its a game launcher. that is 130GB. what is it even installing onto my computer. and it asks me for my phone number. what kind of game launcher is 130GB then telling me to download another 70GB for warzone onto my computer. what is the 130GB for then. dont download this ♥♥♥♥,False,0,0.11666666666666667,1785849279
232039516,"Great game, idk why ppl would rate this game low. bunch of fools
",True,0,19.383333333333333,1785847122
232026051,"La neta camioneta, ocupan meter el Saqueo de MW3 y unos furros bien chingones como lo son los Puros y el ♥♥♥♥♥♥♥ Gintan 😍❤️ (Activision porfavor vuelve meter Saqueo que no quiero jugar Casual 😡😡😡)",False,0,2042.4666666666667,1785830039
232022737, love this better than mw2 dmz ♥♥♥♥ dmz! but i love this because warzone added so much and i miss mw3 man and the gameplay feels fun and vc is more friendly sometimes and the game is faster and more productive love this :)!!!,True,0,187.08333333333334,1785824714
232016380,"Fun, good game play, smooth graphics.",True,0,7.866666666666666,1785814795
232012011,Most underrated game OAT. The updates/changes have made this a top 5 COD and no early players recognize it because of how rough it was off release.,True,0,278.2,1785808896
232007009,"my teammate have their brains stuck in their balls sack and will jerk off mid match to the girl they watch on tiktok before they get off their phones to get ♥♥♥♥ on by a 5 year old with the best movement in the game.   

",False,0,71.93333333333334,1785802299
231986481,"After 1300+ hours of Black Ops 7, grinding to level 1000 and getting a bunch of camos, all it takes is for ONE part failure on your PC to replace, and Ricochet to go ""Oopsie, failed Attestation, go update your bios!"" even though my bios IS on the latest version, I have ALL the correct Secure Boot and TPM 2.0 settings, and I followed EACH of your steps CORRECTLY. What an absolute JOKE this whole thing is, and looking at forum posts on here, this isn't the first time this has happened to people, and it wont be the last. Congratulations, you played yourself. Never again.",False,0,1288.45,1785779932
231957592,"Black Ops 7 is a 70$ expansion to Black Ops 6 and it doesn’t even do it as good as Modern Warfare III. The Campaign is butt, the multiplayer is mediocre and zombies holds your hand too much. Don’t even get me started on this years Warzone integration my god this is the worst state Warzone has been since 2.0 . It also runs like ♥♥♥♥ on my 1500$ pc",False,0,231.68333333333334,1785749091
231929301,I got my bum tickled in a corner by 3 different dudes with shotguns,False,0,0.16666666666666666,1785708871
231925926,I dislike that its doing an investigation on something i had no control over as to was busy and couldn't find a way out of the game so i left it. BUT overall this game is fantastic and fun the graphics are amazing and the little rewards are nice.,True,0,78.35,1785705301
231920875,"I played cod since COD3 Over on the 360 black ops 7 has to be the biggest let down, I feel like im playing MW2 where all the matches is hacker vs hacker at this point its so sad to see and watch the company not care that black ops 7 is just filled with hackers that are walling aim botting and they have yet to do anything i know im not the best at cod nor do i say i am but this is just insane and mind blowing the fact that they let these hackers roam free in the game long as they are filling there pockets with money only thing saving this game is the zombies mode at this point because the multiplayer is just absolutely a dumpster fire if you like zombies you may enjoy black ops 7 but if you want a fun time playing multiplayer stay clear away from this game because season 5 is just garbage cod is just letting the hackers roam free at this point and I've heard em bragging about it on chat and its sickening, ill continue to play this game for zombies but till they fix the multiplayer I would stay away from this game like the black plague, if im not mistaken they also removed SBMM so basically its hit or miss IF you can get into a decent lobby but good god thats so far in between you will play 30 matches and maybe get 1 decent one but even thats ruined because after each match they take you back to the menu instead of you know like pick a map and stay in that lobby hopefully MW4 is better but i wont be holding my breathe on it.",False,0,680.1833333333333,1785700572
231919859,"I feel like the front for this game being a call of duty ''hub'' making it easier to access different games is actually a predatory design as it adds up the playtime from ANY of the games played on there
I'm saying this because when I bought modern warfare III I immediately knew that I did not like this game so I requested a refund from steam to be told that I could not since I had over two hours of playtime. Such a spit in the face for people who go out of their way to pay for a game and use money out of THEIR savings that could've went on more valuable, and useful things without making them feel bad. I saved up money in the form of gift cards since I didn't have a bank account at the time and made me feel real bad as I could have been spending money on FOOD and anything nice like gifts for other people. It actually makes me sick thinking about this plus Black ops 7 has AI generative calling cards and maybe more so I just play B03 I hate you Activision.
Edit: I just wanted to add on to the hate I feel for this design because I always look at MW3 in my library with pure guilt for EVEN ASKING for the money I saved up to buy this game gosh just make a remaster of like advanced warfare or something I'd take that over ♥♥♥♥♥♥♥ modern warfare 5 or whatever they're cooking up at activision HQ",False,0,28.983333333333334,1785699616
231913006,audio is terrible there is no footsteps audio in game and matchmaking is trash,False,0,619.7,1785693437
231905858,"Call of Duty had only one truly solid game, and that was Warzone. But with the release of Black Ops 7, they somehow managed to ruin even that. What they’ve put out now is complete garbage. Everyone should move on to Battlefield 6 and forget this mess like a bad dream.
",True,0,37.266666666666666,1785687163
231895544,Haven't played the multiplayer on pc but warzone and everything else is amazing and smooth multiplayer from when i played on console was also amazing,True,0,44.916666666666664,1785677953
231877827,I am Sick of the game not working properly and the cheaters. Y'all need to fix this game,False,0,740.6833333333333,1785657924
231863072,Not a great game anymore. I just can't compete cause I have a full time job.,False,0,13.633333333333333,1785637643
231855807,tbh great game other then the long wait time to install make sure to have a controler with a cord because mouse and keyboard is hard,True,0,3.4166666666666665,1785628362
231842214,This game is filled with stinky sweats but the game is still pretty good weapons are ass tho,True,0,9.766666666666667,1785613467
231809357,some ♥♥♥♥ ass game downloaded it  then it tells me to download all the other things like multiplayer. I get it then it spends 7 lightyears to do the shaders just to tell me theres a error to do with my connection restart 4 times keep trying restarting ♥♥♥♥ don't work bruh. Try microsoft store it refuses to open and personally calls me a ♥♥♥♥♥.,False,0,0.5,1785581720
231809088,This game changed their anti cheat and dont even have a tutorial on how to get it for players that want to play.,False,0,133.56666666666666,1785581376
231792062,"I only play this because it's what my buddies play, otherwise I'd never have downloaded it. My current K/D is pretty stellar (for me) because the lobbies are filled with bots. Currently I'm looking at a 4+ but historically I'm AT BEST a 0.5 K/D. It's awful, comms issues, bots, it's just trash.",False,0,4.283333333333333,1785558906
231784897,"Love the Zombie mode. Prefer BF6 multiplayer, however this game nails what made COD BLACK OPS so great to begin with. A true return to form.",True,0,29.883333333333333,1785549713
231751267,"Ok, This just sucks. I am not entering in my phone number just to play cod. I will stick with battlefield, thank you very much.",False,0,0.3333333333333333,1785513492
231727930,I have wasted 3 hours just trying to run this thing (and still failing) thanks to secure boot and other nonsense protection features that no other game requires.,False,0,3.65,1785487440
231721340,This game has the unique ability to ruin my mood in under 30 seconds I'd rather staple my balls to the carpet than play another match anyway queue me up,False,0,34.1,1785477769
231719498,"Horrible game learning curve is impossible. Gun diff in insane, match making is not real. brand new player version people with thousands of hours, go ranked they said nope just as hard there is no way to even learn the map, and the fact that people gain a advantage from being there first is stupid. it also lags on a 4090 there is no way to play this game high fps loading times is bad, yeah just a bad game.",False,0,210.78333333333333,1785474862
231718328,"was able to play 2 rounds then it flagged my wsl and development environments as cheating and put me on a restricted matchmaker which would never find matches
",False,0,3.2,1785473110
231717874,"Lately i could not play online anymore due to a ""failed attestation status""and fixing it required messing with some settings on my brand new gaming PC which i'm not going to risk. Therefore i recommend consoles like PS5 or Switch 2 (for the upcoming game) as i never had that issue in the past.",False,0,95.6,1785472455
231714612,"if you like to have faith in humanity that the unemployment crisis isn't getting worse then don't play this game you will win 2 games in battle royale casual, let me stress the word casual then you will have to play the rest of your games aginst the sweatist most unemployed creatures ever who are all 10th presteage and level 1000 so fu*k you actavision and your skill baised match making system! also after 10 more hours of gameplay after 1 game the sbmm is fine but after that you will get eiffel towered",False,0,270.0833333333333,1785468011
231712867,"The game was, dare I say, perfect pre-season 5 update. The Open matchmaking, post launch content, guns, camos, tons of maps, it was a very very good and well rounded multiplayer. The most fun I've had on COD in recent years. ""Classic"" matchmaking that they just reintroduced is terrible. It's the exact same feel as mw2019, Cold War, and all others with STRICT SBMM being priority and everything else secondary. It has quite literally ruined what was a great game overnight. Don't play this garbage or MW4 if this is the direction it's heading.",False,0,743.95,1785465687
231710949,worst cod ever ull get pocket burst every single update they dont care about it ull have high ping even if ur internet is good always lagging worst cod ever,False,0,223.16666666666666,1785463118
231702572,Its very fun and i like it but i would like to play it with a friend that have a steam deck is there any way to get it support somehow?,True,0,5.416666666666667,1785452470
231683096,"game ♥♥♥♥♥♥♥ sucks but its fun tho
♥♥♥♥ still sucks but its still fun tho",False,0,10.566666666666666,1785433305
231679574,"game was really fun but me and some of my friends couldn't play anymore since major updates about tpm 2.0 and secure boot occured, our computer couldn't support those even thought the game runs smoothly on our pc. i coulndt post reviews on my other accounts so i tried with this one.",False,0,0.2,1785430320
231674934,"yeah i cant compete against players that are so sweaty you cant even stay alive in the game. the new player exprince is th worst thing i haave ever come across in a shooter game and i just did not like the experience at all, a level 1 player is expected to go against pros that have been playing this game for years, you cant even survive from landing in a parachute youree already dead. super not fun andd will not be coming back tioll there is some balance in the game.",False,0,10.066666666666666,1785426275
231674250,"this game is terrible , it is not worth more than 50 cent at this point i dont know what person decided to build this game the way they did but they need to assemble the team from xbox 360/ps3 days . black ops 2 / mw3 return to that if not. goop scoop dukie sloosh is what yall need to eat!",False,0,55.38333333333333,1785425674
231646362,why would you make a game that people like just to shove dog ass maps down our throats that nobody wants. wasting resources on skins that cost 25 dollars each and maps nobody wants to play with every little creek and crack and corner to hide in. honestly the worst cod i've ever played. waste of resources on the dog ass movement system that lets you jump 17 feet away,False,0,8.933333333333334,1785394506
231635586,"[h1]Questionable Engagement Tactics[/h1]

Call of Duty has shifted from being a premium shooter to a product built around continuous behavioral pressure. The modern structure feels less like a game purchase and more like a recurring subscription disguised as seasonal content. The base price is already high, but the battle pass and rotating cosmetic bundles create a spending cycle that encourages players to stay financially committed. Progression systems, time limited rewards, and constant resets are designed to keep players engaged through psychological pressure rather than genuine gameplay depth.

Despite repeated claims of improved safeguards, [b][u]cheating remains rampant[/u][/b]. The developer frequently promotes new detection methods and anti cheat technology, yet the in game experience shows that cheaters are still widespread and highly visible. The gap between marketing and reality raises serious questions about whether these systems are effective or simply meant to reassure paying customers.

Enforcement is equally concerning. Automated bans, limited transparency, and minimal customer support leave players vulnerable to losing access to a product they have invested significant money into. The appeal process is unclear, slow, or nonexistent, and the platform often treats legitimate players the same as actual offenders.

[h2]Key Concerns[/h2]
[b]• Monetization pressure[/b]
The cost structure resembles a subscription more than a one time purchase.
[b]• Psychological engagement tactics[/b]
Progress bars, time limited items, and seasonal resets encourage compulsive play.
[b]• [u]Rampant cheating[/u][/b]
Cheaters remain common despite repeated claims of improved safeguards.
[b]• Opaque enforcement systems[/b]
Automated bans and limited support create risk for legitimate players.
[b]• Seasonal resets[/b]
Progress loses relevance every season, pushing players toward new purchases.",False,0,12.666666666666666,1785379411
231634639,"With over 300hours in this game mostly on Zombies, I’m unable to jump back in and play. Game doesn’t load, not worth buying if it won’t work later. This will be my last Call of Duty for this reason.",False,0,306.28333333333336,1785378213
231632199,it asssssss dont play there are sweat try hards for no reason,False,0,38.516666666666666,1785375064
231623416,"only bad review for warzone and bo7 both horrible will not touch them and never even touched them im interested in mw4 tho just for multiplayer thats about it 
",False,0,84.63333333333334,1785363895
231622266,"game is 10 months old & still has crashing issues, ranked doesnt even realise that its their own systems & suspends you from playing, also gives you SR loss as a result.",False,0,201.18333333333334,1785362608
231621911,damn game banned me and i dont even play warzone like that on here ♥♥♥♥ cod bans random mfs for no reason but dont do ♥♥♥♥ to hackers sad how far cod has fallen,False,0,18.933333333333334,1785362201
231617607,Game gives out auto permaban for reinstalling the game from THIS call of duty game. Reason for ban is CASERMA-RHINO. looking it up basically says verifying you game files through STEAM can give you this permaban. And support will say tuff ♥♥♥♥.,False,0,50.31666666666667,1785357732
231615619,downlaod---} fix infinite errors ---} play for 1 hour ---} have fun until getting matched with a sweaty no life gamer ---} delete the game ---} 1 year later ( repeat the process ),False,0,57.61666666666667,1785355885
231564969,"Getting the game to start at all was such a hassle. Then it takes eons for the Shaders to preload. And then there's no game to play? Team Deathmatch is locked behind buying Black Ops 7. Trying to play any of the games just gives me a ""No Licenses"" error. What were they smoking when they made this?",False,0,0.6166666666666667,1785299572
231560722,i come back to warzone after 4 ♥♥♥♥♥♥♥ years i cant play solos cuz i live in aus and every game is a bunch fat ♥♥♥♥♥♥♥ stackers i hate this game more then ever i wanna kill myself,False,0,101.23333333333333,1785294034
231543202,"Don't enter this game, once you hit that play button.... There is no escape.
Trust me, it's not like what it looks, you have been warned.",False,0,1084.6666666666667,1785273011
231542557,"Even since they forced you to do a bunch of BIOS changes for them, it fell off hard. The main reason is that DOING ALL OF WHAT IT ASKS DOESN'T WORK and will have the same error pop up. Never touching this garbage again now that I literally can't even play the game due to this",False,0,586.2666666666667,1785272409
231542395,"Good gameplay, too much camping and spawn-killing, but what else is new?",True,0,100.66666666666667,1785272278
231528709,"THIS REVIEW IS WARZONE 
So I have played warzone constantly on my ps4 and ps5 for since the start of covid and the game was so so good. But that time has passed so save your ♥♥♥♥♥♥♥ time instead of installing this AI pile up of ♥♥♥♥♥♥♥. Now let me write all of the complaints this game has pained me with. 
Worse graphics-watch a video of someone playing warzone 1 and then look at someone playing BO7 warzone... The fact that a game made 6 years after MW19 has way ♥♥♥♥♥♥♥♥ graphics. My guess is the devs got lazy.
Failed attestation- this pop up may appear telling you that you can play resergence and ranked unless you update your bios. Which is for more secure matchmaking I think, which is fair ok. But here is the issue you  can update your bios and nothing will change, I have seen others with this glitch that had this happened to them over a month ago. I have tried countless methods and they dont work
The core of warzone- Every year warzone gets a new giant update that intergrates the new cod into it, which is hurting the game in my opinion. Warzone should be its own separate game and not completly change every year it makes the game feel rushed and pointless to play because in one year it will be completly different and most likely worse. The game has gotten too far off track like it has lost the plot, now every match there is spiderman flying on grappling hooks and new smg metas that can wipe you off the face of the earth in half a nanosecond.
This game is so buggy and has used AI to create a damn calling card like wtf. Why cod Why I used to play warzone 1 every ♥♥♥♥♥♥♥ day and now i would rather play a ♥♥♥♥♥♥ roblox game than this game. If you want my opinion on how to make this game better than here it is. 
Stop nosolgia baiting- cod almost every other gun at this point in bo7 warzone is from an old cod, like plz make new guns that are refreshing
Fix bugs- This game is literally a buggy mess, like you cant go 1 game without having some sort of bug
Listen to community- this game legit just is in its own world and gives 0 respect to its player base
Make MW4 warzone good- Please make MW4 warzone fresh and new. Please make a good game it is sad seeing this game fail every year.
Lay off crossovers and make something unique- At first cod did cool crossovers and then I guess greed got to the devs because every 2 seconds they add a new crossover that is just 2 skins that took 5 mins to make.
If you are thinking about trying this game again after not playing it for years just don't it will make you sad and dissapointed. The End",False,0,25.0,1785259415
231498085,"Genuinely a dying franchise, the last time i genuinely bought and played a Call of Duty game was MW 2019. This franchise has tried its absolute hardest to make you want to rip your hair out every time you install the game. Not only a 100gb download for the main menu of all things, but another 250gb for simply wanting to play WZ. If you are  a scientist invent a time machine to return back to 2019 and prevent the Activision devs from ever creating anything past MW 2019.",False,0,4.816666666666666,1785225803
231487861,"its ♥♥♥♥♥♥♥ ♥♥♥♥, cant even play the game without hacking into my firewall and mainframe and releasing the Epstein files.",False,0,106.38333333333334,1785209966
231483354,"worst game support system ever do not play this game as they do not care about you and do not help if issues with there system cause you to get banned with out even playing a match  worst developer and support system   i got banned for trying to fix the attestion problem   i will never support activision again, they can go ♥♥♥♥ them self i even bought the black ops 7 game and they wont refund",False,0,25.516666666666666,1785204028
231483142,dont even think about clicking on call of duty they rather add skins and other such as juggernaut and classified weapons grapples double jumping and 1000 other thing but the anti we dont have one might say that their is one but truly isnt on everyone cheats in ranked and just the normal game beacuse all the devs have small penis and like to create the cheats for the cheaters because their MONEY HUNGRY for a game siers to be out this long is actually obsurd why dont we all get together and stop playing this game let it die,False,0,1129.7166666666667,1785203760
231479915,"Game is unplayable after season 5 update, windows 11 steam. Crashes COD.exe randomly mostly on map loading screen. Resulting in Rank bans lasting up to two hours and minus 200 SR (tried 6 times over 1200 sr lost because of their newest patch). Even in safe mode the game crashes, deactivated steam overlay,  Verifed game files twice, downloaded textures over 6 times,  reinstalled the game, streaming game textures on and off, still does not keep the game from crashing went from a 5 star game to 1 unplayable. Deserve refund or compensation for breaking the game.",False,0,389.48333333333335,1785199582
231456916,Cheater infested low tick server slop. Shootouts dont make any sense no matter what equipment you have. Its just a lazy moneygrab that devs dont even care for.,False,0,194.36666666666667,1785175413
231454198,"was lowk a tuff ahh game but they lowk need to lock in on sum 2009 mw2 type stuff yk game is not fun anymore and you need storage of doom but im chilling its just like yall be doing to much ""remember no russian""",False,0,334.98333333333335,1785172883
231410123,"While I do enjoy the updated graphics, the upgrade system, and the weapons in BO7 zombies, this game is horrid if you plan on playing solo or refuse to upgrade to windows 11. 

Every so often, COD will release an update and said update will require you to make sure security features on your computer are up to date and if you don't you are restricted in what gamemodes / playlists you're allowed to play. The game is unplayable offline, requiring a 24/7 internet connection so it can load shaders that aren't on your system. If they allowed the game to be played offline with reduced graphics quality, I would recommend this game to more people, but with how it is now, absolutely not.",False,0,73.3,1785120761
231407144,Absolute dog crap game company. It is sad to see such A nostalgic game franchise fall this far.,False,0,2.3333333333333335,1785116922
231407067,"terrible.

people thought the jetpack cod games were bad but in hindsight it can't be worse than this",False,0,3.066666666666667,1785116843
231406414,"1 get on the game
2 load into a rebirth island match
3 get a team full of german ♥♥♥♥♥♥♥
4 loot for 5 mins
5 get sniped from across the app
6 try to get back in the game
7 lvl 1000 idiots killing u while u land
8 get killed by a half naked guy 5 times in a row
9 load into another game and the cycle begins",False,0,15.016666666666667,1785115971
231401204,"Simply cannot play the game anymore because of this ♥♥♥♥♥♥ ""attestation failed error"" thingy even though I've been playing normally before, not to mention having to install a 200GB launcher + having to install new updates everytime you open this ♥♥♥♥+ restarting the game a million times like brother can I play??? $70 down the drain lol Activision is a ♥♥♥♥♥♥♥ joke, don't buy this",False,0,12.183333333333334,1785109606
231386999,the worst cod ever made cant even play a ranked match fairly when your game crashes you lose sr like you lost and get banned so then you cant play nothing about this game is good at all,False,0,82.06666666666666,1785095464
231377932,"despite what kyxia has said somewhere in here i would recommend playing this awful gut wrenching game and becoming one of those ""walljumping side running monkeys"" just to be the despited people that are hated",True,1,127.21666666666667,1785087722
231377087,"吹牙科祖父年轻时打二战，被对面的FG42压得抬不起头，被俘虏后去挖战壕又被M1加兰德按在地上，好不容易躲过去一枪翻进战壕被杠杆喷隔二十米一脚踢死。战后奉命当间谍去偷文件发现敌军研制出了一款400m无衰减的神器AN94，好不容易捣毁AN94的图纸之后发现外边全是烟雾弹，一进去因为没带冷血被全身两枪死的正架着他的三条退路的热成像激光枪大机枪扫死了👍

我不清楚使命召唤作为街机爽游 
是休闲游戏，还是竞技游戏？

用来放松？对面动不动巅峰百级千级的，不知道是黑队还是透的，个个天才少年
也不是不能打，毕竟还算有高速fps基础
但是打的难受，打出理论ttk也不是马莫斯大人等一众轮椅的对手😃
ttk比大小，比不过🤗
然后变成互秒游戏，要么整个地图互绕，左眼站岗，右眼放哨
知道的是枪战游戏，不知道的以为是恐怖游戏👍

是竞技游戏？是指在一堆轮椅互秒的时候塞一堆ttk比命长的枪假装自己是好女孩？还是透视zhq不够劲？还是黑队轮椅架点出生三秒去世不够快？
退一万步讲，这些都可以接受，菜就多练。OK，但是BO7的地图设计的是什么东西？一堆头皮位，以及和开发组的那个地方一样短的ttk 外加近视眼小地图
这代小地图有什么用t组你们说说？全程按大地图赶路像是来旅游的，走个走着就被轮椅架点和大连杀整暴毙
我看着猎歼机器人、掘墓人、离子核心击杀学个啥？点位？路线？控枪？交学费交完学了个寂寞

休闲休闲不起来、竞技竞技不对称、爽游不爽 只能爽一点点
那我也只能为使奴，为一点点了🤓，有精力我大可游玩其它游戏，游戏不好玩我大可以去涂我的小人。精力旺盛可为之事很多，不差这一个。
骗萌新进来杀连骗这一步都做不到，进来就上强度，成就全场最佳和僵尸万杀坏了不管不问，皮肤倒是库库更新
喂喂，国际游戏大厂，连个成就系统都做不好吗，我看傲慢程度你T组也不遑多让，IW让无限战争唯一的一个多人成就坏掉已经足够重量级了，你哈基T一下端出来两个 真是一丘之貉。",False,0,116.0,1785086998
231374147,"170 gigabytes for what exactly? It doesn't even launch any kind of game lmao. I got this for free for some reason (i own CoD MW 2019, guess this is the reason).

This doesn't have anything in it! Are you okay there???",False,0,0.18333333333333332,1785084507
231351700,"i just got warzone and this is the best game ive ever played, BUT, its very sweaty and sometimes i crash out, but the game is cool and i have been wanting to play it since forever.",True,0,8.083333333333334,1785064558
231341855,"This game/slop is 🔥🔥. I mean that it will burn down your house and will cause you diaphimisticophobia (fear of ads) because this game SPAMS you with pop ups left , right ,down ,and up like ""GET THE REZNOV CHALLENGE PACK WHEN YOU PREORDER BLACK OPS 7!!!!!!!!!"" or battle pass skins will flash you and your pet dog with unoriginality and pig slop. If you still want to buy this slop of a game , I have no words my friend......",False,0,649.7833333333333,1785053236
231337849,What is the problem with this game i play for a few weeks get off login and it asks for something new and now i cant play at all,False,0,153.28333333333333,1785047937
231332094,Actually just a ♥♥♥♥ game. Does not need to be this ♥♥♥♥♥♥♥ big and high quality. I can't play the game without it being choppy as ♥♥♥♥.,False,0,9.35,1785040155
231324472,Installed 130gb of this and I could not play any game. I have to sit and install another 60gb just to play Warzone. Utterly disgusting experience.,False,0,0.2833333333333333,1785030778
231324102,"Not a fun game to play.  Very inconsistent, constant changes to gun setting whether nerfing or buffing, frequent glitches and despite an anti-cheat kernel there is still rampant AI hacking. Activision is so adamant about pushing a game every year being profit driven they are doing so at the sacrifice of quality.",False,0,919.2,1785030288
231316901,game ragebaits like ♥♥♥♥♥♥♥ crazy but its worth the fun,True,0,9.35,1785021291
231314390,very boring and if you get it later everyone is so good and its impossible to improve,False,0,43.71666666666667,1785018396
231297601,"Since attestation update, can barely play any game modes, absolute waste with so many other people quitting, ADDITIONAL NOTES: SSD with 161 GB available space at launch, Yet when i try to reinstall its 566gb, after 1357 hours, will not be reinstalling...",False,0,1357.5166666666667,1785002221
231287701,"[b]The gunplay is polished, but almost everything around it feels bloated.[/b]

The menus are confusing, updates are unnecessarily large, and monetization is everywhere. The core shooting is enjoyable, but the overall experience feels more like a platform designed to sell content than a focused game.",False,0,14.283333333333333,1784993357
231260227,trash game. 250 gb just for warzone alone. its not fun anymore. it def lost its spark. hopefully mw4 is better. with dmz. if they don't figure out how to make the game smaller in file size i will never play call of duty again. i do not recommend bo7 trash game. ziplining breaks the game balance. You can have high ground then out of nowhere 10 ppl ziplining behind you. idk its not worth playing especially from a file size,False,0,10.3,1784962990
231254798,"game is too huge, i could only get a few games on my laptop bc of the storage",False,0,19.566666666666666,1784955690
231244839,HORRIBLE game i was going to get the new game but instead im UNINSTALL this piece of ♥♥♥♥ you call game kicks me off every single time if your ♥♥♥♥ dont work why would i want to jump hoops to fix it when this $80 game shouldnt have issues nor should i have to speak to a ♥♥♥♥♥♥ customer service rep to get NO HELP!!!! OR A REFUIND FOR A GAME THAT CONTINUES TO KICK ME OFF and im not running no ♥♥♥♥♥♥ computer or graphics card i did everything on my end yet your game still fails never buy again sad to say from someone whos a decent player and has been for a very long time but this is BS call of duty spent so so much on your bs game you will never get a dime from me again,False,0,155.53333333333333,1784943338
231240107,"I only play this game because my buddy won't play any other game. It is buggy. unoptimized, a huge waste of storage and way to much money. you want a good game go play anything else.",False,0,8.683333333333334,1784937385
231239435,"I am sick and tired of the DX crash error on windows PC 2x new hardware and it still crashes even with no OC boosts of any kind on ram cpu  or gpu no overlays, windows game bar disabled. I can no longer play.  
Hardware specs...


Operating System: Windows 11 Pro
MB Gigabyte Z890 Gigabyte Arous Elite Wifi7 
CPU Brand: Intel(R) Core(TM) Intel Ultra 7 270K Plus
RAM: 32 GB Kingston Furry DDR5 4800 to 6000Mhz
Video Card: AMD Radeon LC Sapphire Nitro+ RX 7900 XTX no loud fan sound so nice.
Primary VRAM: 24 GB",False,0,727.3166666666667,1784936605
231222009,"I'm installing a 140 GB game just to create an external Activision account that has to be verified with both an email address and a phone number. ♥♥♥♥♥♥♥ ♥♥♥♥♥♥♥♥.

And that's only so I can open the store for ten different Call of Duty games, and having five of them installed that I do not even own. The free Call of Duty? I still have to install that separately—and it's another 80 GB.

Why the hell wouldn't they just have you download the free Call of Duty directly? Nope. Instead, they'd rather make you download five other Call of Duty games you don't even own, wasting 140 GB.

♥♥♥♥ Activision.
Bastards
",False,0,0.23333333333333334,1784919292
231216922,"-waiting for a solid 3 hours to install 
-opens the game and tries to play mw or anything else
-game turns off instead
-10/10",False,0,0.36666666666666664,1784914850
231201633,"Anybody has fixed directx error?? After their ♥♥♥♥♥♥ update the game keeps crashing, if Im lucky I get to play one game per day after that crashes and no fix, tried to many things, super ♥♥♥♥, only warzone happening like this, all the other games works perfect😂",False,0,13.833333333333334,1784901702
231201165,"The game keeps crashing after the update of 23 July with a Directx Error. I try everthing from using DDU the remove the graphics drivers and restoring my gpu clock to default and under clocking the card. I then found a fix using gemini. According to gemini there is a 50-Series Bug and it recomended to set the terrain quality to medium and that fix the problem for me.
",False,0,28.733333333333334,1784901271
231196381,"COD keeps lying to their players. you pay 100 dollars for a reused copy paste game every year. with bo7 i preordered, they promised classic no sbmm and rug pulled everyone. matchmaking has no changes. i refunded the game, since its not playable or enjoyable. also with the new season 5 they again promised new classic match making system. and yet its worse.",False,0,303.6333333333333,1784896700
231181656,"cant even play the game for security reason idk why i would spend 80 dollors just to stare at it and not say somewthing befor i bought it. And stupid ass steam wont return it, so i hope you postr this to reviews
",False,0,11.366666666666667,1784878117
231170667,its not really worth the money with all the chat ban's EVEN IF YOU DIDNT SAY ANYTHING!! there is no way to dispute it and the bugs in the game make it unplayable at times!,False,0,196.6,1784862905
231166222,"I have run across an insane number of people who lock onto your chest including following the reticle behind walls etc. Of any game I've ever played, this..by far...has the most cheaters. Thankfully Warzone is free so, whatever. Its still annoying to spend 20mins in a match to get lasered by a cheater.",False,0,41.233333333333334,1784857375
231164902,Its a warzone what do you expect it to be fair lace those boots up check that gun and jump in you only fear the unknown so lets discover new ways to control the warzone,True,0,16.066666666666666,1784855775
231164059,other than the game is 95% sweats and yy kids the game itself is magnificent id reccommend a skill based matchmaking very much and so would all the players that see this,True,0,15.016666666666667,1784854791
231163375,"Game is beyond terrible.
Since I bought it, I feel like my soul has left my body.
Literal brain rot",False,0,31.283333333333335,1784853941
231161297,this game is dog sh**. its just addicting and the same reason for why other people in the community cant stop playing. fix yo dang cheaters in this game as well.,False,0,45.15,1784851311
231149373,game can be annoying sometimes but i play just to get distant from other people at home best game if u wanna relax,True,0,8.583333333333334,1784838967
231148157,"Best game I ever played. I'm about sure, about this. Hands down the best shooter game, I ever played though. I've been playing now for a week, or so. I'm getting pretty good too. Provides me a great escape from real life, and real real stress. Although, I do tend to cuss a lot more, when I'm playing this game.",True,0,47.78333333333333,1784837881
231142376,"Focus more on profit rather than ricochet anticheat?,,,this game too many hacker...cant even play it for fun...every season have bug for equipment...black ops royale cant change equipment...idk why they didnt test it before launch...dont ever invest in this shtty game...major update are just for fancy skin...no improvement.",False,0,411.98333333333335,1784832885
231142016,"Every time they update their game... It keeps getting worse. Glitches all over the place. More and more bugs - And lets not talk about the ♥♥♥♥♥♥♥♥ crashing... DirectX errors all the time. - I hope one day they realise how much they've ruined the brand ""Call of Duty"". BO3 was the last good CoD... Can't change my opinion. It's ever since they made this stupid ""HQ"" app. Keep them seperate ffs.",False,0,393.93333333333334,1784832564
231141872,Am stuck 4thegame so there is no excuses and alternatives. Thanks for making a great job!,True,0,40.06666666666667,1784832440
231139040,"I went specifically to Warzone's page to download the game and play. After installing 130GB of files, I launched the game, which immediately downloaded another 70GB~ of ""updates."" After finally LAUNCHING the game, I am brought to a menu full of Call of Duty games that aren't even installed yet, INCLUDING WARZONE. I DOWNLOADED 200GB OF WHAT EXACTLY AND NOW YOU WANT ME TO DOWNLOAD ANOTHER 70GB TO PLAY WARZONE?!

Immediately uninstalled everything. WTF did I even download?",False,0,0.11666666666666667,1784829934
231135084,"je pense que les développeurs devraient aller se faire foutre. Hônnetement qui a eu l'idée de sortir ce jeu de merde ? ils ne se sont pas concertés ?
Allez vous faire enculer",False,0,1651.25,1784826447
231133428,"only play casuals if you want to have a semi good time, play regular resurgence if you are good at the game and play battle royale if you are a sniper. This game is very enraging but still fun.",True,0,36.56666666666667,1784825021
231132723,"cant play because my bios latest update doesnt have a tpm version new enough for their security, ♥♥♥♥♥♥♥ game as always",False,0,230.8,1784824427
231122595,"personally i find it very fun even if im playing alone,the only bad side about it is the community is VERY toxic",True,0,133.28333333333333,1784815780
231122477,"Warzone is in a good state, most similar to MW3 but with Verdansk. Multiplayer and zombies are fast but enjoyable.",True,0,203.58333333333334,1784815665
231109065,"I am writing this review for Black Ops 7. This is the first time I have played a Call of Duty game on PC since migrating from console, and I must say that I thoroughly have enjoyed learning to play on mouse and keyboard in a familiar franchise. As a long time COD player, the callbacks to Black Ops 2 have made this game stand out. Unfortunately, modern CODs as so fast paced compared to older titles. For new players to the franchise, this may not be an issue, but for someone who has played these games each year since ~2010, it is a sad direction for the franchise, especially with the forced microtransactions and BattlePass. All that aside the core gameplay is a fun experience and there is a lot to enjoy between Co-op campaign, multiplayer, and zombies. I would recommend this game to someone who enjoys a fast paced arcade shooter and is willing to get past what the ""Glory Days"" of COD used to be.",True,1,113.38333333333334,1784800388
231101374,"Really fun overall, but the prison lobby was a different story . It was packed with YY demons making every fight feel impossible. Still had a great time, but those cracked players definitely made it way more intense than expected.
",True,0,45.38333333333333,1784789005
231099766,"""Your game has failed a security attestation"" despite the wizard inside the files telling me otherwise. Broken game",False,0,4.4,1784786450
231091613,"An absolute masterclass in anti-consumer user interface design that turns simply launching a video game into an infuriating chore.

Originally introduced as Activision's vision for a unified, ""one-stop shop"" hub for the entire franchise, the Call of Duty HQ launcher stands as one of the most hated executable files on Steam. Rather than streamlining access to your purchased games, it acts as a massive, bloated barrier. Booting up a game requires opening the HQ launcher first, staring at a cluttered screen covered in seasonal battle pass advertisements and microtransaction store banners, and selecting your game mode—only for the launcher to completely shut itself down and force your PC to boot up another separate executable just to play Warzone or an older campaign. It is an uninspired, clunky time-sink that treats your gaming library like a glorified, interactive billboard.

The technical headaches caused by this ecosystem are legendary. Because the HQ forces multiple games to share overlapping code and asset files, routine title updates constantly result in file corruption, wiped graphic settings, or massive 80GB-plus downloads just to patch a hotfix for a game mode you might not even play. To make matters worse, the launcher frequently locks up, demanding a complete game restart for every minor playlist update or shader optimization pass. It creates a ridiculous double-boot cycle where you spend five to ten minutes just fighting through application restarts, menu reloads, and crashing launchers before you can step foot onto a multiplayer map.

Ultimately, the ecosystem felt less like a feature built for player convenience and more like a corporate scheme to artificially pad player ""engagement time"" and push storefront sales. The community pushback grew so toxic that developers eventually had to start uncoupling games from the bloated hub to let players launch them as standalone titles again. While the concept of a single Call of Duty app sounds fine on paper, the execution is a chaotic, space-hogging, menu-cluttered disaster. It remains a prime example of how bad corporate UI design can ruin the user experience before a game even starts.

2/10 — I launched the launcher so the launcher could restart itself, update its shaders, close itself down, and launch a second launcher to play a 20-minute match. An absolute UI nightmare.",False,0,0.31666666666666665,1784774736
231078899,it was such a waste of money it ridiculous if i could sue them I would because everything about this game is backwards. If you play hardcore you get hit markers with headshots using an AR but some one will one shot you halfway across the map with an SMG. Bloom practically ruined the game if i could upload a video of it i would but i cant upload videos in a review. I'd ask for a refund but Activision would ask me to pay $20 for a refund probably.,False,0,1541.5166666666667,1784757993
231074538,This game can be a bit crazy and you may encounter some cheaters but its worth it if you love shooting extremely fast!,True,0,3.1,1784753364
231072990,"I didn't think it was possible to loathe a video game company, but here we are. After playing with a friend the other day on my PlayStation we ran into an error where we couldn't unlink her WarZone account from my PSN account. Emails to customer service and support tickets were useless so I decided to install it on my pc (even though the file size is absurd). I should have read the comments here first because when I went to play the game...finally...I couldn't. TPM 2.0 Security and Secure Boot?! They want me to go into my BIOS settings to play a f*cking game. Activision is the dumbest thing I've ever seen.

DO YOURSELF A FAVOR AND JUST DON'T EVEN BOTHER INSTALLING THIS GAME",False,0,1.1666666666666667,1784751803
231070419,♥♥♥♥♥♥♥ cecurity boot i cant play game because tpm bad but i heave good tpm 2.0 secure boot on and icant play anything ♥♥♥♥ you creators,False,0,190.06666666666666,1784749301
231069884,I got killed so many times that i screamed which then made my nans right testical explode and now she is having surgery for her testicular cancer because of this game.,True,0,6.633333333333334,1784748792
231029925,"horrible game, keeps dcing me, game will do literally everything in its power to ensure you cannot play tthis game, it will also give you a horrible experience",False,0,8.666666666666666,1784699731
231027117,Yo chill on this secure boot & TPM ♥♥♥♥♥♥♥♥. I don't know enough about computers to even know what the ♥♥♥♥ any of that bs ais and I'm not taking the time out of my day to figure it out. No other game requires this and I don't get why some ♥♥♥♥♥♥ COD game needs me to play around with my computer just to play. Honestly so disapointed that this garbage won't even let me plat it.,False,0,21.65,1784695065
231023960,"game keeps crashing after every update highly unstable and not playable  servers need to be fixed
",False,0,2874.95,1784690370
231017730,"I like Black Ops 6 multiplayer and Warzone too but those goofy ahh skins make the game very childish, I've played BO2 on Xbox 360 and it was so good, but the movement and the gunplay is better in BO6, the game overall is ehh",False,0,75.88333333333334,1784681802
231012082,"Spent 3 hrs trying to update BIOS just for the game to say it's still not able to play it, don't bother wasting your time like I did.",False,0,8.316666666666666,1784674388
231005795,"I used to love playing mw2 a few years back. I was on console and had a great time with my friend.
now it's just movement slop. Sweats are everywhere i go and i can't even understand where tf they're sliding to. Now that every single movement action can be done in any direction (omni-movement), the game is absolutely horrible, all because of the players that call themselves ""movement demons"". BUT THEY'RE PROBLABLY SOME FAT DUDE PLAYING 24/7. Mw4 looks promising, especially with omni-movement getting removed. I'm looking forward to that, but for now, I ABSOLUTELY CANNOT RECCOMEND THIS GAME. (for people saying ""skill issue"", i used to have 1200 hours on mw2)",False,0,48.4,1784667520
231001936,"Greatest call of duty over the last 15 years. 
Campaign is trash but the mp and zombies is the best ever.
NO SBMM, no tactical sprint, no ♥♥♥♥♥♥♥ maps, just call of duty like BO2 but better.",True,0,43.15,1784663672
230999409,"Although some parts of the game throuought the years was good and other bad, it now asks me to update my bios, no game should ask me to update my bios to play, but I try to give the benefice of the doubt, and then my manufacturer asks me to modify the UFI to update the bios, which I dont even know if its the right update they want. No game is whorth the hassle.",False,0,177.46666666666667,1784661387
230994393,"Despite the many cheaters who play it, it remains one of the best games in its category.",True,0,650.55,1784656656
230991817,"Can not even play the game because of the bios ♥♥♥♥♥♥♥♥.
Do not buy this game or any COD in the future trust me.",False,0,627.45,1784654137
230983466,"First you download a 140 GB lowreadabilty launcher, then you need to log into an activiation account that requires a phonenumber, then you get access to said launcher only to realize that it is a lauchner and bite the bullet and go download warzone bc you wanna try it out, only to then be told that you do not have the required ""boot launch sequence"". I miss the old day when you popped a dosc into a playstation and just played with friends",False,0,0.35,1784646234
230965114,"game is just ♥♥♥♥, aint fixed the cheating problem and they have had over 4 years to fix it",False,0,677.4166666666666,1784624389
230954985,I cant stand the whole secure boot / tpm required to play ranked. I sorta gave up with it which i didnt mind but now I am only lock to one game mode which is 10v10 nuke town... are we serious. I truly do not understand why they would do this to attempt to minimize hackers but all they did was encourage a huge part of their fan base not to play. I will not be buying the next cod.,False,0,265.46666666666664,1784607701
230950092,dont get me wrong i like the game but having to to all this bios stuff and safe boot just to play feels so stupid,False,0,8.866666666666667,1784600992
230933446,"Game is built around manipulative tactics that involve adjusting damage values or health to incentivize buying weapons from the shop. They have public patents that support this. The only thing worth it is Zombies but honestly you'll get a better experience playing Custom Zombies in Black Ops 3 or World at War. Their support is also terrible where you will wait days between responses and all they will be are templates. Additionally, you can get banned for unknown reasons and never get a response as to why,",False,0,441.1166666666667,1784580639
230923676,"I REALLY shouldn't have to update my motherboard for this, I tried doing that once before and I had to get access to a recovery key. I AM NOT ever gonna update my bios unless its done by a professional, and I AM CERTAINLY not updating my bios for Call of Duty. Please fix this or I am never playing this game again.",False,0,3.783333333333333,1784571393
230922365,"Finally got into PC gaming, I went to go play some Warzone. I get an error stating Failed Attestation, yet Activision's own COD Attestation Wizard reports my system is compliant. Apparently, this is just a thing that happens to some people, and its really annoying. Nothing I could do online fixed the issue. Fix your game, Activision.",False,0,0.5666666666666667,1784570066
230917955,it's just an inflated launcher for all of the other call of duty games i don't know why they thought this was a good idea to take up 100s of gigs on an SSD between this and the game itself,False,0,252.98333333333332,1784565883
230917265,"long respawn times, switching out games i like (gun game), pre game sucks.  I rather you jump right into action.  its not fun to watch other people play.  its a waste of my time.  one minute respawn times and then after a couple of deaths you go into spectate.  not fun at all.  the only game i did enjoy was a gun game on war zone.  that's the kind of games i like.  respawn right away and you don't loose your gun when you die.  i will give call of duty a few more chances but if nothing changes i am going to uninstall the game",False,0,24.433333333333334,1784565219
230892693,"This game is absolute ♥♥♥♥♥♥♥ :) Don't waste your time, literally go play anything else.",False,0,1.0833333333333333,1784535955
230884649,"its just not fun anymore, they just keep adding ♥♥♥♥, none of it makes sense, the campaign is terrible, warzone is cheeks. none of it is good.",False,0,152.65,1784522132
230879407,the game actually sucks bo7 is so bad it lies to me and everything in hardcore its one shot but the game wants to give me hit markers and no one shot kill this game is awful,False,0,66.7,1784514483
230877823,its a fun good game with lots of good guns and camos and also its fun to play with friends and you will get used to being mad and happy and just have fun,True,0,108.4,1784512219
230872326,"They're lucky they brainwashed me when i was young during the ""golden era"" otherwise I wouldnt buy this crack. But alas they strike yet again. Its CoD you atp know theyre the worst and most diabolical when it comes to getting every dollar out of every crack possible in youre wallet. Would I tell someone to buy CoD...never. Yet i play it.",False,0,96.25,1784504887
230871809,I have played for many hours across several versions of this game over a long period of time now--what else can I say? You may get bored with it but if you know you know (:,True,0,1010.65,1784504294
230865595,Have owned for a while now and have almost never been able to play due to requiring many huge updates which take a long time to download. The total amount of hard drive space used by the game is crazy too. The game is reasonable but brings little new content to be excited about over previous versions.,False,0,4.933333333333334,1784496116
230859756,NO it wont even let me play warzone or bo7 battle royal nor anything else exept from casual battle royal and dmz beta. can even play mw2 multiplayer,False,0,50.766666666666666,1784489662
230859171,"full of cheaters, pretty fun but 170gigs is crazy",True,0,7.666666666666667,1784489105
230829918,Imagine downloading or paying for game and getting bitchslapped by braindead devs for not updating your BIOS.,False,0,0.16666666666666666,1784462654
230816848,"Started up the game, loaded into resurgence, landed, got slimed, respawned and landed again, got exploded. 
best game oat 10/10 would play again",False,0,141.21666666666667,1784446907
230798284,"I have an account with this company that I have spent HUNDREDS of dollars on. I can no longer play ANY COD on my PC due to this bullsh!t BIOS update. I have spent the last 2 days recoding and updating everything and it still will not allow me to play. This is a complete FU to their entire customer base. What a joke. I cannot even comprehend the level of stupidity it takes to run a gaming company the way Activision does. It should be illegal to lock people out of games they have PAID FOR MULTIPLE TIMES. I have played COD games for the last 15 years but they will never receive another dollar from me. F*CK this company, play literally anything else.... if you even have the luxury of still owning it!",False,0,50.28333333333333,1784421869
230795663,worst game and comapny I have ever had to use. Won't even let nme play their ♥♥♥♥♥♥ ghame i hate them do not waste your time unless you want to spend 10 hours figuring out how to update you rbios,False,0,28.833333333333332,1784418390
230773687,"A lot of reviews complain how much space Warzone takes up. If you go to properties for the game, click DLC, you can uninstall the Call of Duty Free trial and Call of duty Warzone, and keep  Call of Duty Warzone 2025 installed. 

Your welcome...",True,0,2.75,1784396627
230767298,"The Game is ♥♥♥♥, its shows errors while launching, and you wtf you need to download 135gb just for the launcher and the game was'nt even installed, absolute trash company.",False,1,8.266666666666667,1784390946
230763663,"Really enjoying this game so far. Mobility feels great, graphics are solid, and the gameplay itself is a lot of fun. The only real downside is the hackers, they completely ruin the experience when they join the lobby. Still a strong recommendation overall, and I'm really looking forward to MW4 this October.",True,0,512.7833333333333,1784387735
230763038,"too much hackers on this game and devs dont do much too get them banned, otherwise its not a bad game
",True,0,491.48333333333335,1784387196
230756969,playing Warzone the cheaters are everywhere ruining it for everyone and the sad thing is most are popular streamers.,False,0,383.76666666666665,1784381634
230754476,"New interface is confusing. I just want to play, not navigate loads of different screens.",False,0,59.56666666666667,1784379087
230745662,"As a new COD bo(7) player, I think it is a good game with a lot of depth. Now if you are thinking of buying this game to play with a sniper or a shotgun, then please don't. That is pretty gay ngl. I know my brothers had to update their bios though. This could be really annoying the first time, but it is actually very ez.",True,0,54.9,1784368574
230739079,Bardzo szybka dynamiczna rozgrywka wszystko jest czytelne szybkie w obsłudze bardzo fajnie się strzela polecam,True,0,11.2,1784359674
230737186,"TPM and secure boot has made this game a single player experience. I have everything updated, reinstalled, windows and the game, reset everything multiple times, the app says I am good to play but game still applies status making matchmaking impossible. 

Its the end of the COD era for me.",False,0,2232.133333333333,1784356967
230731195,when i say do not i mean DO NOT purchase or ever play this game once i started playing this game i thought it was pretty fun at first then i started to take the game a bit serious and hop into ranked. Once i loaded into a ranked game i walked into a building to see a whole team sitting in one damn corner like the ♥♥♥♥♥♥♥ bomb squad tryna disarm a live bomb and then i was back in the lobby 1 second later NEVER PLAY THIS ♥♥♥♥♥♥♥ GAME EVER,False,0,917.65,1784348637
230729983,"Very fun zombies, and very fun multiplayer. Stay away from campaign though.",True,0,47.28333333333333,1784347008
230719353,"entertaining and fun to play i had so much fun playing this game, also stress reliever",True,0,304.76666666666665,1784333268
230715461,"I mostly play the Warzone casual part, so I can only speak for that. I have met great great friends in there that I wouldn’t want to change. The game is good fun, but after some time, I start getting a bit bored. If you want new operators you have to buy them for real money, everything is almost real money you have to spent, which is kind of sad in my opinion. Anyways, the graphics are good, I love there are a lot of places you can crawl into to sneak up on the enemy. In general are people friendly in there, that is atleast my experience. The game does seem to always have some sort of bugs 😆 either it’s the voicechat, a grapplehook glitch, a wallglitch or so on, but nothing that makes it unplayable.",True,0,663.4666666666667,1784328602
230711227,"I would love to reccommend this game to those of the pride community. This is because i hopped into a singular game of SOLO Resurgence. Once i dropped Living Quaters, i was bummed by four guys. i feel many of such community would find great joy in that scenario.",True,0,31.666666666666668,1784324069
230709606,It is a very good game if you like getting asualted by a guy sliding and sprinting while shooting you with an smg. so many hackers game so bad they should give you money to play it.,False,0,91.9,1784322526
230696102,"Being told that you need to update your motherboard BIOS just to launch it should not be new thing in gaming universe , average person not going know how to do this and to me such shady thing to do , never recommend call of duty zombies ever again.",False,0,282.15,1784309817
230691094,"I don't like how all the new Call of Duty games are in one game hub, I just wish they were separate.

Warzone - This was my first COD experience, it was pretty good especially since it was free, out of all the competitive games I have ever played this is the best.

MW3 - This is probably my most played COD game, it had a really good multiplayer, zombies, and campaign, considering I haven't played many other games. 

BO6 - This COD game was honestly the worst of all time, I haven't played the new BO7 but that is probably worse since the games keep getting worse after each one.",True,1,410.0,1784305036
230675285,"buggiest game ive played, losing part of my soul just starting out. Would reccomend
",True,0,14.5,1784289198
230668672,"worst game ive ever played how does it get worse every time you make an new one? i go to causals to camo grind and end up having to play like its ranked with metas. it's so annoying we need a mode with just me and 50 bots. and no im not ahh im iri ranked. ts game is so easy but you have to sweat and fight 50 boyfriends grabbing dih each gamer. please fix this and maybe your player base will come back?
",False,0,285.1166666666667,1784280724
230650874,"Everything but multiplayer is pretty good. Multiplayer is ♥♥♥♥♥♥♥ ASS because WHY does a troglodyte with a double kill get the play of the game replay when i got a tripple melee run? ♥♥♥♥ ass game get me hyped every time cause Im playing out my mind just to see the highlight go to a mfker looking on the floor and hitting toes to get a free double. Fk you activision.

P.S. The reason games used to have an ""Adult"" rating wasnt to keep your ♥♥♥♥ ass stupid kids safe. It was to keep the ♥♥♥♥♥♥♥ games free of Squeakers and actual decrepid souless ""children"" that you all failed to raise. For the love of ♥♥♥♥ kids should've never touched the internet ♥♥♥♥ is unplayable in ""random"" matchmaking. Modern online gaming is having to deal with kids whose parents were too lazy to raise and gave them a ♥♥♥♥♥♥♥ ipad instead so I have to babysit a retarded ""child"" that cant even ♥♥♥♥♥♥♥ read in a 20 round zombies game. Suck my ♥♥♥♥ activision.",True,0,37.083333333333336,1784254925
230650723,this game crashes every other game so if you dont want to have a mental break down dont buy it,False,0,50.81666666666667,1784254724
230649757,all my teammates took slugs to the brain and theres always 3 ♥♥♥♥ holding ♥♥♥♥♥♥♥♥ sitting in a corner jerking each other off,False,0,34.21666666666667,1784253406
230649410,This game is ♥♥♥♥ and gives me an error message every time I try to play and limits me to one game mode even though I've tried everything to fix it.,False,0,226.68333333333334,1784252977
230638807,"Terrible time and horrible experiences getting ♥♥♥♥ on by 12 year olds, but those few times where you get on Rebirth with your friends or grind the new game cause of the hype you keep seeing on your socials is worth every second of pain. Would I recommend this game? Yes. Do I think you should try it for the first time? no. If you've playing call of duty before its worth a shot to hop back on the new games with your old friends and relive some memories.",True,0,67.23333333333333,1784239969
230635144,im gonna tweak ive deleted and redownloaded ive done everything and i get getting a networking popup everytime i try to load in and it doesnt go away and when i do get in every player is a sweat that probably has not gotten off in 72 hours and overall the game is just slow and laggy and i have a good pc and good wifi,False,0,25.816666666666666,1784236157
230632309,Got it for zombies and multiplayer till in zombies there is barely anyone doing the easter egg anymore and multiplayer is filled with such high leveled players that I went three matches of roughly 3/70 with so many scorestreaks in the air and ground that I just gave up 5 minutes in.,False,0,295.3666666666667,1784233433
230630614,"the graphics are pretty good but they literally don't load just because I have downloaded it in another drive. Just so you know, there's no tutorial, you just have to be good at the game",False,0,16.933333333333334,1784231884
230612013,"""I can roll in avalon a little longer"" said by no one ever besides the dev team, AI sounding script and honestly uninspired don't bother",False,0,56.56666666666667,1784214905
230600958,horrible game wont even let me play says bios out of date when i did every step correct tpm2 enabled with secure boot enabled and newest correct bios firmware. Dont waste ur time COD is run by absolute numptys,False,0,36.96666666666667,1784203753
230593637,"its good but i would prefer better optimization for ultra wide monitors such as the 49 inch G9 from Samsung. maybe i just need a stronger gpu (msi lightning would be amazing - i love msi)

very nice game ",True,0,98.0,1784194210
230585254,"umm 245 hours, 400 hours on the Xbox, 130 hours on the playstation, 700hours on the blizzard account and still I would not recommend to install this game, You download it thinking you will hop on to the game but you just downloaded the 120gb launcher menu, you need to download another 80gb, then restart the launcher because when downloaded they forgot to give you the updated one then open the launcher wait for the menus to connect see an error verify the integrity files wait for 1hour more despite downloading it, launch the menu see the shader cache sitting at 0% for a long ass time, restart, same wait for the shaders to compiling really slow like you grandma moving her ass from downstairs dinning hall to 3rd floor bedroom on her own then get matched against the best warzone heros with best gaming chair ever built on this entire planet and a sitmulated monkey jumps, slides, slidecancels, and will kill you like flash and superman level speed.",True,0,245.01666666666668,1784181041
230581239,"If you like third partys, tm8s holding hands, or streamers using vpns and recoil scripts then this game is for you.",False,0,246.86666666666667,1784174715
230574233,horrible game wont even let me play says bios out of date when i did every step correct tpm2 enabled with secure boot enabled and newest correct bios firmware. Dont waste ur time COD is run by idiots,False,0,22.066666666666666,1784164908
230569417,game never loads correctly. IT is laggy and expensive,False,0,393.43333333333334,1784158789
230566045,just downloaded the game and im only aloud to play casual because of some failed thing and i literally just installed the game and call of duty is not worth me spending hours to figure it out and the videos i watched says i got to get a USB and download stuff just to play the game I AM NOT DOING THAT call of duty is not worth the hastle if i download a game i expect to be able to play it not follow youtube videos and download multiple things for it to MAYBE work just to play the core game modes,False,0,6.133333333333334,1784154635
230565403,cheaters everywhere. Nothing done about it. Dying to a cheater means you dont even get the SR back in ranked anymore. Pointless playing it.,False,0,995.35,1784153848
230545892,"I loved COD 6 but now,,,, way too many cheaters. Their AI ""Chat Spies"" incorrectly chat-banned (2wks) me because they thought I said something I absolutely didn't and I can prove it... They don't care. Meanwhile if you play earlier and when the cheaters are still sleeping or in school, its a GREAT GAME. Just don't say much as their ""community guidelines monitoring system"" is a total mess.",True,0,19.066666666666666,1784134540
230532819,Its a great game if you want a fast paced fps shooter sometimes you have more than enough time to think sometime you just run in an shoot but other than that its a normal shooter  and  FYIII if you play r6 dont play this it will ruin this game or r6 for you,True,0,1490.15,1784122923
230531713,"very bad game, everything ruined from mw3,still playable though, hope mw4 is better.",False,0,22.883333333333333,1784121857
230531656,"I have never struggled so much with a download of a game... so many steps and different file downloads till you can actually play. Day 3 of downloading and trying to play, still havent figured itout lol. Just play a different game honestly.",False,0,9.216666666666667,1784121811
230518750,How tf warzone is bloated af??? what is this install size?? even bf able to achieve more gamemodes with 1/3 download size,False,0,17.25,1784107117
230512028,"♥♥♥♥♥♥♥ horrible game, i updated my bios and its still giving me bios issues, fix your ♥♥♥♥♥♥♥ game",False,0,66.15,1784097248
230510969,"The file size of this is out of control. I don't know what it is, but warzone doesn't hit the way it used to back in 2020.",False,0,4.483333333333333,1784095597
230507138,"Not really worth the $70. Sure, it was fun at first, as most games would be, in my opinion the only good content in this game was zombies. Though what would really be nice is a game optimization! Although I do realize asking so little of a Microsoft product to reduce a 200gb+ game is like asking my dead grandma to resurrect from her cremated remains in her grave. Played for a while, felt like a corpo slop-fest after a while. 0/10, will never play again.",False,0,125.83333333333333,1784090041
230505731,"I have more than 7000 hours of game (out of steam), but still getting fcked by the kids who hands are covered in sweat bro. I love the game btw",False,0,800.3666666666667,1784088123
230497734,"a terrible and free, widely accessible microtransaction filled game with an overwhelming amount of mentally ill / chronically online individuals with headsets that are enamored by feeling tough online because it's the only place they can feel good in their life or get any social interaction. this game continues to get ruined by people who enjoy spending $20 on dragon skin operators and the game has lost all self control and identity. everything I said above is the game's identity and there's nothing more to it really that's epitome of COD. it's a social outlet for 99% of the player base at this point that validates the weakest of humanity within the gaming community",False,0,6.15,1784077412
230488232,by far the worst game I have ever played. not a single person I know actually likes this game. the game mechanics change with every kill. how are you going to play hard core and get headshot hit markers. If you are on the edge of buying this game. Please save your money and sanity cuz this game is actually ass.,False,0,51.88333333333333,1784066022
230487637,nice game and you get a sense of accomplishment when you win a game really fun,True,0,53.583333333333336,1784065400
230458989,"多人模式中无终止的黑队外挂泛滥成灾，导致一些只想休闲的玩家几乎没有游戏体验，这让我玩的很累，如果你是一名游戏水平没有那么顶尖的玩家，又喜欢玩多人对战模式，我劝你考虑再三再入手使命召唤黑色行动7这款游戏。
In multiplayer mode, organized spawn-trapping squads are running rampant, making the game practically unplayable for casual players who just want to chill. It’s mentally exhausting. If you're not a top-tier player but still enjoy PvP, I'd strongly advise you to think twice before picking up Call of Duty: Black Ops 7.",False,0,435.2,1784038691
230454953,the game is meh but fun in a way also the updates are insane like wdym 50gb for one singular update like r we serious,True,0,5.833333333333333,1784034952
230436315,the utmost fuxking gatbage game ive ever played in my 20 years gaming. the devs should be ashamed. resign instanly ♥♥♥♥♥♥♥ idiots. ALL THE HATE YOU GET IS DESERVED 100 PERCENT i hope you lot of ♥♥♥♥ wits go bankrupt.,False,0,26.883333333333333,1784010951
230432178,game is great except that they refuse to fix a glitch that puts top tier ranked players in a lobby with you when your playing casuals. fair warning,False,0,330.85,1784004615
230431036,"Completely lost the plot!! I enjoyed playing the entire COD franchise growing up, but now it is just complete and udder garbage. COD zombies used to actually take real skill to play. Do not even get me started on the zombie campaign. Do not waste your money on this game. I refused to even play the campaign or multiplayer. Do not waste your money.",False,0,8.3,1784002927
230424704,horrible game runs in backround eats ram and trashest game evrer bad oiptiumnization and horrible accoiunt management,False,0,7.833333333333333,1783994495
230422593,"Good game, its awkward for one game to be bad and the next decent and so on... But I can admit its good when everything else boring and/or you just want to turn your brain off n etc. I DO RECOMMEND to most casual to comp players. I DONT RECOMMEND if your over 25 y/o and unc and and cant compete anymore and or move too slow, or just looking for long term non repetitive fun. (Lets all hope mw4 is acually good)",True,0,729.2,1783991920
230414477,"Why do I need to open a slow app, to get another game to launch. Makes 0 sense. So slow like that.",False,0,9.05,1783981900
230409404,♥♥♥♥♥ up with you and makes you a entirely different person and makes you mentally insane you will forget who you are and start using slurs like its nothing do not ♥♥♥♥♥♥♥ install this game for your own sake or you will end up like us,False,0,62.4,1783976716
230408212,"This games latest update, RUINED by first beer of the weekend. Meaning for once i was sober. 

Disapointing 0/10",False,0,12.4,1783975571
230406150,these stupid match are unfair like nuketown 24/7 the team and fair and just get ♥♥♥♥♥♥ for solid game,False,0,37.13333333333333,1783973643
230405129,this game gave me aids now im on my death bed cuz sum french baguette eating ♥♥♥♥♥♥♥ decided to call me a n word,False,0,17.766666666666666,1783972700
230389658,At this point the game is trash canty play it without spending hours downloading new bios and stuff even after doing so it still doesnt work even reset my entire pc just for this trashy game to not work.,False,0,8.716666666666667,1783957767
230387952,"dont install this ♥♥♥♥♥♥♥ gayshit ,after install of 200 GB+ it stuck at loading playerstats",False,0,183.08333333333334,1783956257
230372652,So much bs monetization. They even add overpowered Weapons into level 20 of Battlepass so the people paying get better Weapons first. Its insane if you think about it. And much more bs. Oh and than the Bubblegums all pay to win again..... oh and how about the cheaters? in a fullprice game? yeah f off craptivision.,False,0,100.78333333333333,1783940870
230357854,in loading screen to pick the game my warzone is stuck at 1%,False,0,31.366666666666667,1783920290
230357622,"keeps crashing and keeps validating, game sucks balls",False,0,47.85,1783919949
230354810,"Played occasionally on Bo6, using this as a ""middle-ground"" launcher. Now since Bo7, I have to completely reinstall Bo6 as a standalone because it won't let me play it now and forces me to install it standalone. Waste of time. At least I don't have to rebuy bo6, but a terrible way of going about a central launch system.",False,0,171.5,1783915781
230349193,Actually the worst game i've ever played. Yet I keep playing it. Don't waste your time with this trashass game.,False,0,87.55,1783908441
230341838,"stupid ass game doesnt ♥♥♥♥♥♥♥ work. spent 2 hours working on a zombies easter egg just for it to crash and i lose all of my progress, as well as the gobblegums i spent on it. worthless devs cant make the game even function, let alone make a campaign worth playing. i have validated the files time and time again, updated to multiple versions of drivers, but no matter what this game crashes constantly.",False,0,853.2,1783899632
230340371,I would really like to enjoy this game but sadly it's straight cheeks and is mostly irredeemeable.,False,0,8.083333333333334,1783898005
230329463,"👍 Recommended? Yes, because apparently uninstalling it is physically impossible.

Every year I tell myself,

""I'm skipping Call of Duty this time.""

Every year I'm somehow back.

The gameplay is smoother than ever.

The movement feels incredible.

The gunplay is satisfying.

Unfortunately everyone else has already memorized every angle, jump spot, head glitch, spawn location, and the exact coordinates of where my confidence disappears.

Skill-Based Matchmaking deserves an award.

Specifically for emotional damage.

One game I feel like an action movie hero.

The next I'm participating as background scenery for someone else's montage.

The lobbies remain timeless.

People who haven't spoken all game suddenly discover their microphones after the final killcam to provide constructive life advice to everyone involved.

The camo grind starts as a fun side objective.

Three weeks later you're using a weapon that feels like it was assembled from leftover plumbing because you need 25 hip-fire double kills while crouching during a leap year.

And somehow...

I'm still having fun.

Every.

Single.

Year.

10/10.

See you on launch day.",True,0,24.183333333333334,1783887772
230329043,havent played in about a year an half an im sooooo glad i havent wasted any more time on this game than i had too after downloading it today and retrying it... 1 hour later reuninstalled it. absolute garbage!,False,0,134.91666666666666,1783887419
230328250,"Waited an hour for it to download, when it did i tried 30 mins to create an account with no sucsess. It asked for all of my personal information and at the end I still couldnt play it.",False,0,0.21666666666666667,1783886801
230326608,"Ive been playing CoD for years, but with this Season 4 update with attestation test im done. Ive got a newer pc, has the latest bios update and ive tried several different methods online about how to fix the failed attestation test (minus completely reinstalling windows which im not doing for a game that might not work anyways) and none of them fixed it. Unfortunately, i bought the black cell pass before finding out about the test so im only playing until i finish the pass but i wont be around for season 5. There are plenty of other shooter games out there worth playing, not wasting anymore time on a game that just recycles content yet somehow still manages to have bugs and issues",False,0,504.8833333333333,1783885487
230317927,Love the game atmospehere and overall. just dont like sudden updates of GBs,True,0,79.98333333333333,1783878622
230291297,I love in this game the character speed and smooth recoil compare to other online shooting games.,True,0,60.35,1783856949
230279483,"I play on my Legion Go 2. Sometimes in handheld mode, sometimes in desktop mode hooked to a 5070 ti. both used to run exceptionally well. but recently, it keeps saying i failed to pass the security or whatever and now im put in restricted mode. i cant play multiplayer at all. i did everything, i checked all my UEFI TPM and secure boot is on and up to date. all my drivers up to date. deleted and reinstalled the game. ive done everything i can,. and still doesnt work. i give up. i loved this game but i cant do nothing about it. i hope they fix it soon. Secure Attestation is a dmb ahh thing thats bugged out. ruined the game, time to go to battlefield ig
",False,0,144.11666666666667,1783843848
230269570,"fun sometimes but storage is wayy to big and bloated, if i could just download warzone it would be positive",False,0,37.5,1783831374
230257761,I used to play Warzone on my Xbox a few years ago. Now I play on my pc and it's a shame that the game is so buggy because it's really fun and addictive.,False,0,34.63333333333333,1783816912
231703358,The og rebirth will unfortunately never be topped. But the game is aight....,True,0,57.43333333333333,1785453379
230291076,Not really a gaming person but this games graphics and feature are really amazing.,True,2,10.65,1783856746
230354209,Really fun people doing the spinna wheelies around me its funny great game,True,0,36.516666666666666,1783914944
231484190,"They  will never ban the cheaters. They want the skin revenue from all the losers who would rather cheat. Microsoft is run by a ✡️. Activision is run by a ✡️. The devs of each cod studio are now exclusively DEI, Trans, or Female. That's why they only release new skins, and ""remastered"" maps (map designed by men, colored on by ♥♥♥♥♥♥♥). This game is absolute trash and if you buy it, you will be disappointed. You won't get chat banned for saying the N word hard R, but saying ♥♥♥♥♥♥ gets you immediately flagged by in game voice monitoring - 14 day ban. No studio with men (real men, not gay men) would ever allow the freedom of speech in a WAR GAME, RATED M FOR MATURE, to be censored. Especially for the rainbow ✡️ agenda. Christ is King. Cod is Trash. GG im out for good.",False,1,4456.266666666666,1785205155
230689602,"switched from battlenet to steam as i want to own all my games via steam, only a loss of about 10fps. So if your reading the review section or anything online saying the peformance is worse, it isnt.. they just have a poo or unoptimised system.

- EDIT I TAKE MY WORDS BACK, THE INPUT LAG IS HORRIBLE ON STEAM.",True,2,7.966666666666667,1784303631
230813923,Warzone is the standard. People that don't have fun with this game aren't much fun at parties either.,True,0,33.86666666666667,1784442793
232530512,this  trash is for 12 year old ♥♥♥♥♥♥♥ on adderall that have nothing better to do all day than to play video games all day,False,0,6.85,1786392619
232190897,"Call of Duty has been one of my favorite video game franchises for as long as I can remember. I've been playing since the very first Call of Duty was released, and it's been amazing to watch the series evolve over the years. From the classic World War II campaigns to the fast-paced modern and futuristic titles, every game has given me unforgettable memories. Whether I was playing through the story, teaming up with friends in multiplayer, or challenging myself in different game modes, Call of Duty has always been my go-to game.

What I love most about Call of Duty is how it continues to bring excitement with every new release while still keeping the core gameplay that made me fall in love with it in the first place. The competitive action, the teamwork, and the thrill of improving my skills are what keep me coming back year after year. After playing the franchise for so many years, it's more than just a game to me—it's a hobby that has created lasting memories and connected me with friends from around the world. No matter how many games I play, Call of Duty will always have a special place as my all-time favorite series.
",True,0,121.48333333333333,1786023614
232185436,meta pick all the time aim assit boosted if you want a game with cheat already enable for controller go tips for pc use cheat to counter aim bot controller,False,0,333.85,1786017599
232060018,this is game is really good good graphics good gameplay and good cosmetics.,True,0,12.533333333333333,1785866687
231405281,the grafics are very good and it is so realistic,True,0,10.35,1785114579
231337201,"the best game ever in my life because COD is everything to me and my family, we need it to survive.",True,0,10.083333333333334,1785047008
231326030,Very fun and fast shooters ! Great graphics. 10/10,True,0,74.3,1785032746
231305101,I absolutely refuse to attempt to enable secure boot and potentially brick my pc just for a game I don't even know I'll like.,False,0,0.26666666666666666,1785009134
231259059,Very good graphics and quality but mostly recommend for high end pcs very fun and mostly skill based.,True,0,3.1,1784961451
230897278,"[b]Recommended[/b]

[hr][/hr]

Call of Duty continues to deliver some of the smoothest gunplay in the FPS genre. The movement feels responsive, the weapons are satisfying, and matches are easy to jump into whether you're playing solo or with friends.

[b]Pros:[/b]
• Fast-paced and polished gameplay.
• Great weapon variety and customization.
• Fun multiplayer and plenty of replay value.

[b]Cons:[/b]
• Huge download size.
• Frequent updates.
• Battle passes and cosmetic microtransactions can be overwhelming.
• Matchmaking can feel inconsistent.

[hr][/hr]

[b]Overall:[/b] If you enjoy competitive shooters, Call of Duty is still one of the best options available. It has its flaws, but the core gameplay keeps bringing players back.
",True,0,24.45,1784542818
230801159,"this is the game that started it all. I started to play this game on my father's ps4 when i was two! To see what is has become now brings tears to a gamer's eyes. Download NOW!
",True,0,4.433333333333334,1784425586
230737979,"Yes yes, you love CBT and getting absolutely shredded by every other person in the lobby when you start? Very good this game is for you. There is a insane skill gap and until you grind your guns to get loadouts, jesus bro your guys are all hella sweaty like yall guns do more damage to me crazy 

well its a good game to learn transitioning from cs2 or valorant to this type of game is hard",True,0,8.6,1784358159
230336941,best game ever in my opinion should you get it yes of course free to play and cool guns and camos,True,0,351.8666666666667,1783894434
232186135,DO NOT PLAY TS IT! asks for TPM 2.0 and secure boot thats easy but then it asked me for a bios update which needs a usb which i dont have. this is just pure bs also if you dont update your bios you can only play battle royale casuals,False,1,24.15,1786018500
232070254,intall 283.93gb to play for 25 hours hop on restart he game cuz it says so then die on havens hollow to a temintor skin and unittall,True,1,25.083333333333332,1785876562
232019518,"""Attestation Requisite not met"".

⚠️ BIOS Firmware Update Required
✅ TPM 2.0 - (Meets requirements)
✅ Secure Boot - (Meets requirements)

Refunded MW4 Vault Edition.

At the bottom of Gigabytes B450M's BIOS download page it gives the following warning: 

⚠️ "" Warning:
Because BIOS flashing is potentially risky, if you do not encounter problems using the current version of BIOS, it is recommended that you not flash the BIOS. To flash the BIOS, do it with caution. Inadequate BIOS flashing may result in system malfunction.""

The fact that Call of Duty had the nerve to provide a tutorial on how to flash your BIOS, and admitted in the tutorial that you would also have to do research and purchase a USB with a minimum of 8GB to begin the process is wild.

This level of friction before playing a game is unimaginable, I skipped B07 and will happily discontinue playing this franchise until this is fixed.

For reference, I was able to play all of the new Call of Duty titles including B06 just fine (I didn't bother with B07).
",False,1,798.4166666666666,1785819441
231860764,"Call of Duty: Warzone is a fast-paced, high-stakes battle royale that serves as a cornerstone of the competitive FPS market, heavily prioritizing twitch reflexes and complex movement mechanics. 

Pros
* Free-to-play model offers complete access to the premier battle royale experience without any upfront cost.
* Hyper-polished, ultra-fast movement mechanics like sliding, sprinting, and mounting that feel highly fluid and responsive.
* Massive variety of rotatable casual modes, limited-time community events, and smaller resurgence maps to break up the pacing.
* The Gunsmith system allows for incredibly granular weapon custom modifications to suit highly specific playstyles.
* Massive global player base ensures rapid matchmaking queue times across all hours of the day. 

Cons
* Stiff learning curve heavily dominated by veteran players utilizing aggressive, hyper-fast movement mechanics.
* Infuriatingly bloated file size requires massive amounts of hard drive space and constant, heavy updates.
* Pervasive issues with cheaters and hackers continue to plague public matchmaking lobbies.
* Aggressive in-game monetization, intrusive cosmetic advertisements, and rapid weapon meta shifts force constant level grinding.
* Heavy visual clutter and over-the-top, collaborative pop-culture player skins break the game's tactical realism. 

Call of Duty: Warzone vs. Battlefield 6 Free Version (REDSEC)
* Destruction and Campers: Warzone features static building environments with fixed cover, restricting options against building campers to risky stairs pushes or window jumps; Battlefield 6's free mode (REDSEC) features full tactical destruction, allowing players to explode new sightlines or completely collapse structures to clear out camping teams. 
* Combat and Vehicles: Warzone focuses heavily on tight, infantry-driven gunfights while maintaining strict restraints on vehicle power; REDSEC delivers chaotic, large-scale combined arms warfare, actively incorporating high-tier armored tanks, naval ships, and combat helicopters directly into the survival loop.
* Game Modes and Sandbox: Warzone centers its free framework primarily around traditional Battle Royale and Resurgence variants; REDSEC expands its free offering by packaging its Battle Royale alongside Gauntlet (a knockout-style mission mode) and providing free, unlimited access to the Portal creation sandbox. 
* Movement and Pacing: Warzone favors arcade-style twitch reflexes, aggressive sliding, and hyper-mobile solo maneuverability; REDSEC relies on a slightly more methodical, squad-oriented layout tied to functional character class roles. 
* Matchmaking and Server Performance: Warzone enjoys incredibly stable, lightning-fast queue times due to its gargantuan community size; REDSEC offers a visually breathtaking experience but can suffer from live-service desync and fluctuating regional player populations depending on the peak hours.",True,1,61.36666666666667,1785634707
231840933,"denna ♥♥♥♥♥♥♥ game krashar varenda gång jag försöker ens ha lite kul men såklart så krashar jag det är så brutalt jag kan inte spela längre jag är bara fast av att gå in i spelet och sen krasha sen samma sak igen och igen tills det en dag kanske funkar men den dära dagen är när solen exploderar

testade en gång till samma grej jag hoppas att det blir bättre får hålla tummarna ",False,0,58.416666666666664,1785612252
232545001,i grinned for the fallout skin and then stopped playing i think that says it all but  i played it on geforce now because activision hates linux and its anti cheat will not let me even with proton so 5/10,False,1,4.4,1786408218
231502908,"Call of Duty: Warzone is, without a doubt, the ultimate online shooter experience. The gameplay mechanics are fast-paced, fluid, and brilliantly executed, driving massive tactical engagement. With a diverse range of game modes, it constantly keeps the action fresh. The difficulty curve is relentless—there is simply no place to hide or camp, especially with the constant threat of the UAV forcing dynamic, aggressive engagements. Furthermore, the extensive variety of weapons and operator customizations empowers players to master multiple playstyles. It stands unmatched as the most powerful, exhilarating first-person shooter on the market.",True,0,1132.7166666666667,1785232788
230488830,"Call of Duty – The Philosophical Tragedy of a Player Who Never Learned to Quit

There are games you simply play.

You start them, you have some fun, maybe you win, maybe you lose, and then you close them.

And then there is Call of Duty.

Call of Duty is not just a game. It is an emotional journey. A digital battlefield where dreams are created, destroyed, and questioned. It is a place where confidence can disappear in seconds, where victories feel legendary, and where defeats feel like a personal attack from the universe itself.

It is a game that can make you feel like the greatest player alive one moment and make you question every decision you have ever made the next.

Call of Duty is not only about weapons, kills, and winning.

It is about patience.

It is about frustration.

It is about hope.

It is about the human ability to look at a defeat and say:

“One more match.”

Even when your brain is begging you to stop.

Every player knows this feeling.

You sit down, grab your controller, start the game, and tell yourself:

“Today will be different. Today I will relax. Today I will actually enjoy myself.”

A beautiful thought.

A completely unrealistic thought.

Because Call of Duty has already prepared a different experience.

The match begins.

The map loads.

The music starts.

For a few seconds, you feel unstoppable.

You feel like the main character in an action movie.

You move forward with confidence. You check your surroundings. You are focused. You are ready.

And then…

Everything ends.

A player you never even saw appears for half a second and eliminates you before your brain can understand what happened.

You sit there quietly.

You look at the screen.

And suddenly you begin asking the deepest questions of existence:

“Was that skill?”

“Was that luck?”

“Or did that person simply spend more hours in this game than most people spend sleeping?”

Call of Duty teaches lessons that no school ever could.

It teaches patience.

It teaches acceptance.

It teaches that sometimes life is unfair.

And most importantly, it teaches that your controller is probably innocent…

but sometimes it still looks suspiciously close to the edge of the desk.

The multiplayer of Call of Duty is a perfect reflection of humanity.

There are heroes.

There are strategists.

There are beginners trying their best.

And then there are players who move around the map like they have unlocked a hidden level of human evolution.

They know every corner.

Every hiding spot.

Every possible movement.

They do not play the game.

They have become part of the game.

Meanwhile, you are just trying to survive, wondering how you ended up being the target of someone’s personal training session.

But somehow…

You press:

“Play Again.”

And that is the great mystery of Call of Duty.

No matter how frustrating it becomes, something always brings you back.

Because sometimes, everything works.

That one match.

That one perfect moment.

The moment where your aim is perfect.

Your decisions are correct.

Your reactions are faster than your thoughts.

For a few minutes, you are not just a player anymore.

You are a legend.

And that is why people keep coming back.

Not because they win every game.

But because of those rare moments where everything feels perfect.

Call of Duty is built from more than victories.

It is built from memories.

The funny moments.

The unbelievable moments.

The moments where your entire team makes the worst decision possible and somehow it works.

The moments where you laugh because the situation is so ridiculous that anger is impossible.

Of course, Call of Duty has changed.

Many players remember a time when every new release felt special. Like an event. Like something everyone was waiting for.

Today, sometimes it feels like receiving a gift you already opened before.

The box is different.

The name is different.

But somewhere inside, you recognize it.

The same old friend.

Just wearing a new outfit.

And speaking of outfits…

The skins in Call of Duty deserve their own story.

Once, soldiers looked like soldiers.

Military equipment.

Camouflage.

A serious atmosphere.

Today, you can enter a realistic battlefield and suddenly fight someone who looks like they escaped from a fantasy universe.

A trained soldier with tactical equipment faces someone wearing an outfit that looks like it was created during a strange dream at 3 AM.

At some point, you stop asking:

“How did I lose?”

And start asking:

“What exactly am I fighting?”

But maybe that is the deeper meaning of Call of Duty.

Maybe it teaches us that reality is not always logical.

Sometimes the strongest person does not win.

Sometimes the smartest person does not win.

Sometimes the person with the weirdest outfit and fastest reaction wins.

Just like life.

Call of Duty is a strange mirror of human existence.

It shows our anger.

Our ambition.

Our desire to improve.

Our refusal to give up.

Because after every defeat, every bad match, and every frustrating moment, there is always a choice.

You can quit.

Or you can try again.

And most players choose to try again.

Not because they enjoy losing.

But because somewhere inside, they believe the next match could be different.

Maybe the next shot will hit.

Maybe the next game will be the perfect game.

Maybe the next victory will finally happen.

And that small amount of hope is what keeps Call of Duty alive.

Call of Duty is not perfect.

It has problems.

It has frustrating moments.

It has moments where you stare at the screen and question every decision that brought you there.

But maybe perfection is not what makes a game unforgettable.

A perfect game would eventually become normal.

But a game that makes you angry, makes you laugh, makes you celebrate, makes you suffer, and still brings you back…

That is something special.

Because the greatest enemy in Call of Duty is not the player on the other side of the map.

The greatest enemy is the voice inside your head saying:

“Just one more game.”

A voice that has destroyed countless hours of sleep and somehow still sounds convincing.

Call of Duty is not a game for people who give up easily.

It is a test of patience.

A training course in self-control.

A lesson in accepting defeat and returning stronger.

The final truth is simple:

You do not play Call of Duty because it is always fun.

You play because somewhere between the frustration and the chaos, there is a moment that makes everything worth it.

A moment where everything feels perfect.

A moment where you remember why you started.

And after every defeat, after every loss, after every moment of anger…

You pick up the controller again.

You look at the screen.

And you say:

“Okay. One more game.”

Even though everyone knows the truth:

It will never be the last game.

⸻

The Philosophical Rating of Call of Duty

⭐ 10/10 for frustration
Because no other game can make you question your skills, your internet connection, your controller, and your life choices within the same five minutes.

⭐ 10/10 for chaos
Because Call of Duty is a beautiful storm of explosions, impossible situations, unexpected victories, and moments where nothing makes sense.

⭐ 10/10 for moments you will never forget
Because behind every frustrating match, there is always one incredible moment that makes everything worth it.

⭐ 0/10 for the decision to start “just one more game” at 3 AM
Because everyone knows how the story ends.

You promise yourself it will only be one match.

Then another begins.

Then another.

Suddenly the sun is rising, your sleep schedule is destroyed, and you are still saying:

“Okay… this is definitely the last one.”

But deep down, you already know the truth.

It was never the last game.

It was never about winning every match.

It was never",True,0,102.86666666666666,1784066684
231628358,"This game is like if you put tom pearl, bonnie blue, aids, homeless people, hepatidas, fentynal, osama bin ladden, jews, nazis, terrorest, meth, ♥♥♥♥, piss, ♥♥♥, chuds, puss and black people all together and put them all into one game. Never play this ♥♥♥♥♥♥ game cuz you will reget that ♥♥♥♥.",False,0,628.6,1785369980
232478815,i recommend but they need to remove the juggernauts they are to over powered and everytime i lose in 2nd place its because of dying it a juggernaut,True,0,112.96666666666667,1786331945
232463584,"I ♥♥♥♥♥♥♥ install Call of duty with 160GB, yet when im in the menu warzone isnt installed neither black ops 7 so what the ♥♥♥♥ is this ♥♥♥♥♥♥ ass 160gb for??",False,0,49.56666666666667,1786313149
232437063,"Unbalanced and ENORMOUS security checks: phone number, 2 factor, TMP2, secure boot and WINDOWS 11!",False,0,20.9,1786289800
232297370,I recommend if u like getting gang raped by people holding hand ♥♥♥♥♥♥♥ each other and getting killed by cheater every 20 mins😎,True,0,31.5,1786136377
232237191,"I'm just trying to play Warzone casuals for the first time to build up my new account XP since my weapons have no upgrades on them yet I'm always pitted against players that have laser beam weapons that I got ZERO chance agasint, I doubt anyone would join a bicycle race when everyone else uses 1000cc motorcycles.  what are we doing here?",False,0,31.5,1786069110
232224602,"it tells me to enable the anticheat i have everything enabled a complete waste of my time
",False,0,4.316666666666666,1786054248
232217994,I would rather get ran over by a truck and be autistic with no limbs attached to my body than play random quads. Game is horrendous. DO NOT install.,False,0,726.8666666666667,1786047769
232173906,"juego sobrevalorado y de mierda, pero le ♥♥♥♥ un me gusta para confundir a la gente",True,0,21.266666666666666,1786001784
232171015,trash game do not bother wasting time call of duty hasnt been good in years activision too busy lying instead of stopping the cheaters sbmm/eomm ruined call of duty not to mention cheaters in every single match if the shareholders had half a brain they would ditch activision in a heartbeat,False,0,0.4166666666666667,1785997202
232049157,its fun if you have my specs u could have up to 200fps in warzone on high graphics,True,0,44.96666666666667,1785856663
232012537,Just wasted countless hours of my life on a nuke contract because the overpaid devs that don't have any irl fight cardio and no natural predators get away with murdering your free time by not fixing glitches that cause nuke contract shutdowns. I'll change this review once it's patched and I can play the ♥♥♥♥♥♥♥ game I bought.,False,0,2496.1833333333334,1785809528
231965671,"been playing cod for 16 years straight, mainly on console but now pc, im not happy with a lot of aspects of the newer cod games but i wont give up playing, i will continue to play every cod that releases, i prefer modern warfare to black ops nowadays",True,0,212.76666666666668,1785759211
231964251,"Downloading the HQ thinking you downloaded the original CoD, 130 GB for a launcher? This is outragious and not mentioned in the slightest, great design ..",False,0,62.583333333333336,1785757446
231936011,The people who created the launcher for this really need to be fired. I would rather renew my license at the DMV than install and launch warzone again.,False,0,0.11666666666666667,1785716889
231814825,"Quick guide on how to have fun with MW2 in 2026

Want to play Modern Warfare 2 after some years since last time I played
Download the 113 Gb ""Call of Duty"" even though I bought MW2, Ok.
Start, ""Needs to restart"".
Start, get shown the ""please buy our skins"" screen, close.
Open the ""Games"" tab, see 8 different Cod titles even though I just own one
Try to start MW2
Needs to restart.
Wait
Get presented with: please download 85 Gb to play.

Close and delete everything.
Go play Battlefield 6
have lots of fun.

Cod is the most frustrating gaming experience on the market, as if they where begging you not to play this piece of ♥♥♥♥ of a game.

",False,0,119.55,1785587949
231725963,"Really Loving the new zombies, hours of fun third person in zombies is cool too.",True,0,70.85,1785484601
231481281,"Everything is a scam/scheme to profiteer. Forced downloads of BO7 when all we want to do is play what we bought, BO6. Throwing BO7 stuff in our face at every turn. We play Call of Duty, OF COURSE we know that BO7 is out. If we wanted it, you wouldn't have to show us anything at all. The programmers KNOW what they are doing, and they couldn't care less about the experiences of the people they are subjecting to their tactics. I refuse to ever spend another penny on the Call of Duty franchise.",False,0,31.516666666666666,1785201380
231450095,had cold war and currently have bo6 but claims i dont have cold war and when i tried playing bo6 said i had to download the game... what was the point of this 258.33 GB download actually pisses me off,False,0,37.333333333333336,1785169276
231443294,its ass. THE HOUR SYSTEM IS BROKEN. I HAVE 2000 HOURS AND ALL ACHIEVEMENTS AND IT DOESNT SHOW IT. LAZY DEVS THEY CANT ♥♥♥♥♥♥♥ MAKE I GOOD GAME I HATE 100%ING THIS DONT DO IT,False,0,3.783333333333333,1785163354
231234667,"Its different to the OG but still just playable with rebirth island and Verdansk, when they go will uninstall",True,0,1120.0333333333333,1784931088
231177721,"I like the classic mode on Bo7 it reminds me of Bo2. I hate the report system and I got SCAMMED of $70 from Call of Duty. Im in this thing called limited match making because I got spammed reported even though I dont cheat or use my mic. I have a k/d ratio of 1.07 and I can't load into a match because of it, its so messed up. The system is broken and I would not recommend to get this game because all it takes is a random person who hits the spam report because they're mad you're better than them. I will gladly change my review once I get out of this ""limited match making"" it's already been 7 days and I cant play the game that I paid for. Why can people do this to you for no reason it doesn't make sense. I should've listened to the reviews.",False,0,121.78333333333333,1784872472
231173292,BO7 just came out with a classic mode. No crazy movement. Kind of a throwback. A good game mode,True,0,276.9,1784866231
231165335,"Call of Duty Ranked is an incredible experience if you’ve ever wanted to compete against people with supernatural awareness and the ability to predict your every move through six walls, three buildings, and your own hopes and dreams.

The anti-cheat works so well that I started questioning whether I was the one cheating because apparently everyone else is just “built different.”

Nothing says “competitive integrity” like getting instantly deleted by someone tracking your soul through concrete while their account has a username like “DefinitelyLegit.”

At this point, Ranked isn’t about climbing the ladder—it’s about surviving long enough to report the same guy for the fifth match in a row.

10/10 if you’re studying paranormal activity. 1/10 if you’re trying to play Ranked.",False,0,22.283333333333335,1784856299
231154430,I like that I can still be competitive at Warzone with the bare Minimum. Love the Updates.,True,0,104.28333333333333,1784843740
231138267,"DMZ is like the budget tarkov and delta force since my drivers arent enough
",True,0,6.116666666666666,1784829280
231111783,BO7 classic mode has been the greatest mode ive played in years. Zombies is good too.,True,0,28.916666666666668,1784803991
231040331,took me 3 business days to just download that bloody warzone coz the launcher was bugging out,False,0,45.55,1784716072
231037778,Lots of fun with friends and runs great with the hardware i have,True,0,95.88333333333334,1784712428
231017490,My friend Mimikyu LOVES Call of Duty: Black Ops SEBEN.   It's actually kind of crazy how much she prefers COD over other games like Pokemon or Resident Evil but that's an Austrian for ya.,True,0,325.53333333333336,1784681479
231007441,Failed Attestation Status bs while using AMD processors,False,0,77.93333333333334,1784669295
230990293,"my friend asked me why CoD is bad, I wondered also so I downloaded this CoD HQ to play Warzone, after downloading 140 GB of useless data that consumed that space from my disk for absolutely nothing, it asked me to donwload AGAIN 64 GB for Warzone, whoever came up with whatever this system of donwloading useless content is should be fired immediately him/her and whoever supported them.",False,0,0.7333333333333333,1784652629
230950022,Have to update your bios which takes a lot of time and effort. No Thank You. Waste of 130gb.,False,0,111.73333333333333,1784600896
230917393,this game has horrible my call of duty accout got hacked and i basically got told to get ♥♥♥♥♥♥ we cant do anything bye,False,0,1.75,1784565350
230878307,They dont protect against cheaters. their updates are absolutley filled with glitches and lag. out of a month you get 1 week of glichless play before they do another bull S update that takes 1hour and back to garbage.,False,0,1133.4,1784512856
230800841,remove the chat ban restrictions. ruined the game,False,0,621.7,1784425176
230713969,very fun going against 4 stackers when i just killed a guy bottom prison. thank you truly activision,True,0,32.03333333333333,1784326886
230669427,one of my favs game but i dont rlly know how to go on different gamemodes in warzone,True,0,4.766666666666667,1784281750
230597430,"too f'ing laggy, so many stutters, so many bugs, attestation error, worst fps ever played",False,0,3.4833333333333334,1784199377
230590316,whats the point in puting an anti-cheat that doesn't even work. thanks guys for making me lose 10 hours of my life just to update firmware.,False,0,19.966666666666665,1784189315
230580026,this has got to be one of the most miserable games to ever exist i would rather get stabbed in the eyes with thumbtacks than play this,False,0,15.3,1784172853
230558545,"Unplayable since the update about secure boot and TMP 2.0.
I have everything turned on, I also updated my BIOS to the latest version for the sake of this ♥♥♥♥ but still doesn't work. 
GO ♥♥♥♥ YOURSELF ACTIVISION",False,0,48.63333333333333,1784146400
230337087,"if you want to play this game to relax, highly not recommended. Pay to win, takes skill to build up",False,0,189.65,1783894592
230313169,"How to make Call of Duty?

-add some bad rus people
-guns that no one likes 
-flags,skulls and millions of dollars worth cutscenes that only 2 person would watch
-use the tea dude for sixth time 


",False,0,36.5,1783874817
230272529,game crashes and is full of cheaters,False,0,109.11666666666666,1783834980
230759710,Very good to have a reminder of my chilhood where I was paying $1.00 the half of hour to play this shooter. while in class at L.C.R.,True,0,156.1,1784384138
231183856,Game Runs amazing has no issues running with my computer specs,True,0,10.816666666666666,1784881328
232528571,"Unplayable after the latest update.The hit registration is completely broken in Ranked Play. I can empty a whole mag into an enemy and none of the bullets register, while they instantly melt me. On top of that, the matchmaking system is now throwing me into distant servers. My latency/ping has skyrocketed, making competitive play impossible.Do not buy or play until they fix the servers and connection priority!",False,0,2628.9166666666665,1786390808
232465642,warzone full of cheaters wall hacking making new accounts if they get banned just too continue to cheat not worth playing,False,0,712.1,1786315324
232465267,"Call of Duty is using Shady Tactics to boost player counts/ download counts/ accounts made. I wanted to play warzone, I go to Call of Duty steam page, and download for 137gb. It downloads and has everything but warzone downloaded, its asking me to download warzone for another 70gb. I go to my steam library, go to properties, DLC, and it has Warzone checked, so why did it not download Warzone? Alright so I go back to steam and come to find out there is a Warzone store page specifically for Warzone. I hit play/download and it makes me download the 137gb from the other Call of Duty store page that I had originally downloaded. Why is there 2 separate store pages if it always makes you download the same download without warzone? I even checked properties/DLC after the specific Warzone download, and its the exact same download as last time that doesn't include it. OLD fan of Call of Duty when is used to be great, this is inflated shady practices at its best to please investors. Highly recommend to play and download anything else.",False,0,297.8,1786314918
232321587,"Black Ops 7 was released at the wrong time. I do feel its better than Black Ops 6. The matchmaking, up until season 5 at least, was such as breath of fresh air compared to the previous entry last year, which was some of the most brain rot infested multiplayer I've touched in cod. The movement is very quick, which could be a turn off for some I know, and aim assist was tuned down quite a bit which really separated skill amongst the player base as COD games should. It was definitely nice to have this year. I am not looking forward to Infinity Ward trying to bring everyone to the same skill level in MW4 as they have in the past. 

I also put A LOT of time in zombies, and if you are a zombies fan this is a no brainer. There is SO much content here. Some of the best modern zombies maps are featured with ours exciting gameplay and some very interesting easter eggs. Zombie traditionalists will hate this but hey they've been seething since black ops 3. 

Campaign is worthless in this title. Absolutely waste of development time and money.",True,0,427.9166666666667,1786164913
232303775,"Honestly, what is the point? Not only has this game became one of the jokes in the gaming industry, but to have a layout for all the Call of Dutys at this moment? This is for Warzone, just make it Warzone only, don't have all the other options. I selected MW2 for a laugh, it made me download 35.5gb and after that said I do not have the license. Not only have you stole 156gb of my storage, you nabbed another 35.5 for what? There is no description of what was downloaded. 

Get a grip, get rid of the stupid customizations, stupid operator, bring back the grind for Red Tiger camo and listen to the player base, not figures.",False,0,5.05,1786143055
232114019,Their ♥♥♥♥♥♥♥ anticheat forced me to factory reset my computer good job ♥♥♥♥♥♥♥ Activision,False,0,0.5333333333333333,1785933504
231982440,"why the ♥♥♥♥ did i get a menendez boss fight and a ♥♥♥♥♥♥♥ woods boss fight what the ♥♥♥♥ happened to campaigns...?
",False,0,4.966666666666667,1785776030
231646602,"absolute ass, but what would you expect asstivision, the people who make p2w games",False,0,13.3,1785394832
231628981,"This ♥♥♥♥♥♥♥ caters to kids who can't aim. Tell me how i drop 151 hardpoint ranked while positive 47-17 and we lose because my entire team is a bunch of triple negative Helen Kellers who proceed to ♥♥♥♥♥ in chat i didn't carry them harder. Guns are unbalanced as ♥♥♥♥ when i put 5 in someone's back before they turn around and i still lose the gunfight, not to mention the ghost hits you get constantly that never register so you just repeatedly get what you feel is 2 tapped by an SMG. Dont buy this woke ass trashcan game. This is what you get for putting women in charge of a male dominated video game.",False,0,299.03333333333336,1785370857
231566717,Warzone Casuals is like a roulette right now. Either sweats or actual casual players,True,0,256.15,1785302022
231451934,"Это ♥♥♥♥♥, а не игра. Купил новую материнку, скачал самую новую прошивку, как игра просила, а ♥♥♥♥♥. Это говно не работает, хлопаю стоя Activision за выпуск этой ♥♥♥♥♥",False,0,79.8,1785170912
231219719,this game is so fun and realistic one of the best games i palyed in my life,True,0,75.4,1784917277
231150496,"Don't play on Steam FPS is much worse like 20% worse, use Battle net or Xbox",False,0,1.5833333333333333,1784839971
231127082,blows like a southern wind from the backside of an ogre sitting in an outhouse located dead center of a sewage composter full of clams that sat in your moms car for a week,False,0,180.01666666666668,1784819703
231125463,"everythinh but the fact my game wont ♥♥♥♥♥♥♥ open
",True,0,693.3166666666667,1784818310
231074096,THIS GAME IS ABSOLUTE DOG ASS DONT BUY THIS ♥♥♥♥ ASS GAME IVE NEVER SEEN A WORSE GAME MADE IN MY ♥♥♥♥♥♥♥ LIFE!!!,False,0,156.61666666666667,1784752889
230981334,"pissed that yall can make modern warfare 4. but wont fix your ♥♥♥♥♥♥♥ SERVERS IN BLACK OPS 6 OR ♥♥♥♥♥♥♥ 7. YOUR GAMES ARE NOTHING BUT HOT ♥♥♥♥♥♥♥ GARBAGE ANYMORE!! I WANT A ♥♥♥♥♥♥♥ REFUND!! IDC HOW MANY HOURS, OR HOW LONG ITS BEEN, WHEN THEY REFUSE TO FIX THIS ♥♥♥♥♥♥♥ GARBAGE!

If youre thinking about buying this garbage, dont, you WILL get packet burst out the ass, i get 2 gig internet speeds in and out, download and upload, but cod refuses to fix there BS, and game freezes, lags, enemies jump across your screen because of ♥♥♥♥♥♥♥ servers.",False,0,86.8,1784644234
230957294,"game is mid, idk why i keep playing, ACTIVISION FIX YOUR ♥♥♥♥!!!!",False,0,190.38333333333333,1784611570
230882396,Game very bad make easter egg too hard and only for people who don't touch grass,False,0,233.05,1784518759
230801268,if call of duty really cares about its community needs to get rid of all the cheaters,False,0,133.75,1784425719
230600704,I dont like any BOps.l like play Modernm Warfare and Warzone,True,0,4.733333333333333,1784203467
230490819,"its good, i play warzone but you can install any of them. it fun ig.",True,0,2.75,1784068869
230363003,Fun but get ♥♥♥♥♥♥ by four big BLACK BROLUIK DUDES AT SAME ♥♥♥♥♥♥♥ TIME,True,0,11.116666666666667,1783928180
230262493,Learning the different moves and maneuvers can be tricky,True,0,6.133333333333334,1783822667
230934172,"great, but i have a big problem right now ! my loadout dont remain, i select one wepon for a new loadout i save and after that the loadout dissapear! basicly i dont know what to do next",True,0,602.8,1784581339
231626401,THIS GAME WONT LET ME PQALYED ANY GAMEMODE OTHER THAN BATTLE ROYALE BOTTTTTSSSSSSSS THISS HAS MADE ME VERY MAD ILL NOT RECOMMEND IT TO THE KIDS IN MY BIRTHDAY PARTY SO ♥♥♥♥ YOU ACTIVISION I HOPE YOU GET RAPED IN YOUR SLEEP YOU LITTLE SLUT,False,1,6.366666666666666,1785367421
232520637,I recommend if you’re crazy and like shooting sweaty bastards with a double barrel.,True,0,22.133333333333333,1786383400
232336031,playing ressurgance dropped and died mid air respawn and happed again until the 4th time then me and my squad got touched by a solo and swiped us all 10/10 would recommend,True,0,13.75,1786184021
231614123,"they r+pe you when you try to get an win and then they ask you if you want two minute noodles, i would've said yes but they did not have the durban curry flavour",True,0,7.85,1785354525
231571409,"i was going up the stairs at prison, then next you know i get graped by 4 dudes campings stairs, the proceded to get ducked",False,0,90.35,1785309344
231420940,"i like it but not optimized for decent pc its good for the croosplay and play with friends, but dont play resurgence or battle royale in competitive if you are new just for not ruin your happiness, in my opinion i would reccomend play on casual mode.",True,0,67.96666666666667,1785136494
231198336,"I GUESS I PLAY OUT OF HABIT BUT THE GAME HAS NOT IMPROVED AND IF YOU DONT WANT TO DOWNLOAD ONE OF THIER SUGGESTED UPDATES YOU CANT PLAY. THIS GAME IS REALLY NOT THAT GOOD BUT MOST GAMES ARE ON A DECLINE, NOTHING NEW JUST REMAKES AND REMASTERS,",False,0,77.06666666666666,1784898653
231176445,Made me want to gouge my eyes out and force myself to eat them. Waste of my time.,False,0,0.7,1784870590
231075673,full of hackers and sad basement boys in their boxers that haven't showered in the last 4 months,False,0,300.18333333333334,1784754544
230727704,"Hope that some day this Call of Duty franchise finally dies . I never want to hear of another call of duty game, ever.",False,0,2.6333333333333333,1784344004
230586474,you're shooting yourself in the foot each time you play this game it gets worse every rendition that comes,False,0,10.966666666666667,1784183091
230582496,"i would rather get caught pooping on my neighbors doorstep get arrested then get matched up with a toxic person, a cheater, and a terrible team8",False,0,91.28333333333333,1784176593
230526798,"Don't play it for a while and now come back bcs miss my team 400 gb to instal... Explain it to me for what? And it's alredy - 15o gb because BO6 go separate like why? 400 gb for what and after it it says ""oh you wanna play no no no u need instal 60 gb more and than 10 gb more and and and and""",False,0,2237.6666666666665,1784116587
231561987,i loaded in trying to calm down and got hit wit a shotgun with a switch and sum fire the someone with a rocket flew at me 10/10 would do again,False,1,41.166666666666664,1785295616
231487249,"Soooooo call of duty warzone scammed me out 25 dollars because i bought a skin and literally less then 2 hours later i was shadow banned (limited matchmaking) for no reason at all, like this report system has to be the most ass system of all time. All Activision devs can suck my fat balls",False,1,12.866666666666667,1785209089
232216661,"Movement go fast, doesn't even feel like cod. Possibly the worst cod to date
",False,0,11.25,1786046553
232134067,awesome game but please take out grapling hook and can you make resurge only rebirth please,True,0,159.31666666666666,1785952458
232124832,its so ♥♥♥♥♥♥♥ ahh l dev i cant play bc of bios update bug L DEV TEAM,False,0,9.116666666666667,1785943807
232077460,if ur pc is optimized and setting s etc. u can have fun if not ur cooked,True,0,118.3,1785883863
231935534,"Well Optimized , Good AntiCheat , Nice Gameplay",True,0,11.0,1785716254
231633600,the ♥♥♥♥ we need a launcher for just click the damn game from your library list,False,0,3.9833333333333334,1785376890
231377809,dont get this ♥♥♥♥♥♥♥♥ its full of walljumping side running monkeys,False,0,129.41666666666666,1785087616
231165000,Too many cheaters to really be considered fun for the average player,False,0,19.083333333333332,1784855901
231161104,"always has huge update, never has good playlist. cashgrab.",False,0,976.2,1784851096
230598817,the game did NOT WORK HOW CAN SAY MY OPNINE IF THE GAME  DONT WORK!!! FIX YOUR ♥♥♥♥♥♥♥ FIRST !!!,False,0,10.066666666666666,1784201217
230590681,"If you desire online play, don't buy this game. They're going to release a new one every few years and most will migrate, meaning you're also going to have to buy it.",False,0,53.233333333333334,1784189845
232455068,"i was scoping a ninja in the trees, he sent me $500 worth of friend avacados to my cabin in the woods, i tried adding them on tinder but he swiped left and sold my grandmas purse to a hobo. i stalked them in their bathroom for six weeks before he offered to shave my elbos.",False,0,512.5166666666667,1786305193
232440123,"peak
but severs are absulutley utter ♥♥♥♥♥ u ♥♥♥♥♥♥♥",True,0,12.75,1786292377
231928219,"it used to be fun, but cod is getting worse and worse by the day. i get some pop up that my safety is not up to date, failed attestation. something to do with my tpm. for weeks i've been trying to fix it, nothing works. of course there is no way to get into contact with activision. so what do you get instead? you're being treated like a cheater. you can only play 1 thing in warzone and you get messed up lobbies. it's unbelievable. if there is anyone that knows how to fix it, please comment. but the way things are going right now? terrible. cod is no fun anymore and i am scared how mw4 will turn out, or if i can even play it.",False,0,551.6,1785707699
231434108,"♥♥♥♥♥♥♥♥ GAME, WONT RUN PROPERLY DUE TO TPM/ COD BROKER SERVICE/ VERY CONFUSING AS A CONSUMER AND NOT A GAME ENGINEER OR TECH EXPERT... I JUST WANT TO PLAY A GAME. NO DO AN INDEPTH DIVE INTO FILES BECAUSE OF RICCOCHE ANTI CHEAT CANT READ MY PC WHEN FUNNILY ENOUGH STILL ALLOWS PEOLE TO CHEAT ON THE GAME ANYWAY AND SOMEONE WHO DOESNT CHEAT SUFFERES... ILL AD AGAIN... ♥♥♥♥♥♥♥♥ GAME / COMPANY
",False,0,110.83333333333333,1785154261
231158410,Cheaters still a problem. Stupid me keeps going back...,True,0,15.233333333333333,1784847954
231131154,Cool stuff. Shoot people. Then others shoot you. Cool stuff.,True,0,6.433333333333334,1784823106
231115055,absolute ♥♥♥♥♥♥♥. wz 2.0 was miles ahead. and that was 5 years ago!,False,0,0.23333333333333334,1784807914
230931297,anti cheat sucks cheaters everywhere in warzone but i have to update my bios to play or i get limited playlists dumbass anti cheat lol,False,0,119.76666666666667,1784578625
230876645,"Great game, straight bots everywhere.",True,0,1062.0333333333333,1784510603
230802596,"BAD GAME good at 2015 slow downfall since I have played. Last Year we could at least play rebirth 27/7
(Good Specs)",False,0,7.35,1784427409
230855662,"Same CoD, no new improvements. Like they can't make 1 good new map they have to recycle all the greats. If they can ever hope to redeem this franchise they would need to find a way to capture the vibe and pure tactical skill from Black Ops 1 and 2. They were serious, fun, and felt real. And please so more allowed chat of teammates who are dead in Search and Destroy.",False,1,267.48333333333335,1784485750
232063503,fun shooter game and multiple game modes,True,0,10.15,1785870017
231646090,"The humans call this a ""next-generation FPS."" I call it an unmitigated sensory disaster.
I only stepped onto my human’s keyboard because they were ignoring my 4:00 AM breakfast demands. Instead, I was subjected to the absolute chaos of Black Ops 7. As a creature of high refinement, I am appalled. 



The Always-Online Campaign Absurdity: My human tried to play the campaign set in the year 2035. Right as David Mason was doing something tactical, I gracefully knocked a water glass off the desk. My human tried to pause to clean it. You cannot pause the campaign. Because it is treated like a multiplayer server, the game kept running while water soaked the carpet. Horrible design 
Deceptive Laser Traps: I saw a beautiful, glowing red dot on the monitor. Naturally, I pounced to capture it. Imagine my absolute fury when I realized the laser was behind the glass, entirely uncatchable, and providing zero tactile satisfaction.
Auditory Warfare: The flashbangs are offensive. My ears rotated 180 degrees backward and stayed there. Every time a ""Death Machine"" ability activates, I am forced to sprint under the couch at Mach speed.
Flawed ""Omnimovement"": The developers brag about a cutting-edge movement system. Yet, I didn't see a single Operator successfully leap from the floor to the top of a refrigerator in one elegant bound. If you cannot climb the curtains to look down on your enemies with judgment, it is not a real tactical game.
Zero Nutritional Rewards: You get ""killstreaks"" and camos, but not a single mile
The Only Positive:The PC tower expels excellent exhaust heat while trying to render the city of Avalon. It is a fantastic place to sleep, assuming the human doesn't scream into their microphone when they get shot around a corner Verdict: 1/10. Save your money and go play Stray instead.",False,0,1.7333333333333334,1785394049
231088392,"the security  system  of this game  push us to update BIOS, and I dont have courage  to do that",False,0,8.533333333333333,1784770438
230423704,Would rather ♥♥♥♥ broken glass than play another game<3,False,0,66.31666666666666,1783993303
231159414,They lied they just brought back SBMM in B07 I think I am done with series so many lies from Actvision,False,1,535.15,1784849080
232248468,this game has had a really unhealthy effect on me. i would never play this game if i cared about my mental health.,False,0,8.533333333333333,1786085031
231565074, ilove it its smooth for keybored and mose and contrel,True,0,4.616666666666666,1785299707
231221576,great game but if you cant handle sh*t talk dont play it,True,0,3.35,1784918907
231161541,"Don't even try to
I attempt to 
Don't even try to
Try to, try to, try to",True,0,31.666666666666668,1784851646
230828700,the most miserable video game launcher app thingy you will ever use,False,0,375.31666666666666,1784461353
230421819,"Sometimes hard to get the game to launch, but once it does...",True,0,10.733333333333333,1783990930
230380861,Fun but too many Alexander Hamiltons (Cheaters),True,0,53.06666666666667,1783949805
231480211,L yetimler ele oynuyullar elebil uduzsalar pul itirirler,False,2,7.016666666666667,1785199962
232377165,worst game ever tpm2 and secure boot? never play this waste of time game,False,0,2.316666666666667,1786222756
232331284,Its fun and cool but there are many hackers FIX YOUR ANTI CHEAT,True,0,79.43333333333334,1786178243
232321807,everywhere i go its like they doin da human centipede dont ♥♥♥♥♥♥ install i def have the newer mw3 over this slop,False,0,130.15,1786165205
232097343,honestly a waste of time now havent played in years and dont think i will again the only one i enjoy every now and then is mw2. Warzone has gotten worse aswell like honestly no point if you plan on doing anythingother than making this dog water your job and if you do you need help asap,False,0,59.81666666666667,1785910431
231834769,Horrible 200gb of an app then 60gb for the game AFTER you download it F off,False,0,60.733333333333334,1785606401
231476722,This game is kind of dull the day I went to play there is such a tpm... what a garbage that is.,False,0,0.6333333333333333,1785195551
230791396,YOU HAVE LET CHEATS RTEGULARLY DISTROY YOUR GAME. THIS IS MY LAST COD PURCHASE.,False,0,111.56666666666666,1784413280
230682254,The best version of Warzone exists only in our memories,True,0,78.33333333333333,1784296822
230663351,its alright now but its glory days was mw3 wz and mw2019 wz,True,0,7.166666666666667,1784273015
230395684,"really fun with friends and takes skill
",True,0,38.88333333333333,1783963775
232557357,terrible with cheaters buit fun with friends,True,1,20.95,1786424846
232134117,"Very fun to play, lots of things you can do, I highly reccomend!",True,0,15.5,1785952507
231849306,im trying to play but then 4 homosexuals come out of no where with their ♥♥♥♥♥ in their asses like a human centipede,False,0,162.51666666666668,1785620601
231644613,warzone with friends = funtime anything else = GARBAGE,True,0,44.63333333333333,1785391851
230885071,Pretty fast paced but if you like call of duty its more of the same.,True,0,15.966666666666667,1784522836
230501166,game is good until they jiggle your ass with a tonfa,True,0,30.416666666666668,1784081895
230258171,"they ruined the game with the bios update sec issue 
",False,0,7.633333333333334,1783817399
232506160,cant play ranked cos it just crashes when I try to play!,True,0,288.01666666666665,1786369964
232420377,Can we stop game progression for mw4 for more available space,True,0,60.63333333333333,1786275019
232230772,They make you jump through 15 hoops to play online and still dosnt even work. Game is garbage.,False,0,5.55,1786061095
232146852,"Just a launcher for other COD games, absolutely horrible. Many steps just to be required to download another 60+ gb file for Warzone just to get a attestation error. Meanwhile most games you can pickup and play. Wouldn't recommend",False,0,1.2666666666666666,1785964996
232133276,"I totally not recommend warzone.

1. Install wARZONE 130+ GB
2. Open game
2. Install again warzone 60+GB",False,0,0.23333333333333334,1785951637
232125410,"MW3 brought Warzone back to its peak, yet when BO6 came it ruined everything, now its not enjoyable so many tryharders, movement demons and hackers BO7 destroyed Warzone",False,0,55.983333333333334,1785944341
232100104,"so damn terrible, the anti-cheat is so nit-picky and confusing, i meet the requirent yet it says bios firmware needs update (I LITERALLY HAVE THE LATEST UPDATE IN 2026!) terrible game bro",False,1,2.2,1785914821
232066318,"game for the goy cattle.
Particularly War zone since the last few years.",False,1,69.13333333333334,1785872644
232010976,full of cheaters and pay to win bluprints,False,0,5.45,1785807535
231988440,"I've never left a review here before, but this game was so annoying, I was prompted to leave my first... I've played the entire CoD franchise in single-player mode, and mostly enjoyed them, although they're getting worse over time). Black Ops 7 is basically a multiplayer game, but you can opt to play it alone. This means (1) you cannot pause gameplay; (2) if you leave the game untouched for too long, you are kicked due to inactivity; and (3) worst of all, you can't save progress - so if you complete almost an entire chapter, but then have to leave, you have to start the chapter all over again next time you play. Incredibly frustrating. Besides this, there are way too many stupid ""dream sequences"" with zombie-style enemies and other nonsense. CoD used to be awesome, realistic and enjoyable, and Black Ops was the icing on the cake. Now it's just a sad parody of itself. I'm sad to say this is the end of my CoD journey.",False,1,138.73333333333332,1785781835
231926491,i persononly only played warzone and even with sweats and the movement curve being kind of difficult but if you get decent at the game its petty fun but it does eat a lot of storage and it requires a pretty good pc,True,0,364.8833333333333,1785705831
231871957,"wants me to update my bios, go ♥♥♥♥ yourself ACTIVISION",False,0,100.48333333333333,1785649818
231787901,"this game is trash. go play battlefield. just people grappling around, bunny hops and sliding every where. just a sweat fest.",False,0,137.01666666666668,1785553659
231653461,"♥♥♥♥ THIS GAME i waited hours for this to download then it talks about ""updates bios"" and i couldnt play a match all I WANTED was to play a match and the game is a fai;lure of making that possible for me. If i ever updated my bios and if i had a flash drive it might just ruin my pc just might for ♥♥♥♥♥♥♥ call of duty warzone. very smart to add that to your game activiion just ruin some peoples PC's for ""BIOS"" like that makes a diffrence in the game.",False,1,1.75,1785404179
231642006,good game but why is a big studio putting out such a glitchy game What's up with the spawns still being bad since BO6 and me seeing random ppls KDs.,True,0,243.76666666666668,1785388014
231640054,now this game is amazing when you have funny moments but when you're getting mutilated by a stack of 4 in top prison there is debate on weather or not i should be playing anymore. its definitely not how it was during covid but it can still be fun.,True,0,1001.3166666666667,1785385189
231630609,"only play this if you want to ♥♥♥♥ your brains out every night. worst fukcing game to exist, 10/10",True,0,128.03333333333333,1785373033
231627939,So Call of Duty Warzone is just a simple free scaled back version of the game.  It's fun in so much as it offers a PvP experience. Some of their other titles are better in relationship to this. What TOTALLY SUCKS about the game is the size of the game files and how long the updates take. It would be MUCH better if they could optimize some of the game a bit better. Also the space guns are lame...bring back real weapons.,True,0,75.21666666666667,1785369426
231597762,Loads of cronus players  plus cheaters out right in cod multi plus Ranked   Ranked play is not balanced last 30 games all hardpoint going   50 - 250  score     Call of campers should change its name too worst cod ever  and wont get better as dont care about gameplay only micro and skins now,False,1,50.63333333333333,1785339829
231567710,"This game is genuine ♥♥♥♥♥♥♥♥. i installed 136GB of this and waited 45 mins for it to install. when i get to the game it makes me download what i want to download. whats the ♥♥♥♥♥♥♥ point on downloading that much space for it to be a menu??

get your ♥♥♥♥ right cod. this game is becoming a cash grab each game they make as well",False,1,1.9333333333333333,1785303523
231565420,"Its a very fun game to play with friends, and even by yourself! Fun 1st person shooter game, with a lot of customizable options. I would recommend this game to whoever is interested in having a good time.",True,0,31.7,1785300188
231547943,beautiful game when u first see the graphics and it has vc good controls  great guns and great maps. Everything else is aswome too!,True,0,12.55,1785278200
231469147,"game is supper funny and fun and exciting 
",True,0,58.166666666666664,1785186949
231396555,Maybe take yourself either Walmart or Best Buy buy new Controller Mouse Keyboard and Headset aswell when this game is tense.,True,0,81.76666666666667,1785104501
231392595,"bes game but i play alone and its board but if you play trio with freinds you will enjoy sooooooooooooooooooooo much
",True,0,75.21666666666667,1785100483
231379645,i love the game i love the guns and stuff one thing i do hate is when other players shoot trough walls but i really really love the game and ghost is the best  outfit :),True,0,16.6,1785089216
231347960,this game has older and newer COD titles and you even have a free Black Ops 7 zombies and team deathmatch,True,0,3.033333333333333,1785060434
231320279,"It’s a good battle royale game, though it has slipped a bit with recent updates",True,0,12.083333333333334,1785025374
231317661,"Play at your own S A N I T Y ... 
if your looking to waste your money and go thru pain and suffering ...
this just might be the game for you...

choose wisely ... 

And dont do it..... (DONT DO IT)

battlefield6 is just a click away... [:",True,0,33.5,1785022196
231306660,"4 out of 5 stars. Got on last night with a buddy and had the most fun I've had in years interacting with him and the lobby. Game runs great on my PC with very few stutters or issues. Only issue I have with the game is the campaign (Which I have not played), and the way it ends, plus the AI used, etc. Other than that I think overall this is a great game. The music brings me back to black ops 3 with my friend. Overall pretty satisfied considering I wasn't originally going to buy this game when it had first come out.",True,0,8.85,1785010545
231284698,this game is really fun but i would not recommend for kids since there is blood but overall it is a really fun game and ive had a lot of fun playing it,True,0,17.316666666666666,1784990828
231273089,after latest update jugernout option ur unable to do ♥♥♥♥  no weapon  ur naked and its just waste of time to even tray to play and get ur lodaut ur dead in 2 sec when jugernout  is in vicinity so im off this ♥♥♥♥ ..,False,1,3495.133333333333,1784979531
231259357,dont know why i need 200GB and i STILL need to download a game that is 100GB just what am i downloading??? reload animations?! i just started the game why does it need an update and for it to restart? this game is just insane but there isnt anything to play with friends i hate this game,False,1,35.85,1784961855
231245081,id rather blow my brains out and go to the deepest pit in hell then play this game for 10 more minutes,False,1,5.85,1784943625
231161800,fun game to play but people that dont cheat get banned y not even in game,True,0,786.4,1784851985
231091017,"U can put 1 million hours into this game there is no reward. Whats the sense?
",False,0,280.46666666666664,1784773982
231057226,I liked how you could play with other people and it's a very good FPS game,True,0,8.75,1784735103
231007472,"Pretty fun, Except for snipers",True,0,3.2333333333333334,1784669333
230833174,"This is so gay, who ever play this shxit frequently should think about thier life decisions.",False,0,0.36666666666666664,1784466023
230818108,i dont want to update my bios i dont even know how to launch 2019 mw i just wanna download and shoot :(,False,0,208.63333333333333,1784448606
230776737,"fun but repetitive, great time waster.",True,0,106.1,1784399291
230700883,great game still need to fix the cheaters as it can be really bad,True,0,9.516666666666667,1784314317
230700506,Call of Duty is awful - every year just a re-skin. Trash game.,False,0,49.516666666666666,1784313971
230482959,rage inducing game i want to smash my head into my desk everytime i play anything other than causals but really fun i would recommend,True,0,48.03333333333333,1784060831
230478191,Its been out for a while and it catches my interest every time I see it.,True,0,67.31666666666666,1784056102
230473418,"After 20 minutes of trying to launch the game, I was left with 100 GB of ♥♥♥♥.  which allows to you buy similar ♥♥♥♥.",False,1,0.21666666666666667,1784051747
230366036,"S-tier game, elite graphics, amazing movement and mechanics, MP is as enjoyable as it can get",True,0,40.75,1783932513
232534676,its rlly fun and u can play wit all ur friends.,True,0,5.416666666666667,1786396761
232142849,"sooooooo great almost too good infact im never going to play it again
",False,1,19.6,1785960955
232444506,Can't even play this game due to non stop packet burst. Don't recommend,False,0,235.55,1786296062
232128828,"too many cheaters, non-english speaking people, and adhd kids.",False,0,902.8666666666667,1785947378
232106151,"Complicated anti-cheat requires to change your bios, update it manually etc, too much effort so you just could play rankeds.",False,1,7.033333333333333,1785923687
231974404,great game please bring back old movement,True,0,20.966666666666665,1785768581
231647615,man i dont know why peoples hate this game so much.this is so fun. yeah this is demanding game and ask for like 150GB but if u have a powerful pc you cant go wrong you will have ton of fun,True,0,4.45,1785396282
231127198,"I don't recommend it, it's just not fun anymore in my opinion :(",False,0,122.78333333333333,1784819806
230926040,wont even give me the notification to play warzone,False,0,147.58333333333334,1784573677
232557908,"cant even play the game , sucks , bad game , diff game",False,1,750.9833333333333,1786425565
232382965,Game is full of racist using the same 2 guns on the same reused maps.,False,0,561.4,1786228625
232104700,very bad half the time it dont even work and very toxic people,False,1,3.3833333333333333,1785921597
232060004,Cod is dead to me the last cod I played was mw3 2023 it was a great multiplayer but I decided I was going to stop on a good note because the cod I grew up playing died a long time ago and it was time to let it go tbh the new cods that came after mw3 solidified my choice I knew it was the right choice after that I don't think they'll ever be able to make a good game again I played almost every cod since cod4 15 16 years of cod it was fun. it's sad halo is going in the same direction,False,1,701.35,1785866669
231619577,Personally I love the realistic look of this game.,True,0,8.25,1785359719
231452069,"west of 140 GB CAN'T PLAY mobile number 
NOT supported my country",False,0,1.7833333333333334,1785171018
231358607,get a gaming chair and u are good (their ac is sh*t as f*ck),True,0,4.016666666666667,1785071458
231246320,"i implore you play casuals battle royal, very fun",True,0,95.05,1784945185
231131147,Yes the game is hated on cause people just follow others,True,0,2329.9666666666667,1784823101
231055340,I have played the whole series and have enjoyed my experience 10/10.,True,0,33.21666666666667,1784733233
230723463,Black Ops 7 is the greatest game I have ever touched in my life.,False,0,5.65,1784338461
230663279,i love playing rebirth island and getting tickled by the sweaty grown men in prison,True,0,53.35,1784272902
230639862,WORST GAME EVER PRODUCED THE DEVS GOTTA BE COOKED. COD HAS BEEN DEAD FOR 5 YEARS.,False,0,898.2333333333333,1784241142
230307370,This game makes me want to eat my Toe Hairs sometimes but ay its still goated tho,True,0,66.28333333333333,1783870449
230259768,Easily the worst game ever. Can't even log into my account.,False,0,0.23333333333333334,1783819413
232182863,GAME KEEPS CRASHING I THINK I AM GOING TO GIVE BATTLENET A CHANCE AT MY MONEY,False,0,5826.433333333333,1786014383
231659451,Fun game to play with friends. too much going around though,True,0,57.28333333333333,1785411529
231580518,This game is the 20th level of hell and eternal damnation,False,0,8.216666666666667,1785322191
231540312,"nice game and very funn
",True,0,4.733333333333333,1785270243
231207378,"crazy ahh game would recommend but you need to be unemployed to enjoy
",True,0,403.5833333333333,1784906651
231155569,i would recommend it due to the smooth and fast game play,True,0,156.61666666666667,1784844864
232385863,"Best Game ever what other people say about this game is false
",True,0,25.466666666666665,1786231829
231714199,137gb to install to not even get to play the game.  Excellent.,False,1,0.25,1785467457
231155958,"I've endured through this franchise since 2007, but I've moved on to Tarkov and haven't looked back.",False,0,13.566666666666666,1784845251
231568324,600 hours in and now it wants to cry about tpm 2.0,False,2,637.45,1785304495
232044935,wat een tering spel is dit 70 euro ieder jaar voor dezelfde klote kanker spel,False,0,7.0,1785852802
232005442,♥♥♥♥ THIDS GAMEKA IT GETAS  WOKRSE EV EERYUPDATE ITS NOTE WORTH IHTE AT ALLEL,False,0,439.46666666666664,1785800241
231507257,Season 5 update ruined bo7 from the frames to the sbmm it's just not enjoyable,False,0,496.68333333333334,1785238408
231450221,"the best BR ever created hope they dont mess it up
",True,0,62.583333333333336,1785169384
231413463,good game consol sucks btw,True,0,6.716666666666667,1785125055
231185001,"Its the best game i have ever played with guns
",True,0,22.916666666666668,1784882907
230981342,the new tmp lockout really sucks are you gonna buy me a new pc i cant play anymore,True,0,83.35,1784644244
230914577,I LIKE CALL OF DUTY BECAUSE YOU COULD PLAY WITH YOUR FRIENMDS AT ANY TIME,True,0,222.08333333333334,1784562649
230900430,"worst companies, incompetence of the highest level.",False,0,14.15,1784547347
230661226,i hate this game and its stupid ♥♥♥♥♥♥♥ sweats,True,0,3.9166666666666665,1784269751
230534532,this game is a little sweaty but no problem at all,True,0,138.01666666666668,1784124445
230422151,"i dont get it, why the hell do it take so many bullets to eliminate people in hardcore?",False,0,48.81666666666667,1783991350
230299840,"as always call of duty never disappoints
",True,0,14.066666666666666,1783864672
230681930,the game is good dont listen to all of negitave comments,True,1,24.466666666666665,1784296490
231560969,"its meh, better playing wiht friends",True,1,194.45,1785294407
230583411,BO6 was fun. BO7 is like temu COD. Ready for MW4 so  I can leave this behind.,False,1,954.9833333333333,1784178003
231629617,"Good game just very stupid, I don't know how just make it make sense",True,0,7.116666666666666,1785371722
231212527,"I mainly played PvE zombie mode within Call of Duty Black Ops 7. Plays very nice, very refined.",True,0,26.75,1784911111
231164995,"Great game most of the time other times makes me wanna hop on R6
",True,0,37.15,1784855897
231160553,nice game when you play casual,True,0,336.03333333333336,1784850459
231140464,"got my ass lwk rocked 15 times in a row, great game
",True,0,26.233333333333334,1784831179
230950639,the best game and for entertanment,True,0,267.3333333333333,1784601681
230682965,"iM LOBOTOMIZED AND I LIKE THIS GAME, SPAWN DIE SPAWN DIE SAPWN FUCXKING DIEEEEEE!!!!!",True,0,61.43333333333333,1784297498
230563169,great graphics on pc,True,0,3.5166666666666666,1784151381
230464206,i play with my dad its not a bad game they just ruined it with all there skins,False,0,70.18333333333334,1784043340
232438040,"♥♥♥♥♥♥♥ send me the code you ♥♥♥♥♥♥♥ idiots
also when i choose my region there's russian federation but there's no Ukraine?????? deadass?? putting a country that's making mass genocide in another country but not the country where the mass genocide is happening???? 
also why the ♥♥♥♥ in the world do you need my phone number???
I just downloaded a 140gb piece of ♥♥♥♥ for ♥♥♥♥♥♥♥ nothing??
wasted a hour & a half of my time installing this ♥♥♥♥ and i didn't even get the chance to play, ♥♥♥♥♥♥♥ insane.",False,0,0.4166666666666667,1786290616
231840546,c'est quoi ca comme jeu the ♥♥♥♥ ♥♥♥♥ activision et treyarch bouuuuuuu 👎👎,False,0,483.3333333333333,1785611856
232509922,"♥♥♥♥ game, I'm spend 400 dollars for skins",True,0,54.85,1786373662
232173969,because you now it call of duty good game so yahsir,True,0,11.816666666666666,1786001889
232123563,I hate that they canceld the running and made it a thing to get,False,0,10.45,1785942696
232083192,The launcher is utter garbage..,False,0,18.516666666666666,1785890984
231607797,"i want to kill myself after playintg tyhis game 
",False,0,0.9333333333333333,1785348881
231106252,Fun if you just turn your brain off and run around,False,0,65.7,1784796524
231029164,"If you're a hacker, then this game's for you! lol, fr all hacker lobbies...",False,0,400.0,1784698319
231011045,"It's a lame game hub, can't be normalized",False,0,0.13333333333333333,1784673163
230852398,"very good game if you wanna get gangbanged
",True,0,431.1333333333333,1784482932
230835171,Amazing experience one of my favorite game.,True,0,1023.2666666666667,1784467942
230740799,optimize your ♥♥♥♥♥♥♥ game activision,True,0,13.933333333333334,1784362143
230622016,i like warzone and all but i feel as if cod has became way to soft with there rules for voice chat they rather ban you off vc ♥♥♥♥ talking witch is what cods all about if you wanna cry about it and such report people for doing cod things and if it hurts ur feelings go play fortnite bc that where u belong with yo soft asses so cry about my review all u want but stop being liltle ♥♥♥♥♥♥♥ have a good day also ps cod is a baby back ♥♥♥♥♥ they cant even listen to there own fan base witch is sad asf and one last thing for all the ♥♥♥♥♥♥ SWEATS THE FEEL THE NEED TO PLAY CASUALS AND SWEAT FOR NO REASON GO PLAY ♥♥♥♥♥♥♥ REBIRTH RANKED OR REGUALR LEAVE CAUSALS TO REG PEOPLE ♥♥♥♥ EVERY SWEAT THAT PLAYS CAUSALS FOR THE EZ WIN SCREW YOU YOUR THE REASON COD IS SO ♥♥♥♥♥♥ ♥♥♥♥ you call of duty,True,0,15.516666666666667,1784223986
230570511,"its a love hate relationship,what can i say?",True,0,1419.95,1784160149
232134485,"Decided to download cod so i can have some fun but took 6 hours to finally download and when i got in got hit with a straight rules. After that i went to create my account which took 20 minutes because of the phone number being so hard. After i finally created an account, they have to of course put a verify code and took me an hour to just sit there and hoping would get my code but never did. wasted 8 hours thanks cod",False,0,0.7833333333333333,1785952893
232102182,best game every i would let anyone 1-100yrs to play,True,0,96.21666666666667,1785918063
232076126,THIS GAME HAS REAAALLLLY GONE TO POOP LITERALLY GOTTA UPDATE EVERY OTHER DAY AND KEEP GETTING CONNECTIONS FAILED DUE TO SOME B.S THAT WONT EVEN LET ME PLAY ANY MAP ON WARZONE! AND HAVING TO DEAL WITH THE B.S NOTICES ABOUT SECURITY BOOT AND WHAT THE HELL NOT AFTER I CHANGED IT ALMOST A YEAR AGO NOW ITS SAYING I CANT PLAY BECAUSE IM UNDER FAILED ATTESTATION STATUES LIKE WATAFOK> WHY CANT WE JUST LOG ON AND START PLAYING CALL OF DUTY YOU GUYS ARE JUST A BIG SCAM. JUST LIKE THE MW3 DISC GAME THAT I CANNOT EVEN PLAY ON MY CONSOLE BECAUSE SOME HOW ITS SAYS I NEED TO PURCHASE IT WHEN THE DAMN DISC I SPENT 60$ ON IS IN IT> AND PRETTY MUCH I OWN A MW3 DISK GAME THAT ISNT A GAME ANYMORE. PLEASE MAKE IT MAKE SENSE DEFFENETLY WONT BE DOWNLOADING THIS POS GAME AND WAISTING MY ALMOST 300 GB OF STORAGE AGAIN!!!!! SCAAAMERS AND YOU GUYS STILL WANT TO CHARGE A ARM AND A LEG FOR SOME SKINS THAT SHOULDNT EVEN COST MORE THAN 20$ IN CURENCY MONEY WHAT A RIP OFF!,False,0,2.6333333333333333,1785882522
232058656,"this game is fun i have played this game for a lot of years this is one of the best games i have played 
",True,0,32.53333333333333,1785865409
232019306,this game is so fun theres missions and game modes to play i love these game,True,0,2.933333333333333,1785819119
231836188,great zombie + mid mp + bad story =  welcome back bo3,True,0,148.33333333333334,1785607700
231795889,it's a pain the ass to get any modern call of duty working on pc,False,0,1.4833333333333334,1785564060
231578743,best game to play with friends,True,0,10.833333333333334,1785319764
231165966,Highly recommend. Best campaign ever; MP is not flooded with sweats with their AN-94's,True,0,31.933333333333334,1784857034
231074765,i download the call of duty warzone and not lunching,False,0,5.416666666666667,1784753598
231008890,"my ♥♥♥♥ got bigger ♥♥♥♥♥ ♥♥♥♥ ♥♥♥♥
",True,0,3557.883333333333,1784670823
230721267,I have a severe tweak out every time i play this game... 10/10 would recommend.,True,0,217.41666666666666,1784335639
230571535,"Warzone is a great multiplayer,",True,0,41.666666666666664,1784161471
230260600,"if you have the storage, this can be really fun, especially when with friends",True,0,277.56666666666666,1783820450
232496529,Landing>sudden death>respawn. REPEAT. everyone should experience this,True,0,6.75,1786358546
231947588,Ass and just getting worse with their  games.,False,0,18.066666666666666,1785733227
231882203,doesnt fully support controllers,False,0,112.21666666666667,1785663533
231639512,This game is the best thing to play when you don't like your life...,True,0,323.1166666666667,1785384414
231529683,"Bom jogo, mas o Modern Warfare é melhor.",True,0,834.8833333333333,1785260278
231468677,amazinig and does not get u boerd fast,True,0,329.6166666666667,1785186474
231389081,"amazing with vpn and geobox
",True,0,14.316666666666666,1785097264
231181252,it is what it is. youll always get cod haters. just enjoy it,True,0,4.166666666666667,1784877555
231167907,"uhhh noice game, gin be fun ig
",True,0,41.983333333333334,1784859449
230939307,just move on from this franchise until they make a great campaign again,False,0,0.2833333333333333,1784587117
230360156,installed call of duty then realize its black ops 7,False,0,0.26666666666666666,1783924021
231969803,ACTIVISION DOES NTO GIVE A ♥♥♥♥ ABOUT THEIR PLAYERBASE,False,1,482.8333333333333,1785763961
232402219,great game but too much hacker,True,0,26.316666666666666,1786252089
232328032,Best gameplay overall!,True,0,3550.1666666666665,1786173779
232212331,"addicting but too many sweats]
",True,0,49.2,1786042680
231687648,"this is HELL zero out of ten  bro benny netty would hate this game
",False,0,84.46666666666667,1785437479
231488001,this game is ♥♥♥♥♥♥♥ dog piss they shouldve payed me to download it,False,0,112.81666666666666,1785210128
231226483,pc aint even bad but warzone stuck at 5%,False,0,3.15,1784923210
231203664,the only thing i would say is anoying is that the game takes 500 gb,True,0,19.1,1784903493
231156093,not half bad i think its good. for a free game,True,0,3.1666666666666665,1784845405
231130962,GOOD GAME NOT A LOT OF SWEATS BUT SILL VERY GOOD GAME,True,0,37.81666666666667,1784822960
231118252,en serio hay q actualizar la bios para jugar??,False,0,25.833333333333332,1784811488
231093205,"I know CoD gets a lot of hate, but to me it's just fun once in awhile.",True,0,26.85,1784776815
230897033,ts fun till u get ddossed but then again what can u do,True,0,11.633333333333333,1784542441
231169056,perma banned me mad long ago for a unlock tool that didnt work :(,False,0,6.333333333333333,1784860914
231692552,most of yall just trash n say everyone's cheating. 9/10,True,0,0.23333333333333334,1785441964
230439612,IT KEEPS ♥♥♥♥♥♥♥ SAYING I GOTTA UPDATE MY BIOS ♥♥♥♥♥♥♥ GAME,False,0,7.466666666666667,1784016020
232011859,Awesome! I've had a lot of fun with my family and friends!,True,1,2.8833333333333333,1785808674
232577402,T组我恨你，赶紧滚，快让我的iw哥哥回来,False,0,1264.7666666666667,1786452239
232543601,The game sucks but its fun lol,True,0,1832.3,1786406535
232412494,hackers take over this game warzone do somwthing about it,False,0,615.4833333333333,1786265753
231943710,The ♥♥♥♥♥♥♥ updates are 35+ GB like hell no,False,0,104.6,1785727273
231579562,"mint game
playable alone",True,0,148.2,1785320871
231378233,só tem viciado nessa porr desse jogo,False,0,150.96666666666667,1785087981
231164415,"Great way to hang with the boys 
",True,0,1275.75,1784855215
231044537,i like the game but its very heavy on the cpu,True,0,11.15,1784721702
230824303,good unless you dont like being raped,True,0,25.466666666666665,1784456318
230760310,do not recommend. Activision does not care about you.,False,0,359.31666666666666,1784384672
230690042,very good game but i very like pve zombie mode,True,0,5.183333333333334,1784304066
230434791,if you wanna get shot up ur ahh by a watch dog go ahead and play it,True,0,73.86666666666666,1784008638
230367819,best first person shooter on the planet,True,0,38.3,1783934840
230359499,"fkkkkkk you for making it have have to tpm 2.0 to run
",False,0,132.21666666666667,1783922904
230715714,game is poo poo kaka chicken pasta,False,0,4.2,1784328915
232318526,alot of cheaters and SBMM,False,0,1034.3166666666666,1786160972
232301789,piece of shii game that cant stop hackers,False,0,61.36666666666667,1786140903
232050446,"i like it move it move it, i think this game is 6 7, i kinda like it. swoosh a bit but ama key!",True,0,46.766666666666666,1785857799
231899983,it is very good but couple of hackers,True,0,83.43333333333334,1785682038
231896559,pretty sweaty but i love it since years :),True,0,150.28333333333333,1785678882
231821983,new games run and are ♥♥♥♥,True,0,166.55,1785594892
231738717,I never thought there was a game worse than Siege,False,0,28.216666666666665,1785501312
231399579,it is enjoyable if you are skilled or just want to have fun,True,0,156.4,1785107744
231199186,I'M A COD FAN BEEN THAT WAY FOR YEARS IM 27 NOW IVE BEEN PLAYING SINCE I WAS 12,True,0,131.46666666666667,1784899457
230628592,very nice BUT you need to have fast movements,True,0,114.63333333333334,1784230136
230437967,"fun game love cursed mode
",True,0,231.06666666666666,1784013466
230388238,its a slow gameplay i really reconmand this a good  game,True,0,149.46666666666667,1783956544
232310888,"bad game bring back warzone
",False,0,31.566666666666666,1786151564
232113687,great game for who loves shooter,True,0,8.233333333333333,1785933180
230973886,Only modern warfare 4 can save. Only if it doesn't end like one of these.,False,1,23.283333333333335,1784636336
230878167,"why would i give my phone number to you, although im poor..",False,1,0.16666666666666666,1784512675
232500723,awesome game and very adddictive lol,True,0,65.4,1786363958
232211334,Great and very fun game,True,0,39.36666666666667,1786041834
232162852,terrible game only warzone is mid,False,0,193.5,1785984881
232071213,ONLY PLAY IF U ARE A ♥♥♥♥♥ AND WANT TO PLAY CASUALS,True,0,146.91666666666666,1785877517
231817314,"broke my keyboard 
nice game",True,0,12.95,1785590520
231625689,the beesssttttt shoter gameeeeeee fo everrrrrrrrrrrrrrrrrrrrrrrrrrrrrrrrrrrrrrr,True,0,5.45,1785366542
231016256,game is to big with to many problemns,False,0,272.98333333333335,1784679775
230975717,Warzone Casuals is good for an old head like me,True,0,20.716666666666665,1784638502
230903062,fun on ps5 sure it will be fun on pc if ever get started,True,0,4.166666666666667,1784550591
230891761,trash game its so buggy,False,0,42.05,1784534485
230710842,Just not what COD is as I remember it.,False,0,180.11666666666667,1784323695
230634022,"Its decent but you need decent Internet
",True,0,3.8333333333333335,1784235108
230426715,"its my favorite way to get new friends
",True,0,136.55,1783997222
231206025,"enne nikub eesel kaamlit perse kui ma selle mangu kaima saan xd
",True,1,28.666666666666668,1784905537
231103983,"Spider Maaaan! , Koskash 
- Sam Saberi",True,1,253.88333333333333,1784793133
232542346,THE GAME FULL OF CHEATERS BAD PEFORMANCE,False,1,0.43333333333333335,1786404985
232544342,CALL of Duty WarZone is vedy vedy fun,True,0,24.45,1786407459
232350842,squid game doll clipped me 10/10,True,0,55.45,1786199366
231858030,"Free game , But i paid with my sanity.",True,0,862.0333333333333,1785631151
231461337,peak game but skill based,True,0,18.35,1785179374
231441520,i would deffff recommend this game its so lit,True,0,136.33333333333334,1785161685
231131802,Same ♥♥♥♥♥♥♥. Different year.,False,0,85.21666666666667,1784823641
231079963,"this bios update ♥♥♥♥♥♥♥♥ is ass
",False,0,10.116666666666667,1784759232
231001904,This game made me an alcoholic,False,0,60.0,1784663642
230978138,on a friday night i like to goon to cod,True,0,15.266666666666667,1784641044
230850835,♥♥♥♥♥♥♥♥ game doesn't let me play on steam,False,0,311.3666666666667,1784481520
230784328,cool game but you get mad alot,True,0,38.71666666666667,1784406192
230765131,"kinda buns ngl
still finna play more though",False,0,101.28333333333333,1784389016
230712399,"its multiplayer
",True,0,16.416666666666668,1784325233
230687407,awesome games super good i love it warzone,True,0,270.96666666666664,1784301564
230568404,"Very entertaining with a ton of action
",True,0,72.88333333333334,1784157535
230317202,"game is totaly the same like bo2 bo3
",False,0,7.516666666666667,1783878035
232023674,"Bad game, made for kids",False,4,61.416666666666664,1785826213
232398282,Turns out that Endgame is hella fun,True,0,146.45,1786247047
232382230,great game overall,True,0,28.083333333333332,1786227845
232311297,cant even play resurgence,False,0,80.6,1786152109
232235469,"the way people play this game gives me aids
",False,0,32.8,1786066878
232229304,Absolute monstrosity of a Franchise.,False,0,299.3,1786059365
231784831,i play this mostly on console but its still one of my favs,True,0,13.65,1785549623
231331404,Everything besides sucking at it!,True,0,20.266666666666666,1785039258
231269465,I have been trying to verify my email for the last three hours and i still haven't succeeded.,False,1,3.0833333333333335,1784975267
231064256,Best Battle Royal game ever,True,0,5.833333333333333,1784742630
230938599,pretty sick game brev,True,0,18.033333333333335,1784586303
230737769,AMZING AND FREE JUST THE BST RECOMENDED TO TRY lol,True,0,8.166666666666666,1784357863
230735229,Malware disguised as AAA game,True,0,10.9,1784354166
230733782,I haven't played this game yet this is just a prediction,False,0,0.7833333333333333,1784352106
230724863,120gb just for a crappy store,False,0,1.85,1784340298
230648875,zombies and the people you meet can teach man!!!!1,True,0,8.883333333333333,1784252247
230411252,good fast paced but good,True,0,47.983333333333334,1783978540
232077137,Update requires restart,False,2,7.116666666666666,1785883557
230353081,really fun shooter game,True,0,31.45,1783913399
231957571,good for crazy people,True,1,544.2,1785749067
232155679,its good and bad,True,1,55.03333333333333,1785975276
232570799,update requires restart,True,0,28.566666666666666,1786444233
232150614,keep dying to goofy ahh stackers,True,0,101.85,1785968925
232046031,"This game sucks, play it",True,0,7.633333333333334,1785853802
232005950,"They just f*** up every update ""Hey Lets add a LMG That 1 hit kills u and has 100s of bullets"" yea good idea ""hey Lets nerf Guns noone uses and buff the most meta trash u ever saw"" ""hey lets Make Every Gun 2 Tap U Or 3 Tap U And say We Have Longer Time To Kill Like THe Good Days"" ""Hey Lets Keep Our Servers The Worst u Ever Saw"" --- Makes Roblox Look Like GOld ""Hey Lets Add Very Very And I MEan very Dumb Guns And Never Nerf Them Till Months NAd Months Later"" ""Hey Lets Add Abspolutly Nothing In the Updates Lets Add Very Dumb Guns ANd Dumb usles Thing"" ""Hey Lets Keep The Cheaters and all that  BUT Lets Punish People For DOing Nothing""-------If You Love The Sound OF that This Games FOr you",False,0,120.25,1785800910
231702582,overall a good game ( warzone),True,0,104.88333333333334,1785452479
231645820,F this game. *Loads next match*,False,0,226.78333333333333,1785393647
231620419,I HATE THIS GAME BUT LOVE IT AT THE SAME TIME,True,0,32.233333333333334,1785360598
231261705,"Meta this, meta that, ever met a girl, cadet?",False,0,23.6,1784965005
231147209,"cool game sweats like diablo tho
",True,0,13.05,1784836987
231058172,"sniper rifle go brrrrrrrrrr 










survivor perk is ♥♥♥♥",True,0,171.9,1784735980
230955372,"i wanna kill myself when playing this game
",True,0,22.166666666666668,1784608377
230947990,this game hates everyones storage,True,0,9.05,1784598115
230736463,This used to be fun. Greed rules the day. ,False,0,1.1833333333333333,1784355987
230705813,garbage.. went downhill a long time ago,False,0,292.3333333333333,1784318930
230580750,"Gawd damn, why do I keep ending up back here.",False,0,182.08333333333334,1784173969
230493799,very intense and fun,True,0,549.95,1784072597
231275590,"The game is perfect
",True,0,10.5,1784982095
230634201,"CANT EVEN GET IN THIS GAME TO SUFFER!!!

",False,2,0.8666666666666667,1784235251
231872329,Very high quality fps game,True,1,6.783333333333333,1785650360
231579397,its a good fps game i have ever played,True,1,13.85,1785320653
231228295,good shooting game,True,1,578.3833333333333,1784924848
231701479,PLS STOP STACKING ON FORTUNES KEEP,True,1,234.56666666666666,1785451237
230615870,"good but lot of hackers.
",True,1,86.03333333333333,1784218401
232427217,Despite all the hate still fun.,True,0,38.65,1786281685
232341352,its good but txic,True,0,30.333333333333332,1786190256
232290357,"best shooter game
",True,0,76.33333333333333,1786129791
232091403,peak game honestly all i can say,True,0,17.666666666666668,1785901890
231956812,boiling ♥♥♥♥ in a kettle,False,0,385.9166666666667,1785747912
231924805,♥♥♥♥♥ so ass but i still play it,False,0,304.73333333333335,1785704232
231802970,didnt let me playtyyyy,False,0,3.283333333333333,1785573828
231787429,"so good and cool
",True,0,238.46666666666667,1785553045
231748446,found my first gun before water,True,0,4.583333333333333,1785510920
231746754,one of the best shooter games,True,0,4.683333333333334,1785509368
231609507,"its cod, dont expect much from this game",True,0,454.73333333333335,1785350404
231546157,fun but full of sweats,True,0,75.98333333333333,1785276157
231432469,I have many problems with this game,False,0,13.533333333333333,1785152337
231398027,best game ive ever played please get this!!!!,True,0,33.11666666666667,1785106005
231322963,Infested with cheaters,False,0,1044.2333333333333,1785028828
231172398,Never felt mor anger,False,0,3.6666666666666665,1784865083
231089962,i got raped by 7 dudes faster then touching the floor,False,0,115.63333333333334,1784772545
231054469,lowk braindead game,False,0,54.6,1784732361
231013117,This game is not for the weak,True,0,64.46666666666667,1784675591
230662707,I mean its alright like yk,True,0,6.916666666666667,1784271967
230484169,melhor jogo ja existente baixa ai pa tu ve um negocio,True,0,30.666666666666668,1784061994
230262944,"""bios update"" fuh ahh game",False,1,24.116666666666667,1783823225
231690747,Puta mierda de juego,True,1,194.25,1785440300
232365493,The game is amazing.,True,0,532.3666666666667,1786212049
232329873,10/10 would not recommend,True,0,89.05,1786176355
232233929,bro it made me poopy asf,True,0,13.483333333333333,1786064967
232220216,just dont putt efort in this game,False,0,11.8,1786049873
232099130,ts pmo but its fun ig,True,0,6.45,1785913245
232034727,fun game for friends,True,0,14.833333333333334,1785841404
232009139,no cheaters what so ever,True,0,3.65,1785805196
231907700,"used to be good, rip",False,0,0.11666666666666667,1785688742
231901821,"BRO WHENEVER I HIT PLAY IT DOESNT WORK
",False,0,23.116666666666667,1785683713
231845446,"its so realitstic
",True,0,60.983333333333334,1785616673
231686262,stressful but fun,True,0,15.916666666666666,1785436160
231600825,fun   shooter game,True,0,159.31666666666666,1785342619
231567196,IM just goated at cod,True,0,238.7,1785302715
231406172,great until its not,True,0,5.4,1785115692
231329938,Being enjoy to play,True,0,3.566666666666667,1785037418
231321326,very good but enoying,True,0,3.1,1785026736
231157584,i love everything about this game,True,0,23.933333333333334,1784847062
231062238,This game is just perfect,True,0,33.21666666666667,1784740715
230884851,its so fun become a movement goblin,True,0,75.66666666666667,1784522478
230816795,good traning for school,True,0,7.733333333333333,1784446847
230754196,crashed twice on endgame,True,0,5.466666666666667,1784378789
230632082,the best game ever made,True,0,634.2166666666667,1784233220
230532493,what do u call a lesben on fire . . . a LGBBQ,True,0,220.7,1784122623
230432799,lowk snipers goated,True,0,18.966666666666665,1784005564
230406533,its fun and hard,True,0,24.25,1783974020
230405118,"They don't make them like they used to
",False,0,3.6166666666666667,1783972691
230339751,"love cod, been a fan for years!",True,0,701.3833333333333,1783897335
230329958,Nothing but hackers are left,False,0,106.66666666666667,1783888163
230306060,"i have playing senc i was 5 so ya its fun
",True,0,13.5,1783869478
231134213,this is the best first person shooter,True,0,290.26666666666665,1784825709
230968777,Same game every year,False,1,1064.45,1784629725
230707951,Trash but i like it,True,1,7.85,1784320951
230277212,fix this trash game,False,1,0.5166666666666667,1783840987
232089965,really good game,True,1,31.9,1785899958
231916629,game is so butt,False,1,11.366666666666667,1785696669
232510120,"best game oat!
",True,0,31.666666666666668,1786373834
232478489,warzone is the goat of brs,True,0,236.1,1786331442
232450231,network fails to start all the time,False,0,45.733333333333334,1786301009
232417598,very good game,True,0,77.0,1786271908
232365607,best game ever,True,0,635.8666666666667,1786212170
232316011,"it is a great game
",True,0,54.016666666666666,1786157902
232290991,"reallly good game
",True,0,876.7,1786130339
232281610,best game ever,True,0,133.01666666666668,1786122042
232263952,game is fkn trash,False,0,864.0166666666667,1786105500
232239179,it aint the same no mo :3,False,0,434.65,1786071694
232084180,fun until requise shows up,True,0,6.466666666666667,1785892271
232004529,best game all we no,True,0,3.183333333333333,1785799051
231981677,"best game ever
",True,0,204.13333333333333,1785775263
231970993,good game all round,True,0,219.0,1785765234
231920962,"best free game ever
",True,0,10.916666666666666,1785700648
231907174,lovely game not,False,0,71.83333333333333,1785688283
231883905,sa le bag muie la consolisti,True,0,381.1166666666667,1785665585
231767219,Worst game ever,True,0,869.8833333333333,1785529093
231699164,Great unless you need to re_install,True,0,3.316666666666667,1785448734
231645144,this a fire game ggs\,True,0,11.0,1785392675
231638817,game is very easy,True,0,44.6,1785383495
231603097,goodest game,True,0,105.98333333333333,1785344625
231555532,"great im hgaving fun
",True,0,3.8833333333333333,1785287433
231445863,A LOT CHEATERS WITH POOR SUPPORT FROM DEV'S,False,0,712.1333333333333,1785165628
231383375,"закиньте мне пару скинчиков наху 
",True,0,10.5,1785092381
231368823,dead facking game,False,0,373.53333333333336,1785080102
231327753,this game ♥♥♥♥♥♥♥ sucks,False,0,12.516666666666667,1785034807
231238201,its perfect game,True,0,1006.7666666666667,1784935137
231200638,A game that i genually enjoy,True,0,32.43333333333333,1784900800
231197404,bo7 multiplayer good,True,0,18.416666666666668,1784897692
231173393,funny community,True,0,5.4,1784866360
231162702,"love the game 
",True,0,181.78333333333333,1784853130
231146010,VERY GOOD BUT TOO EXPENSIVE,True,0,67.45,1784835906
231135432,"best game ever!
",True,0,198.4,1784826722
231075763,it keeps crashing everytime i get on,False,0,71.6,1784754640
231073458,nice game!!!!!!!!!!,True,0,0.8166666666666667,1784752253
230928056,goodg shoting,True,0,174.93333333333334,1784575598
230706416,super fun game!,True,0,274.3333333333333,1784319523
230659925,They have lost their minds lately,True,0,13.516666666666667,1784267736
230573346,they finally fixed this ♥♥♥♥,True,0,377.71666666666664,1784163823
230534189,I don't like this game!!!,True,0,562.5333333333333,1784124125
230478193,I LIKE THE HEAL WAY LOOK ITS VERY REALESTIC AND THE GUNS LOOK,True,0,29.6,1784056102
230426049,This game is horrid,False,0,1334.7166666666667,1783996271
230351120,ts game is ass,False,0,41.96666666666667,1783910821
230321329,Its a classic.,True,0,57.06666666666667,1783881290
230305638,very good game,True,0,22.683333333333334,1783869144
230493308,"We are at 47 hours, nuff said",True,2,47.333333333333336,1784071906
231839876,Insane game,True,1,12.033333333333333,1785611243
231265883,good if you wanna rip out your hair,True,1,710.4,1784970700
231153337,♥♥♥♥ game 0/10,False,1,0.7,1784842644
230658959,Great time killer love to play,True,1,180.66666666666666,1784266306
231780730,Terrible game.,False,1,14.75,1785544319
230634180,your worst experience of gaming,False,1,4.4,1784235233
232546120,"its really fun
",True,0,151.1,1786409700
232461066,its good,True,0,22.233333333333334,1786310659
232446308,"gay game
",False,0,3.6333333333333333,1786297614
232406363,Good game,True,0,877.9666666666667,1786257701
232402071,great game love it,True,0,6.266666666666667,1786251885
232350420,tatti game,False,0,10.25,1786199002
232322852,fun shooter,True,0,30.916666666666668,1786166633
232294088,"its makes me want to brake my pc
",False,0,47.46666666666667,1786133274
232241038,I like this game,True,0,16.5,1786074125
232167774,♥♥♥♥ this game,False,0,690.5166666666667,1785992031
232143516,best game,True,0,2152.983333333333,1785961648
232076318,Good game 🎮,True,0,118.8,1785882740
232057988,fun game,True,0,387.75,1785864800
232044567,peakest peak game,True,0,30.016666666666666,1785852439
231983396,good game,True,0,409.1166666666667,1785776909
231978217,good game,True,0,21.866666666666667,1785772108
231947215,good game,True,0,24.833333333333332,1785732659
231943126,it good,True,0,5.4,1785726481
231938976,love this game,True,0,2.933333333333333,1785720872
231921533,i love the game,True,0,3.5833333333333335,1785701186
231903569,Zombies is super fun,True,0,168.15,1785685153
231870899,they hate their game,False,0,714.2833333333333,1785648216
231862309,a good game,True,0,306.01666666666665,1785636690
231859624,good game,True,0,19.55,1785633239
231845395,good game,True,0,3.4833333333333334,1785616607
231803470,great game,True,0,13.85,1785574401
231790121,very fun game,True,0,17.083333333333332,1785556420
231778550,good game,True,0,65.28333333333333,1785541534
231774586,el goonable gameo,True,0,24.133333333333333,1785536962
231626176,nice game,True,0,1.3,1785367147
231622446,good game!,True,0,32.93333333333333,1785362814
231591607,good game,True,0,91.65,1785334271
231563085,its good as heck,True,0,48.36666666666667,1785296976
231539860,good game,True,0,87.76666666666667,1785269829
231501542,"good game
",True,0,3.3,1785230925
231485928,A good zen game,True,0,70.01666666666667,1785207378
231475353,good game,True,0,7.533333333333333,1785193834
231473398,Dont start cause you will get hooked,False,0,558.0166666666667,1785191473
231444645,"i love this game
",True,0,9.083333333333334,1785164569
231433431,"great game
",True,0,24.233333333333334,1785153467
231423291,good game,True,0,0.6833333333333333,1785139964
231407107,"its fun ig
",True,0,11.35,1785116887
231401576,Wont even start :(,False,0,4.15,1785110061
231395672,Great free game,True,0,16.416666666666668,1785103610
231387799,that movement bs is bs,False,0,23.8,1785096198
231325033,Same great fun!,True,0,27.633333333333333,1785031504
231321637,♥♥♥♥ this game,False,0,0.21666666666666667,1785027161
231254473,cool game,True,0,51.28333333333333,1784955271
231254118,"great game
",True,0,62.36666666666667,1784954793
231245490,awesome game,True,0,3.5166666666666666,1784944146
231242869,Fun  runs well,True,0,106.75,1784940831
231194389,"nice game 
",True,0,24.266666666666666,1784894554
231187121,good fun,True,0,4.55,1784885794
231173713,So many heavy updates,False,0,5.066666666666666,1784866754
231156775,Maybe next year lol,False,0,399.73333333333335,1784846135
231147187,good game,True,0,10.166666666666666,1784836969
231146572,"Good game
",True,0,41.3,1784836427
231145122,love it i just love it,True,0,84.23333333333333,1784835208
231141960,good game,True,0,30.383333333333333,1784832512
231138892,its just so bad..,False,0,0.9833333333333333,1784829815
231137224,good game,True,0,3.533333333333333,1784828308
231130891,sick game g,True,0,196.06666666666666,1784822902
231101798,good game,True,0,32.15,1784789683
231088831,its good,True,0,176.06666666666666,1784771058
231061869,i suffer every day while playing this,False,0,108.61666666666666,1784740357
231046186,good if you know how to play,True,0,8.616666666666667,1784723728
231042266,its soo good mw4,True,0,60.85,1784718742
231018538,guud game,True,0,5.766666666666667,1784682935
231004333,its good,True,0,3.783333333333333,1784666025
230996075,fun game,True,0,55.95,1784658185
230990355,sick game,True,0,155.58333333333334,1784652697
230983981,supercalifragilisticexpialidocious,True,0,859.9833333333333,1784646715
230959957,"i like warzone and zomibes soooo i like it
",True,0,33.4,1784616162
230935273,"its very good
",True,0,4.816666666666666,1784582452
230933231,its good,True,0,10.133333333333333,1784580439
230930385,"gun game
",True,0,5.383333333333334,1784577766
230919637,good cod,True,0,142.8,1784567505
230909937,veryy fun,True,0,42.38333333333333,1784558133
230880807,very cool game,True,0,46.833333333333336,1784516390
230877108,This game is ♥♥♥♥,False,0,16.666666666666668,1784511208
230847411,its so so good,True,0,6.316666666666666,1784478637
230841553,best game,True,0,8.983333333333333,1784473646
230794808,it is stright ahh,False,0,402.8333333333333,1784417334
230764887,it is a good game,True,0,1145.45,1784388809
230706586,good game,True,0,10.366666666666667,1784319690
230671510,Amazing game,True,0,33.05,1784284428
230624215,nice game,True,0,217.61666666666667,1784226046
230585540,"mid game

",True,0,86.98333333333333,1784181522
230572368,"its really fun
",True,0,157.36666666666667,1784162545
230558522,love this game,True,0,180.18333333333334,1784146372
230556773,its good,True,0,150.71666666666667,1784144664
230425651,gretas game,True,0,292.71666666666664,1783995795
230424084,game is asss,False,0,537.1166666666667,1783993765
230409930,good game,True,0,28.466666666666665,1783977251
230393554,it is very fun,True,0,10.416666666666666,1783961129
230385704,good game,True,0,32.016666666666666,1783954387
230338368,fun game,True,0,56.81666666666667,1783895900
232173841,love this game cuh!,True,0,13.566666666666666,1786001676
231822601,really good,True,0,19.033333333333335,1785595442
230846891,Great game,True,0,94.9,1784478185
231992357,130GB Malware Menu,False,3,1.5166666666666666,1785785634
231336021,good game,True,0,3.716666666666667,1785045405
232571533,nah its not it lowk,False,0,85.98333333333333,1786445234
232561703,gooooood,True,0,37.45,1786431180
232470616,good,True,0,5.45,1786321286
232382305,good,True,0,219.78333333333333,1786227913
232369571,good,True,0,4.616666666666666,1786215669
232332706,dumb game,False,0,3.466666666666667,1786179972
232330587,♥♥♥♥ game,False,0,183.71666666666667,1786177290
232308286,Very fun!!!,True,0,9.366666666666667,1786148361
232291960,fun,True,0,148.05,1786131293
232291756,its good,True,0,195.6,1786131093
232289462,good,True,0,30.966666666666665,1786128994
232286919,fun,True,0,30.633333333333333,1786126773
232282506,good,True,0,31.283333333333335,1786122841
232272984,good,True,0,8.216666666666667,1786114312
232208217,GOOD GAME AND ALL WAYS BEE,True,0,284.98333333333335,1786039126
232144385,"runs good
",True,0,16.933333333333334,1785962518
232120180,good,True,0,34.083333333333336,1785939590
232099226,good,True,0,7.283333333333333,1785913394
232085623,fun,True,0,99.78333333333333,1785894170
232082018,its cool,True,0,45.333333333333336,1785889409
232069760,good,True,0,70.4,1785876044
232065894,pacek game,True,0,71.0,1785872227
232002113,it's good,True,0,32.75,1785795943
231997627,fun,True,0,80.11666666666666,1785790951
231980964,good,True,0,9.8,1785774552
231979068,good,True,0,3.35,1785772905
