review_id,review_text,voted_up,votes_up,playtime_at_review,timestamp_created
200000000,The card balance RNG ruins competitive play. Deck cards are way too overpowered.,0,7,9.03,1710000000
200000001,Servers have terrible netcode and severe desync. I keep getting shot behind walls.,0,2,8.28,1710000300
200000002,The card balance RNG ruins competitive play. Deck cards are way too overpowered.,0,6,0.84,1710000600
200000003,The card balance RNG ruins competitive play. Deck cards are way too overpowered.,0,13,6.95,1710000900
200000004,Battle pass is predatory and microtransactions are overpriced for a game in this state.,0,0,9.81,1710001200
200000005,Gunplay is crisp and art style is super stylish.,1,10,32.93,1710001500
200000006,Matchmaking and SBMM are horrible. Getting destroyed by cheaters and smurfs every match.,0,10,11.51,1710001800
200000007,Cards mechanic feels totally RNG and unfair in ranked mode.,0,11,1.61,1710002100
200000008,The card balance RNG ruins competitive play. Deck cards are way too overpowered.,0,3,8.89,1710002400
200000009,"Great concept, hoping the devs fix the server issues soon.",1,9,8.15,1710002700
200000010,"Love the card mechanics, brings a fresh tactical twist to FPS.",1,2,28.09,1710003000
200000011,Matchmaking and SBMM are horrible. Getting destroyed by cheaters and smurfs every match.,0,2,9.39,1710003300
200000012,Really fun fresh take on hero shooters with the card system!,1,14,20.21,1710003600
200000013,Game constantly crashes to desktop. Unplayable server lag and high ping.,0,11,2.37,1710003900
200000014,Battle pass is predatory and microtransactions are overpriced for a game in this state.,0,2,8.57,1710004200
200000015,FPS drops and stuttering every time a card ability is activated. Poor optimization.,0,7,6.64,1710004500
200000016,Cards mechanic feels totally RNG and unfair in ranked mode.,0,7,3.6,1710004800
200000017,Really fun fresh take on hero shooters with the card system!,1,1,14.16,1710005100
200000018,"Great concept, hoping the devs fix the server issues soon.",1,6,15.71,1710005400
200000019,"Love the card mechanics, brings a fresh tactical twist to FPS.",1,15,13.51,1710005700
200000020,Connection lost every two matches. Desync makes gunplay feel unresponsive.,0,4,2.14,1710006000
200000021,Guns feel okay but card abilities break game balance completely.,0,13,6.7,1710006300
200000022,"Great concept, hoping the devs fix the server issues soon.",1,4,19.48,1710006600
200000023,Servers have terrible netcode and severe desync. I keep getting shot behind walls.,0,3,9.19,1710006900
200000024,FPS drops and stuttering every time a card ability is activated. Poor optimization.,0,13,9.61,1710007200
200000025,Cards mechanic feels totally RNG and unfair in ranked mode.,0,14,4.89,1710007500
200000026,Guns feel okay but card abilities break game balance completely.,0,0,10.4,1710007800
200000027,Really fun fresh take on hero shooters with the card system!,1,8,32.27,1710008100
200000028,"Love the card mechanics, brings a fresh tactical twist to FPS.",1,13,9.46,1710008400
200000029,The card balance RNG ruins competitive play. Deck cards are way too overpowered.,0,8,11.47,1710008700
200000030,Gunplay is crisp and art style is super stylish.,1,3,25.31,1710009000
200000031,"Love the card mechanics, brings a fresh tactical twist to FPS.",1,6,38.67,1710009300
200000032,FPS drops and stuttering every time a card ability is activated. Poor optimization.,0,0,6.7,1710009600
200000033,Connection lost every two matches. Desync makes gunplay feel unresponsive.,0,11,0.72,1710009900
200000034,"Love the card mechanics, brings a fresh tactical twist to FPS.",1,7,14.58,1710010200
200000035,Really fun fresh take on hero shooters with the card system!,1,15,8.43,1710010500
200000036,Gunplay is crisp and art style is super stylish.,1,15,10.14,1710010800
200000037,Gunplay is crisp and art style is super stylish.,1,13,15.6,1710011100
200000038,Gunplay is crisp and art style is super stylish.,1,12,33.52,1710011400
200000039,"Love the card mechanics, brings a fresh tactical twist to FPS.",1,14,22.52,1710011700
200000040,Matchmaking and SBMM are horrible. Getting destroyed by cheaters and smurfs every match.,0,0,1.24,1710012000
200000041,Matchmaking and SBMM are horrible. Getting destroyed by cheaters and smurfs every match.,0,0,7.27,1710012300
200000042,The card balance RNG ruins competitive play. Deck cards are way too overpowered.,0,1,3.13,1710012600
200000043,Really fun fresh take on hero shooters with the card system!,1,8,25.57,1710012900
200000044,Gunplay is crisp and art style is super stylish.,1,15,26.57,1710013200
200000045,Connection lost every two matches. Desync makes gunplay feel unresponsive.,0,6,9.79,1710013500
200000046,Cards mechanic feels totally RNG and unfair in ranked mode.,0,13,4.57,1710013800
200000047,The card balance RNG ruins competitive play. Deck cards are way too overpowered.,0,3,8.24,1710014100
200000048,Game constantly crashes to desktop. Unplayable server lag and high ping.,0,3,9.71,1710014400
200000049,Matchmaking and SBMM are horrible. Getting destroyed by cheaters and smurfs every match.,0,4,6.67,1710014700
200000050,Battle pass is predatory and microtransactions are overpriced for a game in this state.,0,2,5.82,1710015000
200000051,Guns feel okay but card abilities break game balance completely.,0,0,1.63,1710015300
200000052,Gunplay is crisp and art style is super stylish.,1,15,11.65,1710015600
200000053,Cards mechanic feels totally RNG and unfair in ranked mode.,0,5,10.88,1710015900
200000054,Cards mechanic feels totally RNG and unfair in ranked mode.,0,14,3.55,1710016200
200000055,Guns feel okay but card abilities break game balance completely.,0,15,8.11,1710016500
200000056,Battle pass is predatory and microtransactions are overpriced for a game in this state.,0,1,3.0,1710016800
200000057,Guns feel okay but card abilities break game balance completely.,0,10,1.2,1710017100
200000058,Connection lost every two matches. Desync makes gunplay feel unresponsive.,0,5,6.28,1710017400
200000059,Guns feel okay but card abilities break game balance completely.,0,5,1.42,1710017700
200000060,Servers have terrible netcode and severe desync. I keep getting shot behind walls.,0,7,8.26,1710018000
200000061,Matchmaking and SBMM are horrible. Getting destroyed by cheaters and smurfs every match.,0,1,7.16,1710018300
200000062,Cards mechanic feels totally RNG and unfair in ranked mode.,0,10,8.06,1710018600
200000063,Gunplay is crisp and art style is super stylish.,1,10,31.79,1710018900
200000064,Cards mechanic feels totally RNG and unfair in ranked mode.,0,9,2.01,1710019200
200000065,Servers have terrible netcode and severe desync. I keep getting shot behind walls.,0,3,0.61,1710019500
200000066,Matchmaking and SBMM are horrible. Getting destroyed by cheaters and smurfs every match.,0,4,6.32,1710019800
200000067,Really fun fresh take on hero shooters with the card system!,1,11,40.17,1710020100
200000068,Connection lost every two matches. Desync makes gunplay feel unresponsive.,0,9,10.09,1710020400
200000069,Guns feel okay but card abilities break game balance completely.,0,9,0.59,1710020700
200000070,Really fun fresh take on hero shooters with the card system!,1,4,42.56,1710021000
200000071,Servers have terrible netcode and severe desync. I keep getting shot behind walls.,0,4,9.04,1710021300
200000072,Matchmaking and SBMM are horrible. Getting destroyed by cheaters and smurfs every match.,0,6,8.75,1710021600
200000073,"Love the card mechanics, brings a fresh tactical twist to FPS.",1,8,25.22,1710021900
200000074,Really fun fresh take on hero shooters with the card system!,1,13,8.69,1710022200
200000075,Really fun fresh take on hero shooters with the card system!,1,4,5.14,1710022500
200000076,Battle pass is predatory and microtransactions are overpriced for a game in this state.,0,14,2.36,1710022800
200000077,Cards mechanic feels totally RNG and unfair in ranked mode.,0,3,6.95,1710023100
200000078,FPS drops and stuttering every time a card ability is activated. Poor optimization.,0,11,6.77,1710023400
200000079,FPS drops and stuttering every time a card ability is activated. Poor optimization.,0,1,5.44,1710023700
200000080,The card balance RNG ruins competitive play. Deck cards are way too overpowered.,0,6,10.84,1710024000
200000081,Really fun fresh take on hero shooters with the card system!,1,13,19.15,1710024300
200000082,Gunplay is crisp and art style is super stylish.,1,7,42.03,1710024600
200000083,Gunplay is crisp and art style is super stylish.,1,0,40.26,1710024900
200000084,Game constantly crashes to desktop. Unplayable server lag and high ping.,0,13,9.5,1710025200
200000085,Gunplay is crisp and art style is super stylish.,1,3,15.67,1710025500
200000086,The card balance RNG ruins competitive play. Deck cards are way too overpowered.,0,7,10.37,1710025800
200000087,Connection lost every two matches. Desync makes gunplay feel unresponsive.,0,7,4.52,1710026100
200000088,Matchmaking and SBMM are horrible. Getting destroyed by cheaters and smurfs every match.,0,8,5.08,1710026400
200000089,"Love the card mechanics, brings a fresh tactical twist to FPS.",1,12,19.05,1710026700
200000090,"Love the card mechanics, brings a fresh tactical twist to FPS.",1,3,42.57,1710027000
200000091,"Love the card mechanics, brings a fresh tactical twist to FPS.",1,8,12.14,1710027300
200000092,Cards mechanic feels totally RNG and unfair in ranked mode.,0,10,4.48,1710027600
200000093,Guns feel okay but card abilities break game balance completely.,0,6,1.83,1710027900
200000094,Cards mechanic feels totally RNG and unfair in ranked mode.,0,6,0.52,1710028200
200000095,Servers have terrible netcode and severe desync. I keep getting shot behind walls.,0,10,11.41,1710028500
200000096,Servers have terrible netcode and severe desync. I keep getting shot behind walls.,0,9,8.78,1710028800
200000097,Cards mechanic feels totally RNG and unfair in ranked mode.,0,9,4.25,1710029100
200000098,Matchmaking and SBMM are horrible. Getting destroyed by cheaters and smurfs every match.,0,12,5.34,1710029400
200000099,Gunplay is crisp and art style is super stylish.,1,9,29.62,1710029700
200000100,The card balance RNG ruins competitive play. Deck cards are way too overpowered.,0,6,3.99,1710030000
200000101,Game constantly crashes to desktop. Unplayable server lag and high ping.,0,14,5.85,1710030300
200000102,"Great concept, hoping the devs fix the server issues soon.",1,5,36.75,1710030600
200000103,"Love the card mechanics, brings a fresh tactical twist to FPS.",1,10,25.62,1710030900
200000104,Matchmaking and SBMM are horrible. Getting destroyed by cheaters and smurfs every match.,0,7,8.24,1710031200
200000105,Gunplay is crisp and art style is super stylish.,1,7,5.98,1710031500
200000106,Really fun fresh take on hero shooters with the card system!,1,6,23.22,1710031800
200000107,"Great concept, hoping the devs fix the server issues soon.",1,7,24.78,1710032100
200000108,The card balance RNG ruins competitive play. Deck cards are way too overpowered.,0,3,10.77,1710032400
200000109,Gunplay is crisp and art style is super stylish.,1,14,12.04,1710032700
200000110,Matchmaking and SBMM are horrible. Getting destroyed by cheaters and smurfs every match.,0,3,11.05,1710033000
200000111,Connection lost every two matches. Desync makes gunplay feel unresponsive.,0,10,8.18,1710033300
200000112,"Great concept, hoping the devs fix the server issues soon.",1,13,29.51,1710033600
200000113,"Great concept, hoping the devs fix the server issues soon.",1,15,40.89,1710033900
200000114,Matchmaking and SBMM are horrible. Getting destroyed by cheaters and smurfs every match.,0,8,10.16,1710034200
200000115,"Great concept, hoping the devs fix the server issues soon.",1,8,30.07,1710034500
200000116,Battle pass is predatory and microtransactions are overpriced for a game in this state.,0,10,3.2,1710034800
200000117,Guns feel okay but card abilities break game balance completely.,0,4,1.43,1710035100
200000118,FPS drops and stuttering every time a card ability is activated. Poor optimization.,0,2,8.62,1710035400
200000119,Game constantly crashes to desktop. Unplayable server lag and high ping.,0,13,6.74,1710035700
200000120,Cards mechanic feels totally RNG and unfair in ranked mode.,0,0,4.98,1710036000
200000121,"Great concept, hoping the devs fix the server issues soon.",1,11,24.08,1710036300
200000122,Cards mechanic feels totally RNG and unfair in ranked mode.,0,13,10.31,1710036600
200000123,Guns feel okay but card abilities break game balance completely.,0,7,9.7,1710036900
200000124,Battle pass is predatory and microtransactions are overpriced for a game in this state.,0,0,5.51,1710037200
200000125,Cards mechanic feels totally RNG and unfair in ranked mode.,0,14,8.83,1710037500
200000126,Really fun fresh take on hero shooters with the card system!,1,0,41.28,1710037800
200000127,Cards mechanic feels totally RNG and unfair in ranked mode.,0,14,2.06,1710038100
200000128,Battle pass is predatory and microtransactions are overpriced for a game in this state.,0,6,4.86,1710038400
200000129,Game constantly crashes to desktop. Unplayable server lag and high ping.,0,12,9.25,1710038700
200000130,Cards mechanic feels totally RNG and unfair in ranked mode.,0,2,3.4,1710039000
200000131,Guns feel okay but card abilities break game balance completely.,0,11,1.1,1710039300
200000132,Servers have terrible netcode and severe desync. I keep getting shot behind walls.,0,1,9.48,1710039600
200000133,Gunplay is crisp and art style is super stylish.,1,0,12.97,1710039900
200000134,Matchmaking and SBMM are horrible. Getting destroyed by cheaters and smurfs every match.,0,3,1.95,1710040200
200000135,Matchmaking and SBMM are horrible. Getting destroyed by cheaters and smurfs every match.,0,8,5.85,1710040500
200000136,Gunplay is crisp and art style is super stylish.,1,3,29.24,1710040800
200000137,Gunplay is crisp and art style is super stylish.,1,3,43.59,1710041100
200000138,Battle pass is predatory and microtransactions are overpriced for a game in this state.,0,12,7.12,1710041400
200000139,Matchmaking and SBMM are horrible. Getting destroyed by cheaters and smurfs every match.,0,7,1.37,1710041700
200000140,Battle pass is predatory and microtransactions are overpriced for a game in this state.,0,3,10.28,1710042000
200000141,Really fun fresh take on hero shooters with the card system!,1,13,18.89,1710042300
200000142,Really fun fresh take on hero shooters with the card system!,1,10,25.24,1710042600
200000143,Cards mechanic feels totally RNG and unfair in ranked mode.,0,3,9.96,1710042900
200000144,Game constantly crashes to desktop. Unplayable server lag and high ping.,0,14,7.81,1710043200
200000145,"Great concept, hoping the devs fix the server issues soon.",1,8,12.05,1710043500
200000146,Guns feel okay but card abilities break game balance completely.,0,14,9.41,1710043800
200000147,Battle pass is predatory and microtransactions are overpriced for a game in this state.,0,7,4.21,1710044100
200000148,Really fun fresh take on hero shooters with the card system!,1,14,16.16,1710044400
200000149,Connection lost every two matches. Desync makes gunplay feel unresponsive.,0,12,7.05,1710044700
200000150,Connection lost every two matches. Desync makes gunplay feel unresponsive.,0,5,10.29,1710045000
200000151,Game constantly crashes to desktop. Unplayable server lag and high ping.,0,10,9.68,1710045300
200000152,Battle pass is predatory and microtransactions are overpriced for a game in this state.,0,6,6.89,1710045600
200000153,Cards mechanic feels totally RNG and unfair in ranked mode.,0,7,6.12,1710045900
200000154,"Great concept, hoping the devs fix the server issues soon.",1,0,22.93,1710046200
200000155,Matchmaking and SBMM are horrible. Getting destroyed by cheaters and smurfs every match.,0,7,5.15,1710046500
200000156,Game constantly crashes to desktop. Unplayable server lag and high ping.,0,11,5.94,1710046800
200000157,Guns feel okay but card abilities break game balance completely.,0,14,4.3,1710047100
200000158,Battle pass is predatory and microtransactions are overpriced for a game in this state.,0,6,3.15,1710047400
200000159,Guns feel okay but card abilities break game balance completely.,0,5,11.44,1710047700
200000160,Connection lost every two matches. Desync makes gunplay feel unresponsive.,0,9,3.68,1710048000
200000161,Gunplay is crisp and art style is super stylish.,1,11,16.85,1710048300
200000162,The card balance RNG ruins competitive play. Deck cards are way too overpowered.,0,4,8.64,1710048600
200000163,The card balance RNG ruins competitive play. Deck cards are way too overpowered.,0,4,6.86,1710048900
200000164,Connection lost every two matches. Desync makes gunplay feel unresponsive.,0,0,1.68,1710049200
200000165,Connection lost every two matches. Desync makes gunplay feel unresponsive.,0,10,6.01,1710049500
200000166,The card balance RNG ruins competitive play. Deck cards are way too overpowered.,0,15,3.4,1710049800
200000167,Servers have terrible netcode and severe desync. I keep getting shot behind walls.,0,2,5.11,1710050100
200000168,The card balance RNG ruins competitive play. Deck cards are way too overpowered.,0,9,2.24,1710050400
200000169,Matchmaking and SBMM are horrible. Getting destroyed by cheaters and smurfs every match.,0,13,1.86,1710050700
200000170,Matchmaking and SBMM are horrible. Getting destroyed by cheaters and smurfs every match.,0,12,9.42,1710051000
200000171,Connection lost every two matches. Desync makes gunplay feel unresponsive.,0,13,3.92,1710051300
200000172,The card balance RNG ruins competitive play. Deck cards are way too overpowered.,0,3,7.51,1710051600
200000173,Gunplay is crisp and art style is super stylish.,1,8,30.02,1710051900
200000174,Gunplay is crisp and art style is super stylish.,1,2,14.59,1710052200
200000175,Cards mechanic feels totally RNG and unfair in ranked mode.,0,15,5.68,1710052500
200000176,Matchmaking and SBMM are horrible. Getting destroyed by cheaters and smurfs every match.,0,9,3.81,1710052800
200000177,"Great concept, hoping the devs fix the server issues soon.",1,7,7.85,1710053100
200000178,Gunplay is crisp and art style is super stylish.,1,7,22.01,1710053400
200000179,Battle pass is predatory and microtransactions are overpriced for a game in this state.,0,2,10.01,1710053700
200000180,Battle pass is predatory and microtransactions are overpriced for a game in this state.,0,9,7.34,1710054000
200000181,Connection lost every two matches. Desync makes gunplay feel unresponsive.,0,12,8.42,1710054300
200000182,"Great concept, hoping the devs fix the server issues soon.",1,1,22.51,1710054600
200000183,"Love the card mechanics, brings a fresh tactical twist to FPS.",1,0,29.15,1710054900
200000184,The card balance RNG ruins competitive play. Deck cards are way too overpowered.,0,8,12.0,1710055200
200000185,FPS drops and stuttering every time a card ability is activated. Poor optimization.,0,14,5.91,1710055500
200000186,Gunplay is crisp and art style is super stylish.,1,13,44.88,1710055800
200000187,Connection lost every two matches. Desync makes gunplay feel unresponsive.,0,15,11.64,1710056100
200000188,Game constantly crashes to desktop. Unplayable server lag and high ping.,0,3,4.19,1710056400
200000189,"Love the card mechanics, brings a fresh tactical twist to FPS.",1,15,21.47,1710056700
200000190,Cards mechanic feels totally RNG and unfair in ranked mode.,0,1,9.86,1710057000
200000191,Game constantly crashes to desktop. Unplayable server lag and high ping.,0,3,3.4,1710057300
200000192,"Great concept, hoping the devs fix the server issues soon.",1,0,39.6,1710057600
200000193,"Great concept, hoping the devs fix the server issues soon.",1,6,21.53,1710057900
200000194,Connection lost every two matches. Desync makes gunplay feel unresponsive.,0,1,7.69,1710058200
200000195,Guns feel okay but card abilities break game balance completely.,0,9,2.01,1710058500
200000196,Connection lost every two matches. Desync makes gunplay feel unresponsive.,0,7,1.9,1710058800
200000197,"Love the card mechanics, brings a fresh tactical twist to FPS.",1,13,27.03,1710059100
200000198,Servers have terrible netcode and severe desync. I keep getting shot behind walls.,0,3,5.81,1710059400
200000199,FPS drops and stuttering every time a card ability is activated. Poor optimization.,0,9,6.23,1710059700
200000200,Battle pass is predatory and microtransactions are overpriced for a game in this state.,0,15,5.28,1710060000
200000201,Gunplay is crisp and art style is super stylish.,1,4,23.27,1710060300
200000202,Guns feel okay but card abilities break game balance completely.,0,4,9.08,1710060600
200000203,"Love the card mechanics, brings a fresh tactical twist to FPS.",1,13,35.91,1710060900
200000204,Guns feel okay but card abilities break game balance completely.,0,0,3.57,1710061200
200000205,Battle pass is predatory and microtransactions are overpriced for a game in this state.,0,15,10.13,1710061500
200000206,"Great concept, hoping the devs fix the server issues soon.",1,11,26.54,1710061800
200000207,Guns feel okay but card abilities break game balance completely.,0,10,4.84,1710062100
200000208,Gunplay is crisp and art style is super stylish.,1,7,27.87,1710062400
200000209,"Great concept, hoping the devs fix the server issues soon.",1,15,6.75,1710062700
200000210,"Great concept, hoping the devs fix the server issues soon.",1,4,20.44,1710063000
200000211,The card balance RNG ruins competitive play. Deck cards are way too overpowered.,0,10,1.95,1710063300
200000212,"Great concept, hoping the devs fix the server issues soon.",1,14,8.99,1710063600
200000213,FPS drops and stuttering every time a card ability is activated. Poor optimization.,0,4,5.21,1710063900
200000214,Battle pass is predatory and microtransactions are overpriced for a game in this state.,0,12,4.39,1710064200
200000215,Game constantly crashes to desktop. Unplayable server lag and high ping.,0,12,10.3,1710064500
200000216,"Great concept, hoping the devs fix the server issues soon.",1,1,39.9,1710064800
200000217,Matchmaking and SBMM are horrible. Getting destroyed by cheaters and smurfs every match.,0,9,7.76,1710065100
200000218,Really fun fresh take on hero shooters with the card system!,1,3,22.36,1710065400
200000219,Really fun fresh take on hero shooters with the card system!,1,9,22.75,1710065700
200000220,Really fun fresh take on hero shooters with the card system!,1,1,17.97,1710066000
200000221,Game constantly crashes to desktop. Unplayable server lag and high ping.,0,7,5.45,1710066300
200000222,FPS drops and stuttering every time a card ability is activated. Poor optimization.,0,2,2.45,1710066600
200000223,Cards mechanic feels totally RNG and unfair in ranked mode.,0,7,7.63,1710066900
200000224,FPS drops and stuttering every time a card ability is activated. Poor optimization.,0,8,3.17,1710067200
200000225,The card balance RNG ruins competitive play. Deck cards are way too overpowered.,0,14,10.84,1710067500
200000226,Gunplay is crisp and art style is super stylish.,1,11,7.95,1710067800
200000227,"Love the card mechanics, brings a fresh tactical twist to FPS.",1,13,30.56,1710068100
200000228,"Great concept, hoping the devs fix the server issues soon.",1,6,38.81,1710068400
200000229,"Great concept, hoping the devs fix the server issues soon.",1,12,9.27,1710068700
200000230,Battle pass is predatory and microtransactions are overpriced for a game in this state.,0,9,11.92,1710069000
200000231,Cards mechanic feels totally RNG and unfair in ranked mode.,0,1,3.66,1710069300
200000232,"Great concept, hoping the devs fix the server issues soon.",1,9,38.31,1710069600
200000233,Gunplay is crisp and art style is super stylish.,1,11,29.28,1710069900
200000234,Matchmaking and SBMM are horrible. Getting destroyed by cheaters and smurfs every match.,0,4,7.64,1710070200
200000235,The card balance RNG ruins competitive play. Deck cards are way too overpowered.,0,14,4.05,1710070500
200000236,Game constantly crashes to desktop. Unplayable server lag and high ping.,0,2,8.92,1710070800
200000237,"Love the card mechanics, brings a fresh tactical twist to FPS.",1,5,34.9,1710071100
200000238,Guns feel okay but card abilities break game balance completely.,0,11,10.58,1710071400
200000239,Battle pass is predatory and microtransactions are overpriced for a game in this state.,0,8,10.05,1710071700
200000240,"Great concept, hoping the devs fix the server issues soon.",1,9,43.7,1710072000
200000241,"Love the card mechanics, brings a fresh tactical twist to FPS.",1,14,37.17,1710072300
200000242,Gunplay is crisp and art style is super stylish.,1,7,35.17,1710072600
200000243,"Great concept, hoping the devs fix the server issues soon.",1,11,43.69,1710072900
200000244,Cards mechanic feels totally RNG and unfair in ranked mode.,0,3,0.66,1710073200
200000245,Battle pass is predatory and microtransactions are overpriced for a game in this state.,0,11,7.22,1710073500
200000246,Matchmaking and SBMM are horrible. Getting destroyed by cheaters and smurfs every match.,0,10,5.92,1710073800
200000247,Gunplay is crisp and art style is super stylish.,1,14,30.91,1710074100
200000248,"Love the card mechanics, brings a fresh tactical twist to FPS.",1,3,30.97,1710074400
200000249,The card balance RNG ruins competitive play. Deck cards are way too overpowered.,0,15,4.0,1710074700
200000250,Matchmaking and SBMM are horrible. Getting destroyed by cheaters and smurfs every match.,0,4,10.7,1710075000
200000251,Game constantly crashes to desktop. Unplayable server lag and high ping.,0,13,8.21,1710075300
200000252,FPS drops and stuttering every time a card ability is activated. Poor optimization.,0,3,10.68,1710075600
200000253,"Great concept, hoping the devs fix the server issues soon.",1,8,42.56,1710075900
200000254,Game constantly crashes to desktop. Unplayable server lag and high ping.,0,14,3.0,1710076200
200000255,"Love the card mechanics, brings a fresh tactical twist to FPS.",1,11,8.97,1710076500
200000256,Game constantly crashes to desktop. Unplayable server lag and high ping.,0,8,1.2,1710076800
200000257,Servers have terrible netcode and severe desync. I keep getting shot behind walls.,0,14,11.41,1710077100
200000258,Matchmaking and SBMM are horrible. Getting destroyed by cheaters and smurfs every match.,0,0,7.88,1710077400
200000259,Game constantly crashes to desktop. Unplayable server lag and high ping.,0,4,3.3,1710077700
200000260,Gunplay is crisp and art style is super stylish.,1,6,7.74,1710078000
200000261,Matchmaking and SBMM are horrible. Getting destroyed by cheaters and smurfs every match.,0,4,4.28,1710078300
200000262,Really fun fresh take on hero shooters with the card system!,1,4,16.09,1710078600
200000263,"Love the card mechanics, brings a fresh tactical twist to FPS.",1,3,36.94,1710078900
200000264,Really fun fresh take on hero shooters with the card system!,1,11,10.27,1710079200
200000265,Gunplay is crisp and art style is super stylish.,1,0,28.55,1710079500
200000266,The card balance RNG ruins competitive play. Deck cards are way too overpowered.,0,13,1.96,1710079800
200000267,Servers have terrible netcode and severe desync. I keep getting shot behind walls.,0,11,5.98,1710080100
200000268,Servers have terrible netcode and severe desync. I keep getting shot behind walls.,0,7,5.7,1710080400
200000269,Really fun fresh take on hero shooters with the card system!,1,9,34.09,1710080700
200000270,The card balance RNG ruins competitive play. Deck cards are way too overpowered.,0,15,1.2,1710081000
200000271,"Great concept, hoping the devs fix the server issues soon.",1,15,32.44,1710081300
200000272,"Great concept, hoping the devs fix the server issues soon.",1,2,7.94,1710081600
200000273,FPS drops and stuttering every time a card ability is activated. Poor optimization.,0,8,1.26,1710081900
200000274,Guns feel okay but card abilities break game balance completely.,0,12,8.69,1710082200
200000275,"Love the card mechanics, brings a fresh tactical twist to FPS.",1,13,23.15,1710082500
200000276,Servers have terrible netcode and severe desync. I keep getting shot behind walls.,0,6,10.31,1710082800
200000277,Matchmaking and SBMM are horrible. Getting destroyed by cheaters and smurfs every match.,0,14,5.26,1710083100
200000278,Servers have terrible netcode and severe desync. I keep getting shot behind walls.,0,10,4.09,1710083400
200000279,"Love the card mechanics, brings a fresh tactical twist to FPS.",1,15,43.14,1710083700
200000280,Servers have terrible netcode and severe desync. I keep getting shot behind walls.,0,3,1.57,1710084000
200000281,"Love the card mechanics, brings a fresh tactical twist to FPS.",1,1,37.47,1710084300
200000282,Guns feel okay but card abilities break game balance completely.,0,3,6.96,1710084600
200000283,Cards mechanic feels totally RNG and unfair in ranked mode.,0,1,10.48,1710084900
200000284,"Love the card mechanics, brings a fresh tactical twist to FPS.",1,6,19.07,1710085200
200000285,Connection lost every two matches. Desync makes gunplay feel unresponsive.,0,3,3.08,1710085500
200000286,Guns feel okay but card abilities break game balance completely.,0,8,4.73,1710085800
200000287,Cards mechanic feels totally RNG and unfair in ranked mode.,0,0,10.22,1710086100
200000288,Battle pass is predatory and microtransactions are overpriced for a game in this state.,0,8,0.83,1710086400
200000289,"Love the card mechanics, brings a fresh tactical twist to FPS.",1,11,41.86,1710086700
200000290,FPS drops and stuttering every time a card ability is activated. Poor optimization.,0,12,7.01,1710087000
200000291,The card balance RNG ruins competitive play. Deck cards are way too overpowered.,0,6,1.56,1710087300
200000292,Connection lost every two matches. Desync makes gunplay feel unresponsive.,0,11,4.42,1710087600
200000293,Game constantly crashes to desktop. Unplayable server lag and high ping.,0,2,9.43,1710087900
200000294,Gunplay is crisp and art style is super stylish.,1,1,11.3,1710088200
200000295,"Love the card mechanics, brings a fresh tactical twist to FPS.",1,13,22.72,1710088500
200000296,Connection lost every two matches. Desync makes gunplay feel unresponsive.,0,6,5.26,1710088800
200000297,Really fun fresh take on hero shooters with the card system!,1,3,18.81,1710089100
200000298,Connection lost every two matches. Desync makes gunplay feel unresponsive.,0,9,6.56,1710089400
200000299,Cards mechanic feels totally RNG and unfair in ranked mode.,0,1,11.82,1710089700
200000300,Battle pass is predatory and microtransactions are overpriced for a game in this state.,0,4,11.37,1710090000
200000301,"Love the card mechanics, brings a fresh tactical twist to FPS.",1,0,18.12,1710090300
200000302,Cards mechanic feels totally RNG and unfair in ranked mode.,0,12,2.52,1710090600
200000303,Matchmaking and SBMM are horrible. Getting destroyed by cheaters and smurfs every match.,0,11,6.25,1710090900
200000304,The card balance RNG ruins competitive play. Deck cards are way too overpowered.,0,14,5.52,1710091200
200000305,"Love the card mechanics, brings a fresh tactical twist to FPS.",1,12,28.03,1710091500
200000306,"Great concept, hoping the devs fix the server issues soon.",1,12,16.58,1710091800
200000307,Game constantly crashes to desktop. Unplayable server lag and high ping.,0,14,2.48,1710092100
200000308,"Love the card mechanics, brings a fresh tactical twist to FPS.",1,3,8.53,1710092400
200000309,Cards mechanic feels totally RNG and unfair in ranked mode.,0,12,6.53,1710092700
200000310,"Love the card mechanics, brings a fresh tactical twist to FPS.",1,5,13.86,1710093000
200000311,Servers have terrible netcode and severe desync. I keep getting shot behind walls.,0,6,6.6,1710093300
200000312,"Love the card mechanics, brings a fresh tactical twist to FPS.",1,4,19.04,1710093600
200000313,FPS drops and stuttering every time a card ability is activated. Poor optimization.,0,5,3.44,1710093900
200000314,Servers have terrible netcode and severe desync. I keep getting shot behind walls.,0,15,2.54,1710094200
200000315,Connection lost every two matches. Desync makes gunplay feel unresponsive.,0,10,8.33,1710094500
200000316,"Love the card mechanics, brings a fresh tactical twist to FPS.",1,2,11.04,1710094800
200000317,Battle pass is predatory and microtransactions are overpriced for a game in this state.,0,1,9.66,1710095100
200000318,Servers have terrible netcode and severe desync. I keep getting shot behind walls.,0,14,4.07,1710095400
200000319,Game constantly crashes to desktop. Unplayable server lag and high ping.,0,2,10.06,1710095700
200000320,Servers have terrible netcode and severe desync. I keep getting shot behind walls.,0,12,7.57,1710096000
200000321,Guns feel okay but card abilities break game balance completely.,0,1,11.47,1710096300
200000322,Matchmaking and SBMM are horrible. Getting destroyed by cheaters and smurfs every match.,0,15,4.2,1710096600
200000323,The card balance RNG ruins competitive play. Deck cards are way too overpowered.,0,10,5.68,1710096900
200000324,Really fun fresh take on hero shooters with the card system!,1,5,25.18,1710097200
200000325,Connection lost every two matches. Desync makes gunplay feel unresponsive.,0,5,11.9,1710097500
200000326,Battle pass is predatory and microtransactions are overpriced for a game in this state.,0,10,4.96,1710097800
200000327,Really fun fresh take on hero shooters with the card system!,1,10,36.57,1710098100
200000328,Servers have terrible netcode and severe desync. I keep getting shot behind walls.,0,12,6.92,1710098400
200000329,FPS drops and stuttering every time a card ability is activated. Poor optimization.,0,4,4.33,1710098700
200000330,"Love the card mechanics, brings a fresh tactical twist to FPS.",1,12,43.71,1710099000
200000331,Servers have terrible netcode and severe desync. I keep getting shot behind walls.,0,12,4.06,1710099300
200000332,Game constantly crashes to desktop. Unplayable server lag and high ping.,0,2,9.85,1710099600
200000333,Cards mechanic feels totally RNG and unfair in ranked mode.,0,0,6.35,1710099900
200000334,FPS drops and stuttering every time a card ability is activated. Poor optimization.,0,10,11.44,1710100200
200000335,"Great concept, hoping the devs fix the server issues soon.",1,4,12.68,1710100500
200000336,Battle pass is predatory and microtransactions are overpriced for a game in this state.,0,3,10.21,1710100800
200000337,Guns feel okay but card abilities break game balance completely.,0,1,10.1,1710101100
200000338,Gunplay is crisp and art style is super stylish.,1,4,28.89,1710101400
200000339,FPS drops and stuttering every time a card ability is activated. Poor optimization.,0,1,8.79,1710101700
200000340,Matchmaking and SBMM are horrible. Getting destroyed by cheaters and smurfs every match.,0,9,11.65,1710102000
200000341,"Great concept, hoping the devs fix the server issues soon.",1,7,14.36,1710102300
200000342,Connection lost every two matches. Desync makes gunplay feel unresponsive.,0,6,10.9,1710102600
200000343,Connection lost every two matches. Desync makes gunplay feel unresponsive.,0,9,5.81,1710102900
200000344,"Great concept, hoping the devs fix the server issues soon.",1,6,43.65,1710103200
200000345,Gunplay is crisp and art style is super stylish.,1,1,39.92,1710103500
200000346,Game constantly crashes to desktop. Unplayable server lag and high ping.,0,3,6.88,1710103800
200000347,Really fun fresh take on hero shooters with the card system!,1,5,16.4,1710104100
200000348,Guns feel okay but card abilities break game balance completely.,0,13,2.19,1710104400
200000349,Matchmaking and SBMM are horrible. Getting destroyed by cheaters and smurfs every match.,0,11,9.89,1710104700
200000350,"Great concept, hoping the devs fix the server issues soon.",1,11,7.13,1710105000
200000351,Servers have terrible netcode and severe desync. I keep getting shot behind walls.,0,0,4.81,1710105300
200000352,Servers have terrible netcode and severe desync. I keep getting shot behind walls.,0,10,10.15,1710105600
200000353,Gunplay is crisp and art style is super stylish.,1,15,6.53,1710105900
200000354,Gunplay is crisp and art style is super stylish.,1,15,35.35,1710106200
200000355,The card balance RNG ruins competitive play. Deck cards are way too overpowered.,0,0,10.92,1710106500
200000356,FPS drops and stuttering every time a card ability is activated. Poor optimization.,0,13,6.81,1710106800
200000357,Battle pass is predatory and microtransactions are overpriced for a game in this state.,0,3,3.23,1710107100
200000358,Cards mechanic feels totally RNG and unfair in ranked mode.,0,14,7.85,1710107400
200000359,Connection lost every two matches. Desync makes gunplay feel unresponsive.,0,0,7.36,1710107700
200000360,Matchmaking and SBMM are horrible. Getting destroyed by cheaters and smurfs every match.,0,9,8.76,1710108000
200000361,Game constantly crashes to desktop. Unplayable server lag and high ping.,0,13,3.27,1710108300
200000362,Servers have terrible netcode and severe desync. I keep getting shot behind walls.,0,11,6.52,1710108600
200000363,Guns feel okay but card abilities break game balance completely.,0,0,6.76,1710108900
200000364,Connection lost every two matches. Desync makes gunplay feel unresponsive.,0,12,1.0,1710109200
200000365,"Love the card mechanics, brings a fresh tactical twist to FPS.",1,11,34.89,1710109500
200000366,"Love the card mechanics, brings a fresh tactical twist to FPS.",1,3,14.65,1710109800
200000367,"Love the card mechanics, brings a fresh tactical twist to FPS.",1,11,10.34,1710110100
200000368,FPS drops and stuttering every time a card ability is activated. Poor optimization.,0,14,10.05,1710110400
200000369,"Great concept, hoping the devs fix the server issues soon.",1,4,30.27,1710110700
200000370,Connection lost every two matches. Desync makes gunplay feel unresponsive.,0,6,0.93,1710111000
200000371,Matchmaking and SBMM are horrible. Getting destroyed by cheaters and smurfs every match.,0,10,10.69,1710111300
200000372,"Great concept, hoping the devs fix the server issues soon.",1,15,44.56,1710111600
200000373,Matchmaking and SBMM are horrible. Getting destroyed by cheaters and smurfs every match.,0,1,3.79,1710111900
200000374,"Love the card mechanics, brings a fresh tactical twist to FPS.",1,11,15.93,1710112200
200000375,Cards mechanic feels totally RNG and unfair in ranked mode.,0,12,9.05,1710112500
200000376,FPS drops and stuttering every time a card ability is activated. Poor optimization.,0,15,6.21,1710112800
200000377,Guns feel okay but card abilities break game balance completely.,0,2,3.57,1710113100
200000378,Really fun fresh take on hero shooters with the card system!,1,5,22.22,1710113400
200000379,Game constantly crashes to desktop. Unplayable server lag and high ping.,0,10,1.68,1710113700
200000380,"Love the card mechanics, brings a fresh tactical twist to FPS.",1,13,22.84,1710114000
200000381,Connection lost every two matches. Desync makes gunplay feel unresponsive.,0,1,4.54,1710114300
200000382,"Love the card mechanics, brings a fresh tactical twist to FPS.",1,13,29.59,1710114600
200000383,The card balance RNG ruins competitive play. Deck cards are way too overpowered.,0,12,1.36,1710114900
200000384,FPS drops and stuttering every time a card ability is activated. Poor optimization.,0,4,11.46,1710115200
200000385,"Great concept, hoping the devs fix the server issues soon.",1,2,6.39,1710115500
200000386,Game constantly crashes to desktop. Unplayable server lag and high ping.,0,1,4.66,1710115800
200000387,Connection lost every two matches. Desync makes gunplay feel unresponsive.,0,11,11.41,1710116100
200000388,Servers have terrible netcode and severe desync. I keep getting shot behind walls.,0,11,7.1,1710116400
200000389,Battle pass is predatory and microtransactions are overpriced for a game in this state.,0,3,3.37,1710116700
200000390,FPS drops and stuttering every time a card ability is activated. Poor optimization.,0,12,6.24,1710117000
200000391,Really fun fresh take on hero shooters with the card system!,1,8,15.47,1710117300
200000392,Gunplay is crisp and art style is super stylish.,1,9,44.85,1710117600
200000393,"Great concept, hoping the devs fix the server issues soon.",1,4,13.01,1710117900
200000394,"Great concept, hoping the devs fix the server issues soon.",1,14,11.91,1710118200
200000395,"Love the card mechanics, brings a fresh tactical twist to FPS.",1,2,31.71,1710118500
200000396,Battle pass is predatory and microtransactions are overpriced for a game in this state.,0,5,10.75,1710118800
200000397,Gunplay is crisp and art style is super stylish.,1,7,36.75,1710119100
200000398,Matchmaking and SBMM are horrible. Getting destroyed by cheaters and smurfs every match.,0,7,9.61,1710119400
200000399,Really fun fresh take on hero shooters with the card system!,1,11,19.44,1710119700
200000400,Guns feel okay but card abilities break game balance completely.,0,2,1.99,1710120000
200000401,Cards mechanic feels totally RNG and unfair in ranked mode.,0,15,12.0,1710120300
200000402,Cards mechanic feels totally RNG and unfair in ranked mode.,0,2,9.97,1710120600
200000403,Game constantly crashes to desktop. Unplayable server lag and high ping.,0,14,7.89,1710120900
200000404,Guns feel okay but card abilities break game balance completely.,0,5,4.46,1710121200
200000405,Gunplay is crisp and art style is super stylish.,1,1,22.3,1710121500
200000406,Gunplay is crisp and art style is super stylish.,1,5,17.16,1710121800
200000407,Matchmaking and SBMM are horrible. Getting destroyed by cheaters and smurfs every match.,0,9,4.48,1710122100
200000408,"Love the card mechanics, brings a fresh tactical twist to FPS.",1,8,12.85,1710122400
200000409,Battle pass is predatory and microtransactions are overpriced for a game in this state.,0,2,7.57,1710122700
200000410,FPS drops and stuttering every time a card ability is activated. Poor optimization.,0,4,7.31,1710123000
200000411,Game constantly crashes to desktop. Unplayable server lag and high ping.,0,1,10.19,1710123300
200000412,Really fun fresh take on hero shooters with the card system!,1,8,8.25,1710123600
200000413,"Great concept, hoping the devs fix the server issues soon.",1,0,29.72,1710123900
200000414,Guns feel okay but card abilities break game balance completely.,0,9,3.83,1710124200
200000415,Cards mechanic feels totally RNG and unfair in ranked mode.,0,2,3.92,1710124500
200000416,Gunplay is crisp and art style is super stylish.,1,15,22.58,1710124800
200000417,Game constantly crashes to desktop. Unplayable server lag and high ping.,0,10,7.48,1710125100
200000418,"Love the card mechanics, brings a fresh tactical twist to FPS.",1,11,34.37,1710125400
200000419,Gunplay is crisp and art style is super stylish.,1,3,35.43,1710125700
200000420,Connection lost every two matches. Desync makes gunplay feel unresponsive.,0,14,1.91,1710126000
200000421,Servers have terrible netcode and severe desync. I keep getting shot behind walls.,0,12,1.08,1710126300
200000422,"Great concept, hoping the devs fix the server issues soon.",1,5,14.93,1710126600
200000423,"Love the card mechanics, brings a fresh tactical twist to FPS.",1,5,12.59,1710126900
200000424,Guns feel okay but card abilities break game balance completely.,0,9,5.87,1710127200
200000425,Servers have terrible netcode and severe desync. I keep getting shot behind walls.,0,14,11.37,1710127500
200000426,Gunplay is crisp and art style is super stylish.,1,1,28.33,1710127800
200000427,Connection lost every two matches. Desync makes gunplay feel unresponsive.,0,15,7.37,1710128100
200000428,The card balance RNG ruins competitive play. Deck cards are way too overpowered.,0,13,10.24,1710128400
200000429,Battle pass is predatory and microtransactions are overpriced for a game in this state.,0,12,8.87,1710128700
200000430,Cards mechanic feels totally RNG and unfair in ranked mode.,0,6,1.09,1710129000
200000431,Battle pass is predatory and microtransactions are overpriced for a game in this state.,0,14,1.35,1710129300
200000432,"Love the card mechanics, brings a fresh tactical twist to FPS.",1,3,38.01,1710129600
200000433,Servers have terrible netcode and severe desync. I keep getting shot behind walls.,0,10,5.03,1710129900
200000434,Game constantly crashes to desktop. Unplayable server lag and high ping.,0,6,9.18,1710130200
200000435,Cards mechanic feels totally RNG and unfair in ranked mode.,0,1,6.25,1710130500
200000436,Game constantly crashes to desktop. Unplayable server lag and high ping.,0,14,9.75,1710130800
200000437,Guns feel okay but card abilities break game balance completely.,0,10,2.11,1710131100
200000438,Battle pass is predatory and microtransactions are overpriced for a game in this state.,0,15,7.33,1710131400
200000439,"Love the card mechanics, brings a fresh tactical twist to FPS.",1,0,24.0,1710131700
200000440,Servers have terrible netcode and severe desync. I keep getting shot behind walls.,0,9,11.77,1710132000
200000441,Really fun fresh take on hero shooters with the card system!,1,8,28.88,1710132300
200000442,Gunplay is crisp and art style is super stylish.,1,15,33.86,1710132600
200000443,Cards mechanic feels totally RNG and unfair in ranked mode.,0,7,2.2,1710132900
200000444,Servers have terrible netcode and severe desync. I keep getting shot behind walls.,0,14,2.69,1710133200
200000445,FPS drops and stuttering every time a card ability is activated. Poor optimization.,0,6,5.25,1710133500
200000446,Connection lost every two matches. Desync makes gunplay feel unresponsive.,0,1,10.54,1710133800
200000447,Gunplay is crisp and art style is super stylish.,1,15,27.44,1710134100
200000448,Game constantly crashes to desktop. Unplayable server lag and high ping.,0,14,11.5,1710134400
200000449,"Love the card mechanics, brings a fresh tactical twist to FPS.",1,8,26.85,1710134700
200000450,Matchmaking and SBMM are horrible. Getting destroyed by cheaters and smurfs every match.,0,8,11.51,1710135000
200000451,Matchmaking and SBMM are horrible. Getting destroyed by cheaters and smurfs every match.,0,9,11.33,1710135300
200000452,Gunplay is crisp and art style is super stylish.,1,15,32.61,1710135600
200000453,Game constantly crashes to desktop. Unplayable server lag and high ping.,0,8,6.95,1710135900
200000454,Guns feel okay but card abilities break game balance completely.,0,12,4.87,1710136200
200000455,Gunplay is crisp and art style is super stylish.,1,9,16.62,1710136500
200000456,Really fun fresh take on hero shooters with the card system!,1,14,18.85,1710136800
200000457,"Great concept, hoping the devs fix the server issues soon.",1,8,13.56,1710137100
200000458,"Love the card mechanics, brings a fresh tactical twist to FPS.",1,7,10.49,1710137400
200000459,Guns feel okay but card abilities break game balance completely.,0,7,3.1,1710137700
200000460,Cards mechanic feels totally RNG and unfair in ranked mode.,0,15,4.3,1710138000
200000461,FPS drops and stuttering every time a card ability is activated. Poor optimization.,0,5,0.56,1710138300
200000462,Connection lost every two matches. Desync makes gunplay feel unresponsive.,0,6,5.99,1710138600
200000463,"Love the card mechanics, brings a fresh tactical twist to FPS.",1,1,17.85,1710138900
200000464,Really fun fresh take on hero shooters with the card system!,1,7,31.09,1710139200
200000465,The card balance RNG ruins competitive play. Deck cards are way too overpowered.,0,5,11.0,1710139500
200000466,FPS drops and stuttering every time a card ability is activated. Poor optimization.,0,1,11.24,1710139800
200000467,"Great concept, hoping the devs fix the server issues soon.",1,5,36.52,1710140100
200000468,"Love the card mechanics, brings a fresh tactical twist to FPS.",1,0,40.07,1710140400
200000469,Servers have terrible netcode and severe desync. I keep getting shot behind walls.,0,10,11.18,1710140700
200000470,Guns feel okay but card abilities break game balance completely.,0,4,6.53,1710141000
200000471,"Great concept, hoping the devs fix the server issues soon.",1,3,15.91,1710141300
200000472,Connection lost every two matches. Desync makes gunplay feel unresponsive.,0,5,7.96,1710141600
200000473,Game constantly crashes to desktop. Unplayable server lag and high ping.,0,6,9.59,1710141900
200000474,Cards mechanic feels totally RNG and unfair in ranked mode.,0,10,10.01,1710142200
200000475,Servers have terrible netcode and severe desync. I keep getting shot behind walls.,0,4,2.62,1710142500
200000476,Matchmaking and SBMM are horrible. Getting destroyed by cheaters and smurfs every match.,0,12,0.58,1710142800
200000477,Battle pass is predatory and microtransactions are overpriced for a game in this state.,0,9,11.47,1710143100
200000478,The card balance RNG ruins competitive play. Deck cards are way too overpowered.,0,11,3.51,1710143400
200000479,Really fun fresh take on hero shooters with the card system!,1,14,31.71,1710143700
200000480,Cards mechanic feels totally RNG and unfair in ranked mode.,0,9,8.39,1710144000
200000481,"Love the card mechanics, brings a fresh tactical twist to FPS.",1,7,19.7,1710144300
200000482,FPS drops and stuttering every time a card ability is activated. Poor optimization.,0,14,6.0,1710144600
200000483,"Love the card mechanics, brings a fresh tactical twist to FPS.",1,15,21.63,1710144900
200000484,Gunplay is crisp and art style is super stylish.,1,2,35.47,1710145200
200000485,Guns feel okay but card abilities break game balance completely.,0,2,8.59,1710145500
200000486,Really fun fresh take on hero shooters with the card system!,1,6,7.47,1710145800
200000487,FPS drops and stuttering every time a card ability is activated. Poor optimization.,0,14,2.39,1710146100
200000488,Matchmaking and SBMM are horrible. Getting destroyed by cheaters and smurfs every match.,0,15,8.74,1710146400
200000489,Guns feel okay but card abilities break game balance completely.,0,1,5.62,1710146700
200000490,Guns feel okay but card abilities break game balance completely.,0,1,5.28,1710147000
200000491,Battle pass is predatory and microtransactions are overpriced for a game in this state.,0,12,8.82,1710147300
200000492,The card balance RNG ruins competitive play. Deck cards are way too overpowered.,0,2,9.08,1710147600
200000493,Game constantly crashes to desktop. Unplayable server lag and high ping.,0,1,8.55,1710147900
200000494,Really fun fresh take on hero shooters with the card system!,1,15,44.45,1710148200
200000495,Cards mechanic feels totally RNG and unfair in ranked mode.,0,4,2.57,1710148500
200000496,"Great concept, hoping the devs fix the server issues soon.",1,12,19.98,1710148800
200000497,Cards mechanic feels totally RNG and unfair in ranked mode.,0,4,4.82,1710149100
200000498,"Love the card mechanics, brings a fresh tactical twist to FPS.",1,12,9.75,1710149400
200000499,Matchmaking and SBMM are horrible. Getting destroyed by cheaters and smurfs every match.,0,0,10.1,1710149700
200000500,"Great concept, hoping the devs fix the server issues soon.",1,13,31.94,1710150000
200000501,Matchmaking and SBMM are horrible. Getting destroyed by cheaters and smurfs every match.,0,11,3.35,1710150300
200000502,Matchmaking and SBMM are horrible. Getting destroyed by cheaters and smurfs every match.,0,3,11.28,1710150600
200000503,Cards mechanic feels totally RNG and unfair in ranked mode.,0,0,7.57,1710150900
200000504,Servers have terrible netcode and severe desync. I keep getting shot behind walls.,0,1,1.66,1710151200
200000505,The card balance RNG ruins competitive play. Deck cards are way too overpowered.,0,1,3.31,1710151500
200000506,Matchmaking and SBMM are horrible. Getting destroyed by cheaters and smurfs every match.,0,1,6.71,1710151800
200000507,Battle pass is predatory and microtransactions are overpriced for a game in this state.,0,10,3.19,1710152100
200000508,Game constantly crashes to desktop. Unplayable server lag and high ping.,0,4,3.22,1710152400
200000509,Gunplay is crisp and art style is super stylish.,1,8,21.54,1710152700
200000510,FPS drops and stuttering every time a card ability is activated. Poor optimization.,0,13,7.7,1710153000
200000511,The card balance RNG ruins competitive play. Deck cards are way too overpowered.,0,12,11.68,1710153300
200000512,"Love the card mechanics, brings a fresh tactical twist to FPS.",1,13,32.85,1710153600
200000513,Cards mechanic feels totally RNG and unfair in ranked mode.,0,15,2.61,1710153900
200000514,Matchmaking and SBMM are horrible. Getting destroyed by cheaters and smurfs every match.,0,4,3.96,1710154200
200000515,Really fun fresh take on hero shooters with the card system!,1,13,27.5,1710154500
200000516,FPS drops and stuttering every time a card ability is activated. Poor optimization.,0,8,4.97,1710154800
200000517,Servers have terrible netcode and severe desync. I keep getting shot behind walls.,0,11,11.11,1710155100
200000518,Matchmaking and SBMM are horrible. Getting destroyed by cheaters and smurfs every match.,0,12,1.09,1710155400
200000519,Really fun fresh take on hero shooters with the card system!,1,6,39.94,1710155700
200000520,Gunplay is crisp and art style is super stylish.,1,10,24.18,1710156000
200000521,The card balance RNG ruins competitive play. Deck cards are way too overpowered.,0,6,2.94,1710156300
200000522,Really fun fresh take on hero shooters with the card system!,1,15,34.88,1710156600
200000523,Gunplay is crisp and art style is super stylish.,1,7,20.87,1710156900
200000524,Battle pass is predatory and microtransactions are overpriced for a game in this state.,0,11,4.88,1710157200
200000525,Game constantly crashes to desktop. Unplayable server lag and high ping.,0,15,6.4,1710157500
200000526,Connection lost every two matches. Desync makes gunplay feel unresponsive.,0,10,9.26,1710157800
200000527,"Love the card mechanics, brings a fresh tactical twist to FPS.",1,1,17.52,1710158100
200000528,Matchmaking and SBMM are horrible. Getting destroyed by cheaters and smurfs every match.,0,0,9.02,1710158400
200000529,Cards mechanic feels totally RNG and unfair in ranked mode.,0,6,3.89,1710158700
200000530,Cards mechanic feels totally RNG and unfair in ranked mode.,0,7,7.05,1710159000
200000531,Game constantly crashes to desktop. Unplayable server lag and high ping.,0,15,3.46,1710159300
200000532,"Great concept, hoping the devs fix the server issues soon.",1,11,23.43,1710159600
200000533,Guns feel okay but card abilities break game balance completely.,0,1,6.12,1710159900
200000534,Servers have terrible netcode and severe desync. I keep getting shot behind walls.,0,1,11.37,1710160200
200000535,"Great concept, hoping the devs fix the server issues soon.",1,7,10.5,1710160500
200000536,FPS drops and stuttering every time a card ability is activated. Poor optimization.,0,14,0.61,1710160800
200000537,Connection lost every two matches. Desync makes gunplay feel unresponsive.,0,0,8.08,1710161100
200000538,Guns feel okay but card abilities break game balance completely.,0,0,5.23,1710161400
200000539,Battle pass is predatory and microtransactions are overpriced for a game in this state.,0,9,6.66,1710161700
200000540,Cards mechanic feels totally RNG and unfair in ranked mode.,0,5,9.77,1710162000
200000541,Servers have terrible netcode and severe desync. I keep getting shot behind walls.,0,7,6.53,1710162300
200000542,Guns feel okay but card abilities break game balance completely.,0,11,3.4,1710162600
200000543,Cards mechanic feels totally RNG and unfair in ranked mode.,0,12,1.41,1710162900
200000544,Matchmaking and SBMM are horrible. Getting destroyed by cheaters and smurfs every match.,0,7,11.89,1710163200
200000545,Servers have terrible netcode and severe desync. I keep getting shot behind walls.,0,1,8.02,1710163500
200000546,Cards mechanic feels totally RNG and unfair in ranked mode.,0,15,4.84,1710163800
200000547,The card balance RNG ruins competitive play. Deck cards are way too overpowered.,0,2,8.58,1710164100
200000548,Cards mechanic feels totally RNG and unfair in ranked mode.,0,10,7.92,1710164400
200000549,Servers have terrible netcode and severe desync. I keep getting shot behind walls.,0,1,10.79,1710164700
200000550,Connection lost every two matches. Desync makes gunplay feel unresponsive.,0,2,3.62,1710165000
200000551,"Love the card mechanics, brings a fresh tactical twist to FPS.",1,1,40.97,1710165300
200000552,Game constantly crashes to desktop. Unplayable server lag and high ping.,0,6,0.68,1710165600
200000553,Cards mechanic feels totally RNG and unfair in ranked mode.,0,9,11.18,1710165900
200000554,Matchmaking and SBMM are horrible. Getting destroyed by cheaters and smurfs every match.,0,12,7.02,1710166200
200000555,"Love the card mechanics, brings a fresh tactical twist to FPS.",1,4,20.35,1710166500
200000556,Really fun fresh take on hero shooters with the card system!,1,11,25.03,1710166800
200000557,Cards mechanic feels totally RNG and unfair in ranked mode.,0,2,3.17,1710167100
200000558,Cards mechanic feels totally RNG and unfair in ranked mode.,0,10,11.64,1710167400
200000559,Battle pass is predatory and microtransactions are overpriced for a game in this state.,0,14,9.51,1710167700
200000560,Game constantly crashes to desktop. Unplayable server lag and high ping.,0,12,6.86,1710168000
200000561,Cards mechanic feels totally RNG and unfair in ranked mode.,0,9,1.49,1710168300
200000562,Really fun fresh take on hero shooters with the card system!,1,4,8.28,1710168600
200000563,FPS drops and stuttering every time a card ability is activated. Poor optimization.,0,10,9.01,1710168900
200000564,Servers have terrible netcode and severe desync. I keep getting shot behind walls.,0,9,0.56,1710169200
200000565,Battle pass is predatory and microtransactions are overpriced for a game in this state.,0,2,1.68,1710169500
200000566,Connection lost every two matches. Desync makes gunplay feel unresponsive.,0,13,6.91,1710169800
200000567,Servers have terrible netcode and severe desync. I keep getting shot behind walls.,0,2,4.57,1710170100
200000568,Game constantly crashes to desktop. Unplayable server lag and high ping.,0,0,10.43,1710170400
200000569,Cards mechanic feels totally RNG and unfair in ranked mode.,0,7,9.46,1710170700
200000570,FPS drops and stuttering every time a card ability is activated. Poor optimization.,0,5,8.38,1710171000
200000571,Battle pass is predatory and microtransactions are overpriced for a game in this state.,0,4,3.59,1710171300
200000572,Cards mechanic feels totally RNG and unfair in ranked mode.,0,9,3.67,1710171600
200000573,Servers have terrible netcode and severe desync. I keep getting shot behind walls.,0,7,4.65,1710171900
200000574,"Great concept, hoping the devs fix the server issues soon.",1,6,28.75,1710172200
200000575,FPS drops and stuttering every time a card ability is activated. Poor optimization.,0,12,4.0,1710172500
200000576,Cards mechanic feels totally RNG and unfair in ranked mode.,0,10,9.75,1710172800
200000577,Cards mechanic feels totally RNG and unfair in ranked mode.,0,4,9.88,1710173100
200000578,Matchmaking and SBMM are horrible. Getting destroyed by cheaters and smurfs every match.,0,5,6.01,1710173400
200000579,"Love the card mechanics, brings a fresh tactical twist to FPS.",1,15,16.66,1710173700
200000580,Gunplay is crisp and art style is super stylish.,1,8,18.04,1710174000
200000581,"Great concept, hoping the devs fix the server issues soon.",1,6,19.6,1710174300
200000582,Guns feel okay but card abilities break game balance completely.,0,0,2.57,1710174600
200000583,"Great concept, hoping the devs fix the server issues soon.",1,6,42.72,1710174900
200000584,Battle pass is predatory and microtransactions are overpriced for a game in this state.,0,2,10.06,1710175200
200000585,"Great concept, hoping the devs fix the server issues soon.",1,4,31.92,1710175500
200000586,Matchmaking and SBMM are horrible. Getting destroyed by cheaters and smurfs every match.,0,4,3.41,1710175800
200000587,"Great concept, hoping the devs fix the server issues soon.",1,15,7.96,1710176100
200000588,Guns feel okay but card abilities break game balance completely.,0,13,6.33,1710176400
200000589,Game constantly crashes to desktop. Unplayable server lag and high ping.,0,2,8.57,1710176700
200000590,Matchmaking and SBMM are horrible. Getting destroyed by cheaters and smurfs every match.,0,11,8.06,1710177000
200000591,The card balance RNG ruins competitive play. Deck cards are way too overpowered.,0,12,6.98,1710177300
200000592,"Love the card mechanics, brings a fresh tactical twist to FPS.",1,13,43.63,1710177600
200000593,Servers have terrible netcode and severe desync. I keep getting shot behind walls.,0,7,3.48,1710177900
200000594,Cards mechanic feels totally RNG and unfair in ranked mode.,0,4,5.83,1710178200
200000595,The card balance RNG ruins competitive play. Deck cards are way too overpowered.,0,9,6.05,1710178500
200000596,Servers have terrible netcode and severe desync. I keep getting shot behind walls.,0,4,1.83,1710178800
200000597,Game constantly crashes to desktop. Unplayable server lag and high ping.,0,6,5.74,1710179100
200000598,Game constantly crashes to desktop. Unplayable server lag and high ping.,0,14,5.98,1710179400
200000599,"Great concept, hoping the devs fix the server issues soon.",1,9,17.76,1710179700
200000600,Servers have terrible netcode and severe desync. I keep getting shot behind walls.,0,10,0.76,1710180000
200000601,FPS drops and stuttering every time a card ability is activated. Poor optimization.,0,7,11.19,1710180300
200000602,Guns feel okay but card abilities break game balance completely.,0,13,2.34,1710180600
200000603,Gunplay is crisp and art style is super stylish.,1,5,36.91,1710180900
200000604,Cards mechanic feels totally RNG and unfair in ranked mode.,0,6,5.05,1710181200
200000605,Cards mechanic feels totally RNG and unfair in ranked mode.,0,6,4.97,1710181500
200000606,Servers have terrible netcode and severe desync. I keep getting shot behind walls.,0,5,7.14,1710181800
200000607,Matchmaking and SBMM are horrible. Getting destroyed by cheaters and smurfs every match.,0,8,5.76,1710182100
200000608,"Great concept, hoping the devs fix the server issues soon.",1,10,26.11,1710182400
200000609,Cards mechanic feels totally RNG and unfair in ranked mode.,0,11,7.25,1710182700
200000610,Connection lost every two matches. Desync makes gunplay feel unresponsive.,0,9,7.6,1710183000
200000611,Really fun fresh take on hero shooters with the card system!,1,10,31.88,1710183300
200000612,Battle pass is predatory and microtransactions are overpriced for a game in this state.,0,11,1.84,1710183600
200000613,"Great concept, hoping the devs fix the server issues soon.",1,4,21.73,1710183900
200000614,Cards mechanic feels totally RNG and unfair in ranked mode.,0,5,2.64,1710184200
200000615,Connection lost every two matches. Desync makes gunplay feel unresponsive.,0,5,3.82,1710184500
200000616,Connection lost every two matches. Desync makes gunplay feel unresponsive.,0,11,7.62,1710184800
200000617,"Great concept, hoping the devs fix the server issues soon.",1,12,10.46,1710185100
200000618,"Great concept, hoping the devs fix the server issues soon.",1,15,21.37,1710185400
200000619,Connection lost every two matches. Desync makes gunplay feel unresponsive.,0,2,6.12,1710185700
200000620,Matchmaking and SBMM are horrible. Getting destroyed by cheaters and smurfs every match.,0,8,3.86,1710186000
200000621,Battle pass is predatory and microtransactions are overpriced for a game in this state.,0,14,2.43,1710186300
200000622,Connection lost every two matches. Desync makes gunplay feel unresponsive.,0,3,6.82,1710186600
200000623,Battle pass is predatory and microtransactions are overpriced for a game in this state.,0,11,9.41,1710186900
200000624,The card balance RNG ruins competitive play. Deck cards are way too overpowered.,0,14,9.24,1710187200
200000625,Cards mechanic feels totally RNG and unfair in ranked mode.,0,7,1.68,1710187500
200000626,The card balance RNG ruins competitive play. Deck cards are way too overpowered.,0,11,5.67,1710187800
200000627,Really fun fresh take on hero shooters with the card system!,1,3,22.56,1710188100
200000628,Gunplay is crisp and art style is super stylish.,1,11,13.4,1710188400
200000629,"Great concept, hoping the devs fix the server issues soon.",1,4,11.64,1710188700
200000630,Gunplay is crisp and art style is super stylish.,1,11,37.22,1710189000
200000631,Guns feel okay but card abilities break game balance completely.,0,9,2.44,1710189300
200000632,Battle pass is predatory and microtransactions are overpriced for a game in this state.,0,3,11.45,1710189600
200000633,Cards mechanic feels totally RNG and unfair in ranked mode.,0,8,11.07,1710189900
200000634,Gunplay is crisp and art style is super stylish.,1,4,33.06,1710190200
200000635,Game constantly crashes to desktop. Unplayable server lag and high ping.,0,12,10.03,1710190500
200000636,Battle pass is predatory and microtransactions are overpriced for a game in this state.,0,12,7.72,1710190800
200000637,Servers have terrible netcode and severe desync. I keep getting shot behind walls.,0,8,5.13,1710191100
200000638,"Love the card mechanics, brings a fresh tactical twist to FPS.",1,15,23.19,1710191400
200000639,The card balance RNG ruins competitive play. Deck cards are way too overpowered.,0,2,10.49,1710191700
200000640,"Great concept, hoping the devs fix the server issues soon.",1,11,30.39,1710192000
200000641,"Great concept, hoping the devs fix the server issues soon.",1,13,13.71,1710192300
200000642,"Great concept, hoping the devs fix the server issues soon.",1,9,15.74,1710192600
200000643,FPS drops and stuttering every time a card ability is activated. Poor optimization.,0,15,7.01,1710192900
200000644,Really fun fresh take on hero shooters with the card system!,1,14,6.84,1710193200
200000645,FPS drops and stuttering every time a card ability is activated. Poor optimization.,0,0,5.57,1710193500
200000646,"Great concept, hoping the devs fix the server issues soon.",1,4,13.09,1710193800
200000647,"Love the card mechanics, brings a fresh tactical twist to FPS.",1,8,11.36,1710194100
200000648,Game constantly crashes to desktop. Unplayable server lag and high ping.,0,11,3.38,1710194400
200000649,Gunplay is crisp and art style is super stylish.,1,9,7.07,1710194700
200000650,Gunplay is crisp and art style is super stylish.,1,2,22.17,1710195000
200000651,Really fun fresh take on hero shooters with the card system!,1,2,13.54,1710195300
200000652,Matchmaking and SBMM are horrible. Getting destroyed by cheaters and smurfs every match.,0,14,6.47,1710195600
200000653,Game constantly crashes to desktop. Unplayable server lag and high ping.,0,13,9.9,1710195900
200000654,"Great concept, hoping the devs fix the server issues soon.",1,12,7.83,1710196200
200000655,Servers have terrible netcode and severe desync. I keep getting shot behind walls.,0,11,1.69,1710196500
200000656,Gunplay is crisp and art style is super stylish.,1,4,20.31,1710196800
200000657,FPS drops and stuttering every time a card ability is activated. Poor optimization.,0,0,1.29,1710197100
200000658,FPS drops and stuttering every time a card ability is activated. Poor optimization.,0,6,5.56,1710197400
200000659,FPS drops and stuttering every time a card ability is activated. Poor optimization.,0,14,11.08,1710197700
200000660,Really fun fresh take on hero shooters with the card system!,1,4,40.86,1710198000
200000661,"Great concept, hoping the devs fix the server issues soon.",1,13,19.06,1710198300
200000662,FPS drops and stuttering every time a card ability is activated. Poor optimization.,0,2,3.35,1710198600
200000663,Battle pass is predatory and microtransactions are overpriced for a game in this state.,0,0,9.46,1710198900
200000664,"Love the card mechanics, brings a fresh tactical twist to FPS.",1,6,13.22,1710199200
200000665,"Love the card mechanics, brings a fresh tactical twist to FPS.",1,7,30.85,1710199500
200000666,Servers have terrible netcode and severe desync. I keep getting shot behind walls.,0,2,3.27,1710199800
200000667,The card balance RNG ruins competitive play. Deck cards are way too overpowered.,0,10,11.85,1710200100
200000668,Cards mechanic feels totally RNG and unfair in ranked mode.,0,5,4.7,1710200400
200000669,Really fun fresh take on hero shooters with the card system!,1,2,5.67,1710200700
200000670,Matchmaking and SBMM are horrible. Getting destroyed by cheaters and smurfs every match.,0,1,0.96,1710201000
200000671,"Great concept, hoping the devs fix the server issues soon.",1,13,25.26,1710201300
200000672,Cards mechanic feels totally RNG and unfair in ranked mode.,0,4,1.45,1710201600
200000673,Battle pass is predatory and microtransactions are overpriced for a game in this state.,0,6,1.41,1710201900
200000674,Gunplay is crisp and art style is super stylish.,1,12,26.46,1710202200
200000675,Servers have terrible netcode and severe desync. I keep getting shot behind walls.,0,13,4.07,1710202500
200000676,Gunplay is crisp and art style is super stylish.,1,2,7.32,1710202800
200000677,Really fun fresh take on hero shooters with the card system!,1,1,23.13,1710203100
200000678,FPS drops and stuttering every time a card ability is activated. Poor optimization.,0,4,1.87,1710203400
200000679,Gunplay is crisp and art style is super stylish.,1,11,24.86,1710203700
200000680,Battle pass is predatory and microtransactions are overpriced for a game in this state.,0,4,2.42,1710204000
200000681,"Love the card mechanics, brings a fresh tactical twist to FPS.",1,3,34.32,1710204300
200000682,Really fun fresh take on hero shooters with the card system!,1,13,18.4,1710204600
200000683,Servers have terrible netcode and severe desync. I keep getting shot behind walls.,0,2,3.52,1710204900
200000684,Guns feel okay but card abilities break game balance completely.,0,15,4.64,1710205200
200000685,Gunplay is crisp and art style is super stylish.,1,8,19.71,1710205500
200000686,Really fun fresh take on hero shooters with the card system!,1,0,14.14,1710205800
200000687,The card balance RNG ruins competitive play. Deck cards are way too overpowered.,0,15,3.31,1710206100
200000688,FPS drops and stuttering every time a card ability is activated. Poor optimization.,0,1,2.56,1710206400
200000689,Cards mechanic feels totally RNG and unfair in ranked mode.,0,7,3.08,1710206700
200000690,Game constantly crashes to desktop. Unplayable server lag and high ping.,0,2,3.62,1710207000
200000691,Servers have terrible netcode and severe desync. I keep getting shot behind walls.,0,1,6.27,1710207300
200000692,Guns feel okay but card abilities break game balance completely.,0,12,11.79,1710207600
200000693,Connection lost every two matches. Desync makes gunplay feel unresponsive.,0,9,10.46,1710207900
200000694,Guns feel okay but card abilities break game balance completely.,0,11,5.75,1710208200
200000695,Battle pass is predatory and microtransactions are overpriced for a game in this state.,0,7,9.01,1710208500
200000696,Connection lost every two matches. Desync makes gunplay feel unresponsive.,0,6,11.97,1710208800
200000697,Gunplay is crisp and art style is super stylish.,1,13,11.02,1710209100
200000698,Guns feel okay but card abilities break game balance completely.,0,0,4.48,1710209400
200000699,Really fun fresh take on hero shooters with the card system!,1,12,35.36,1710209700
200000700,"Love the card mechanics, brings a fresh tactical twist to FPS.",1,7,9.16,1710210000
200000701,The card balance RNG ruins competitive play. Deck cards are way too overpowered.,0,4,11.68,1710210300
200000702,Really fun fresh take on hero shooters with the card system!,1,7,6.76,1710210600
200000703,"Great concept, hoping the devs fix the server issues soon.",1,11,33.03,1710210900
200000704,Servers have terrible netcode and severe desync. I keep getting shot behind walls.,0,4,7.18,1710211200
200000705,Cards mechanic feels totally RNG and unfair in ranked mode.,0,1,1.36,1710211500
200000706,FPS drops and stuttering every time a card ability is activated. Poor optimization.,0,8,3.22,1710211800
200000707,"Great concept, hoping the devs fix the server issues soon.",1,10,33.03,1710212100
200000708,Battle pass is predatory and microtransactions are overpriced for a game in this state.,0,6,3.19,1710212400
200000709,Servers have terrible netcode and severe desync. I keep getting shot behind walls.,0,5,2.29,1710212700
200000710,Game constantly crashes to desktop. Unplayable server lag and high ping.,0,11,5.17,1710213000
200000711,Gunplay is crisp and art style is super stylish.,1,14,23.08,1710213300
200000712,Servers have terrible netcode and severe desync. I keep getting shot behind walls.,0,9,1.54,1710213600
200000713,Really fun fresh take on hero shooters with the card system!,1,10,13.6,1710213900
200000714,Matchmaking and SBMM are horrible. Getting destroyed by cheaters and smurfs every match.,0,12,11.64,1710214200
200000715,Battle pass is predatory and microtransactions are overpriced for a game in this state.,0,5,3.49,1710214500
200000716,Cards mechanic feels totally RNG and unfair in ranked mode.,0,7,10.33,1710214800
200000717,Servers have terrible netcode and severe desync. I keep getting shot behind walls.,0,4,9.74,1710215100
200000718,The card balance RNG ruins competitive play. Deck cards are way too overpowered.,0,7,10.05,1710215400
200000719,Cards mechanic feels totally RNG and unfair in ranked mode.,0,2,4.78,1710215700
200000720,Battle pass is predatory and microtransactions are overpriced for a game in this state.,0,2,11.05,1710216000
200000721,Servers have terrible netcode and severe desync. I keep getting shot behind walls.,0,14,2.77,1710216300
200000722,Really fun fresh take on hero shooters with the card system!,1,10,41.2,1710216600
200000723,Connection lost every two matches. Desync makes gunplay feel unresponsive.,0,13,1.08,1710216900
200000724,"Great concept, hoping the devs fix the server issues soon.",1,12,24.85,1710217200
200000725,Gunplay is crisp and art style is super stylish.,1,5,19.16,1710217500
200000726,Connection lost every two matches. Desync makes gunplay feel unresponsive.,0,1,10.66,1710217800
200000727,Matchmaking and SBMM are horrible. Getting destroyed by cheaters and smurfs every match.,0,15,7.94,1710218100
200000728,Guns feel okay but card abilities break game balance completely.,0,2,6.01,1710218400
200000729,FPS drops and stuttering every time a card ability is activated. Poor optimization.,0,7,5.32,1710218700
200000730,Guns feel okay but card abilities break game balance completely.,0,12,9.64,1710219000
200000731,"Love the card mechanics, brings a fresh tactical twist to FPS.",1,15,24.19,1710219300
200000732,Guns feel okay but card abilities break game balance completely.,0,8,4.2,1710219600
200000733,Game constantly crashes to desktop. Unplayable server lag and high ping.,0,0,7.37,1710219900
200000734,"Love the card mechanics, brings a fresh tactical twist to FPS.",1,15,7.34,1710220200
200000735,Matchmaking and SBMM are horrible. Getting destroyed by cheaters and smurfs every match.,0,3,11.7,1710220500
200000736,Matchmaking and SBMM are horrible. Getting destroyed by cheaters and smurfs every match.,0,1,3.57,1710220800
200000737,Gunplay is crisp and art style is super stylish.,1,12,28.03,1710221100
200000738,FPS drops and stuttering every time a card ability is activated. Poor optimization.,0,10,2.53,1710221400
200000739,"Love the card mechanics, brings a fresh tactical twist to FPS.",1,0,41.56,1710221700
200000740,"Love the card mechanics, brings a fresh tactical twist to FPS.",1,4,42.9,1710222000
200000741,Matchmaking and SBMM are horrible. Getting destroyed by cheaters and smurfs every match.,0,15,10.12,1710222300
200000742,FPS drops and stuttering every time a card ability is activated. Poor optimization.,0,2,6.14,1710222600
200000743,Matchmaking and SBMM are horrible. Getting destroyed by cheaters and smurfs every match.,0,15,0.73,1710222900
200000744,Matchmaking and SBMM are horrible. Getting destroyed by cheaters and smurfs every match.,0,10,9.77,1710223200
200000745,"Love the card mechanics, brings a fresh tactical twist to FPS.",1,4,7.38,1710223500
200000746,FPS drops and stuttering every time a card ability is activated. Poor optimization.,0,11,9.41,1710223800
200000747,"Love the card mechanics, brings a fresh tactical twist to FPS.",1,12,33.18,1710224100
200000748,Game constantly crashes to desktop. Unplayable server lag and high ping.,0,4,3.97,1710224400
200000749,"Great concept, hoping the devs fix the server issues soon.",1,15,36.67,1710224700
200000750,FPS drops and stuttering every time a card ability is activated. Poor optimization.,0,11,8.63,1710225000
200000751,FPS drops and stuttering every time a card ability is activated. Poor optimization.,0,9,4.85,1710225300
200000752,The card balance RNG ruins competitive play. Deck cards are way too overpowered.,0,12,11.41,1710225600
200000753,Really fun fresh take on hero shooters with the card system!,1,10,12.28,1710225900
200000754,Gunplay is crisp and art style is super stylish.,1,3,30.59,1710226200
200000755,Gunplay is crisp and art style is super stylish.,1,2,18.25,1710226500
200000756,Game constantly crashes to desktop. Unplayable server lag and high ping.,0,2,2.43,1710226800
200000757,"Love the card mechanics, brings a fresh tactical twist to FPS.",1,8,22.87,1710227100
200000758,Servers have terrible netcode and severe desync. I keep getting shot behind walls.,0,3,4.53,1710227400
200000759,Really fun fresh take on hero shooters with the card system!,1,13,20.44,1710227700
200000760,"Great concept, hoping the devs fix the server issues soon.",1,12,24.72,1710228000
200000761,Cards mechanic feels totally RNG and unfair in ranked mode.,0,15,1.67,1710228300
200000762,Gunplay is crisp and art style is super stylish.,1,2,11.51,1710228600
200000763,Really fun fresh take on hero shooters with the card system!,1,10,16.8,1710228900
200000764,Servers have terrible netcode and severe desync. I keep getting shot behind walls.,0,5,1.35,1710229200
200000765,Gunplay is crisp and art style is super stylish.,1,2,34.28,1710229500
200000766,Connection lost every two matches. Desync makes gunplay feel unresponsive.,0,13,8.6,1710229800
200000767,Gunplay is crisp and art style is super stylish.,1,13,29.29,1710230100
200000768,Servers have terrible netcode and severe desync. I keep getting shot behind walls.,0,6,4.31,1710230400
200000769,Guns feel okay but card abilities break game balance completely.,0,8,8.8,1710230700
200000770,"Love the card mechanics, brings a fresh tactical twist to FPS.",1,1,14.5,1710231000
200000771,Guns feel okay but card abilities break game balance completely.,0,4,10.16,1710231300
200000772,The card balance RNG ruins competitive play. Deck cards are way too overpowered.,0,9,5.42,1710231600
200000773,"Great concept, hoping the devs fix the server issues soon.",1,0,12.99,1710231900
200000774,Battle pass is predatory and microtransactions are overpriced for a game in this state.,0,15,11.74,1710232200
200000775,"Love the card mechanics, brings a fresh tactical twist to FPS.",1,15,36.4,1710232500
200000776,Battle pass is predatory and microtransactions are overpriced for a game in this state.,0,12,1.55,1710232800
200000777,Cards mechanic feels totally RNG and unfair in ranked mode.,0,14,4.75,1710233100
200000778,Connection lost every two matches. Desync makes gunplay feel unresponsive.,0,7,5.85,1710233400
200000779,Really fun fresh take on hero shooters with the card system!,1,3,11.05,1710233700
200000780,Game constantly crashes to desktop. Unplayable server lag and high ping.,0,13,9.79,1710234000
200000781,Gunplay is crisp and art style is super stylish.,1,12,27.14,1710234300
200000782,"Great concept, hoping the devs fix the server issues soon.",1,15,43.63,1710234600
200000783,Matchmaking and SBMM are horrible. Getting destroyed by cheaters and smurfs every match.,0,2,5.98,1710234900
200000784,The card balance RNG ruins competitive play. Deck cards are way too overpowered.,0,4,6.27,1710235200
200000785,Connection lost every two matches. Desync makes gunplay feel unresponsive.,0,5,2.49,1710235500
200000786,Gunplay is crisp and art style is super stylish.,1,13,10.05,1710235800
200000787,Cards mechanic feels totally RNG and unfair in ranked mode.,0,4,2.82,1710236100
200000788,"Love the card mechanics, brings a fresh tactical twist to FPS.",1,2,17.79,1710236400
200000789,Guns feel okay but card abilities break game balance completely.,0,10,5.07,1710236700
200000790,"Great concept, hoping the devs fix the server issues soon.",1,0,41.69,1710237000
200000791,"Great concept, hoping the devs fix the server issues soon.",1,4,9.5,1710237300
200000792,Servers have terrible netcode and severe desync. I keep getting shot behind walls.,0,3,11.14,1710237600
200000793,"Love the card mechanics, brings a fresh tactical twist to FPS.",1,8,40.12,1710237900
200000794,Connection lost every two matches. Desync makes gunplay feel unresponsive.,0,15,7.08,1710238200
200000795,Battle pass is predatory and microtransactions are overpriced for a game in this state.,0,12,5.13,1710238500
200000796,Game constantly crashes to desktop. Unplayable server lag and high ping.,0,1,8.44,1710238800
200000797,"Love the card mechanics, brings a fresh tactical twist to FPS.",1,0,40.88,1710239100
200000798,Battle pass is predatory and microtransactions are overpriced for a game in this state.,0,15,4.08,1710239400
200000799,Really fun fresh take on hero shooters with the card system!,1,7,43.9,1710239700
200000800,Connection lost every two matches. Desync makes gunplay feel unresponsive.,0,10,9.4,1710240000
200000801,Cards mechanic feels totally RNG and unfair in ranked mode.,0,2,7.46,1710240300
200000802,Matchmaking and SBMM are horrible. Getting destroyed by cheaters and smurfs every match.,0,13,11.0,1710240600
200000803,"Love the card mechanics, brings a fresh tactical twist to FPS.",1,5,37.84,1710240900
200000804,Guns feel okay but card abilities break game balance completely.,0,0,5.14,1710241200
200000805,Matchmaking and SBMM are horrible. Getting destroyed by cheaters and smurfs every match.,0,7,10.13,1710241500
200000806,The card balance RNG ruins competitive play. Deck cards are way too overpowered.,0,6,11.06,1710241800
200000807,Connection lost every two matches. Desync makes gunplay feel unresponsive.,0,3,6.31,1710242100
200000808,Gunplay is crisp and art style is super stylish.,1,14,19.9,1710242400
200000809,Connection lost every two matches. Desync makes gunplay feel unresponsive.,0,11,7.25,1710242700
200000810,Battle pass is predatory and microtransactions are overpriced for a game in this state.,0,2,9.11,1710243000
200000811,Cards mechanic feels totally RNG and unfair in ranked mode.,0,6,1.07,1710243300
200000812,Gunplay is crisp and art style is super stylish.,1,8,32.11,1710243600
200000813,Really fun fresh take on hero shooters with the card system!,1,0,39.59,1710243900
200000814,FPS drops and stuttering every time a card ability is activated. Poor optimization.,0,0,7.94,1710244200
200000815,Battle pass is predatory and microtransactions are overpriced for a game in this state.,0,8,8.7,1710244500
200000816,Cards mechanic feels totally RNG and unfair in ranked mode.,0,14,10.29,1710244800
200000817,Connection lost every two matches. Desync makes gunplay feel unresponsive.,0,12,3.97,1710245100
200000818,The card balance RNG ruins competitive play. Deck cards are way too overpowered.,0,11,6.38,1710245400
200000819,Battle pass is predatory and microtransactions are overpriced for a game in this state.,0,3,3.93,1710245700
200000820,Game constantly crashes to desktop. Unplayable server lag and high ping.,0,10,11.87,1710246000
200000821,"Love the card mechanics, brings a fresh tactical twist to FPS.",1,9,31.24,1710246300
200000822,Guns feel okay but card abilities break game balance completely.,0,1,9.3,1710246600
200000823,"Great concept, hoping the devs fix the server issues soon.",1,4,31.42,1710246900
200000824,"Great concept, hoping the devs fix the server issues soon.",1,8,44.9,1710247200
200000825,"Great concept, hoping the devs fix the server issues soon.",1,1,20.53,1710247500
200000826,Matchmaking and SBMM are horrible. Getting destroyed by cheaters and smurfs every match.,0,7,4.45,1710247800
200000827,"Great concept, hoping the devs fix the server issues soon.",1,11,41.26,1710248100
200000828,FPS drops and stuttering every time a card ability is activated. Poor optimization.,0,5,10.17,1710248400
200000829,Connection lost every two matches. Desync makes gunplay feel unresponsive.,0,8,1.97,1710248700
200000830,Gunplay is crisp and art style is super stylish.,1,10,42.88,1710249000
200000831,Gunplay is crisp and art style is super stylish.,1,9,19.21,1710249300
200000832,Game constantly crashes to desktop. Unplayable server lag and high ping.,0,9,4.77,1710249600
200000833,Servers have terrible netcode and severe desync. I keep getting shot behind walls.,0,2,5.91,1710249900
200000834,Matchmaking and SBMM are horrible. Getting destroyed by cheaters and smurfs every match.,0,12,6.26,1710250200
200000835,Cards mechanic feels totally RNG and unfair in ranked mode.,0,4,1.12,1710250500
200000836,Matchmaking and SBMM are horrible. Getting destroyed by cheaters and smurfs every match.,0,14,4.44,1710250800
200000837,FPS drops and stuttering every time a card ability is activated. Poor optimization.,0,15,9.46,1710251100
200000838,FPS drops and stuttering every time a card ability is activated. Poor optimization.,0,1,4.1,1710251400
200000839,Battle pass is predatory and microtransactions are overpriced for a game in this state.,0,5,2.91,1710251700
200000840,FPS drops and stuttering every time a card ability is activated. Poor optimization.,0,2,6.13,1710252000
200000841,Cards mechanic feels totally RNG and unfair in ranked mode.,0,12,7.79,1710252300
200000842,Connection lost every two matches. Desync makes gunplay feel unresponsive.,0,1,4.91,1710252600
200000843,Game constantly crashes to desktop. Unplayable server lag and high ping.,0,10,11.43,1710252900
200000844,Gunplay is crisp and art style is super stylish.,1,0,5.72,1710253200
200000845,Matchmaking and SBMM are horrible. Getting destroyed by cheaters and smurfs every match.,0,11,3.1,1710253500
200000846,Servers have terrible netcode and severe desync. I keep getting shot behind walls.,0,9,4.91,1710253800
200000847,The card balance RNG ruins competitive play. Deck cards are way too overpowered.,0,9,3.93,1710254100
200000848,Guns feel okay but card abilities break game balance completely.,0,10,7.36,1710254400
200000849,FPS drops and stuttering every time a card ability is activated. Poor optimization.,0,15,4.44,1710254700
200000850,Matchmaking and SBMM are horrible. Getting destroyed by cheaters and smurfs every match.,0,12,2.4,1710255000
200000851,Matchmaking and SBMM are horrible. Getting destroyed by cheaters and smurfs every match.,0,4,8.86,1710255300
200000852,The card balance RNG ruins competitive play. Deck cards are way too overpowered.,0,5,7.28,1710255600
200000853,The card balance RNG ruins competitive play. Deck cards are way too overpowered.,0,8,4.81,1710255900
200000854,Really fun fresh take on hero shooters with the card system!,1,1,28.76,1710256200
200000855,Really fun fresh take on hero shooters with the card system!,1,3,6.93,1710256500
200000856,Cards mechanic feels totally RNG and unfair in ranked mode.,0,8,1.92,1710256800
200000857,FPS drops and stuttering every time a card ability is activated. Poor optimization.,0,0,2.86,1710257100
200000858,Servers have terrible netcode and severe desync. I keep getting shot behind walls.,0,8,8.12,1710257400
200000859,FPS drops and stuttering every time a card ability is activated. Poor optimization.,0,3,5.32,1710257700
200000860,Servers have terrible netcode and severe desync. I keep getting shot behind walls.,0,3,3.75,1710258000
200000861,Matchmaking and SBMM are horrible. Getting destroyed by cheaters and smurfs every match.,0,6,9.45,1710258300
200000862,Cards mechanic feels totally RNG and unfair in ranked mode.,0,1,3.9,1710258600
200000863,Matchmaking and SBMM are horrible. Getting destroyed by cheaters and smurfs every match.,0,15,8.41,1710258900
200000864,The card balance RNG ruins competitive play. Deck cards are way too overpowered.,0,2,0.65,1710259200
200000865,"Great concept, hoping the devs fix the server issues soon.",1,2,10.97,1710259500
200000866,Really fun fresh take on hero shooters with the card system!,1,3,33.94,1710259800
200000867,Gunplay is crisp and art style is super stylish.,1,9,23.27,1710260100
200000868,The card balance RNG ruins competitive play. Deck cards are way too overpowered.,0,5,1.65,1710260400
200000869,"Love the card mechanics, brings a fresh tactical twist to FPS.",1,10,19.41,1710260700
200000870,Servers have terrible netcode and severe desync. I keep getting shot behind walls.,0,1,1.59,1710261000
200000871,FPS drops and stuttering every time a card ability is activated. Poor optimization.,0,5,8.13,1710261300
200000872,Connection lost every two matches. Desync makes gunplay feel unresponsive.,0,8,11.48,1710261600
200000873,Really fun fresh take on hero shooters with the card system!,1,10,19.9,1710261900
200000874,Cards mechanic feels totally RNG and unfair in ranked mode.,0,14,5.1,1710262200
200000875,Cards mechanic feels totally RNG and unfair in ranked mode.,0,15,8.43,1710262500
200000876,Gunplay is crisp and art style is super stylish.,1,1,9.52,1710262800
200000877,Gunplay is crisp and art style is super stylish.,1,15,9.15,1710263100
200000878,"Great concept, hoping the devs fix the server issues soon.",1,12,12.25,1710263400
200000879,Really fun fresh take on hero shooters with the card system!,1,4,39.5,1710263700
200000880,Connection lost every two matches. Desync makes gunplay feel unresponsive.,0,13,1.8,1710264000
200000881,Servers have terrible netcode and severe desync. I keep getting shot behind walls.,0,10,3.51,1710264300
200000882,Guns feel okay but card abilities break game balance completely.,0,7,9.33,1710264600
200000883,"Love the card mechanics, brings a fresh tactical twist to FPS.",1,3,25.76,1710264900
200000884,Matchmaking and SBMM are horrible. Getting destroyed by cheaters and smurfs every match.,0,12,6.04,1710265200
200000885,Guns feel okay but card abilities break game balance completely.,0,1,10.76,1710265500
200000886,FPS drops and stuttering every time a card ability is activated. Poor optimization.,0,15,6.31,1710265800
200000887,Gunplay is crisp and art style is super stylish.,1,15,7.99,1710266100
200000888,Game constantly crashes to desktop. Unplayable server lag and high ping.,0,1,11.66,1710266400
200000889,Guns feel okay but card abilities break game balance completely.,0,12,7.9,1710266700
200000890,Really fun fresh take on hero shooters with the card system!,1,14,23.36,1710267000
200000891,Connection lost every two matches. Desync makes gunplay feel unresponsive.,0,3,5.64,1710267300
200000892,Really fun fresh take on hero shooters with the card system!,1,13,9.11,1710267600
200000893,Guns feel okay but card abilities break game balance completely.,0,2,0.5,1710267900
200000894,"Love the card mechanics, brings a fresh tactical twist to FPS.",1,6,40.6,1710268200
200000895,"Great concept, hoping the devs fix the server issues soon.",1,11,43.01,1710268500
200000896,Gunplay is crisp and art style is super stylish.,1,10,38.77,1710268800
200000897,Connection lost every two matches. Desync makes gunplay feel unresponsive.,0,11,8.74,1710269100
200000898,Really fun fresh take on hero shooters with the card system!,1,7,8.9,1710269400
200000899,Game constantly crashes to desktop. Unplayable server lag and high ping.,0,9,10.04,1710269700
200000900,Game constantly crashes to desktop. Unplayable server lag and high ping.,0,1,8.57,1710270000
200000901,"Great concept, hoping the devs fix the server issues soon.",1,13,10.62,1710270300
200000902,Matchmaking and SBMM are horrible. Getting destroyed by cheaters and smurfs every match.,0,12,2.66,1710270600
200000903,Matchmaking and SBMM are horrible. Getting destroyed by cheaters and smurfs every match.,0,3,8.74,1710270900
200000904,Really fun fresh take on hero shooters with the card system!,1,3,42.07,1710271200
200000905,"Great concept, hoping the devs fix the server issues soon.",1,4,23.3,1710271500
200000906,Really fun fresh take on hero shooters with the card system!,1,1,26.21,1710271800
200000907,Cards mechanic feels totally RNG and unfair in ranked mode.,0,15,10.15,1710272100
200000908,Gunplay is crisp and art style is super stylish.,1,5,32.67,1710272400
200000909,Gunplay is crisp and art style is super stylish.,1,10,9.14,1710272700
200000910,Cards mechanic feels totally RNG and unfair in ranked mode.,0,7,5.31,1710273000
200000911,Game constantly crashes to desktop. Unplayable server lag and high ping.,0,14,11.66,1710273300
200000912,Gunplay is crisp and art style is super stylish.,1,9,21.51,1710273600
200000913,"Love the card mechanics, brings a fresh tactical twist to FPS.",1,6,33.47,1710273900
200000914,Battle pass is predatory and microtransactions are overpriced for a game in this state.,0,4,8.4,1710274200
200000915,Gunplay is crisp and art style is super stylish.,1,10,25.16,1710274500
200000916,"Love the card mechanics, brings a fresh tactical twist to FPS.",1,13,27.49,1710274800
200000917,"Love the card mechanics, brings a fresh tactical twist to FPS.",1,13,40.1,1710275100
200000918,Really fun fresh take on hero shooters with the card system!,1,4,6.01,1710275400
200000919,The card balance RNG ruins competitive play. Deck cards are way too overpowered.,0,5,2.8,1710275700
200000920,"Love the card mechanics, brings a fresh tactical twist to FPS.",1,1,10.86,1710276000
200000921,"Love the card mechanics, brings a fresh tactical twist to FPS.",1,1,13.16,1710276300
200000922,Connection lost every two matches. Desync makes gunplay feel unresponsive.,0,7,1.68,1710276600
200000923,"Great concept, hoping the devs fix the server issues soon.",1,9,14.5,1710276900
200000924,Really fun fresh take on hero shooters with the card system!,1,12,42.06,1710277200
200000925,Game constantly crashes to desktop. Unplayable server lag and high ping.,0,1,11.61,1710277500
200000926,Battle pass is predatory and microtransactions are overpriced for a game in this state.,0,14,2.84,1710277800
200000927,"Love the card mechanics, brings a fresh tactical twist to FPS.",1,6,35.2,1710278100
200000928,Gunplay is crisp and art style is super stylish.,1,5,16.77,1710278400
200000929,Really fun fresh take on hero shooters with the card system!,1,5,12.48,1710278700
200000930,Really fun fresh take on hero shooters with the card system!,1,13,20.09,1710279000
200000931,Battle pass is predatory and microtransactions are overpriced for a game in this state.,0,8,2.0,1710279300
200000932,Connection lost every two matches. Desync makes gunplay feel unresponsive.,0,4,8.66,1710279600
200000933,Game constantly crashes to desktop. Unplayable server lag and high ping.,0,9,7.36,1710279900
200000934,Guns feel okay but card abilities break game balance completely.,0,10,4.62,1710280200
200000935,FPS drops and stuttering every time a card ability is activated. Poor optimization.,0,5,6.49,1710280500
200000936,Guns feel okay but card abilities break game balance completely.,0,11,5.14,1710280800
200000937,Matchmaking and SBMM are horrible. Getting destroyed by cheaters and smurfs every match.,0,10,8.13,1710281100
200000938,Matchmaking and SBMM are horrible. Getting destroyed by cheaters and smurfs every match.,0,15,11.43,1710281400
200000939,Really fun fresh take on hero shooters with the card system!,1,11,9.59,1710281700
200000940,Matchmaking and SBMM are horrible. Getting destroyed by cheaters and smurfs every match.,0,10,11.53,1710282000
200000941,Servers have terrible netcode and severe desync. I keep getting shot behind walls.,0,9,4.94,1710282300
200000942,Guns feel okay but card abilities break game balance completely.,0,11,9.95,1710282600
200000943,Guns feel okay but card abilities break game balance completely.,0,1,5.62,1710282900
200000944,Matchmaking and SBMM are horrible. Getting destroyed by cheaters and smurfs every match.,0,2,4.18,1710283200
200000945,Gunplay is crisp and art style is super stylish.,1,0,43.87,1710283500
200000946,Matchmaking and SBMM are horrible. Getting destroyed by cheaters and smurfs every match.,0,6,8.21,1710283800
200000947,"Great concept, hoping the devs fix the server issues soon.",1,6,38.43,1710284100
200000948,Cards mechanic feels totally RNG and unfair in ranked mode.,0,2,7.94,1710284400
200000949,Gunplay is crisp and art style is super stylish.,1,10,5.95,1710284700
200000950,Servers have terrible netcode and severe desync. I keep getting shot behind walls.,0,8,1.12,1710285000
200000951,Matchmaking and SBMM are horrible. Getting destroyed by cheaters and smurfs every match.,0,13,10.98,1710285300
200000952,Cards mechanic feels totally RNG and unfair in ranked mode.,0,0,5.48,1710285600
200000953,Servers have terrible netcode and severe desync. I keep getting shot behind walls.,0,2,6.65,1710285900
200000954,Really fun fresh take on hero shooters with the card system!,1,2,33.04,1710286200
200000955,Guns feel okay but card abilities break game balance completely.,0,9,1.72,1710286500
200000956,Battle pass is predatory and microtransactions are overpriced for a game in this state.,0,14,9.3,1710286800
200000957,The card balance RNG ruins competitive play. Deck cards are way too overpowered.,0,7,5.95,1710287100
200000958,Cards mechanic feels totally RNG and unfair in ranked mode.,0,9,9.66,1710287400
200000959,Gunplay is crisp and art style is super stylish.,1,11,16.92,1710287700
200000960,Really fun fresh take on hero shooters with the card system!,1,4,27.14,1710288000
200000961,The card balance RNG ruins competitive play. Deck cards are way too overpowered.,0,12,7.09,1710288300
200000962,Servers have terrible netcode and severe desync. I keep getting shot behind walls.,0,11,4.0,1710288600
200000963,Guns feel okay but card abilities break game balance completely.,0,5,2.14,1710288900
200000964,Battle pass is predatory and microtransactions are overpriced for a game in this state.,0,5,2.73,1710289200
200000965,Really fun fresh take on hero shooters with the card system!,1,14,39.06,1710289500
200000966,Servers have terrible netcode and severe desync. I keep getting shot behind walls.,0,2,3.84,1710289800
200000967,Matchmaking and SBMM are horrible. Getting destroyed by cheaters and smurfs every match.,0,15,8.84,1710290100
200000968,"Love the card mechanics, brings a fresh tactical twist to FPS.",1,7,10.13,1710290400
200000969,Servers have terrible netcode and severe desync. I keep getting shot behind walls.,0,10,10.85,1710290700
200000970,Game constantly crashes to desktop. Unplayable server lag and high ping.,0,9,7.59,1710291000
200000971,Gunplay is crisp and art style is super stylish.,1,11,27.62,1710291300
200000972,"Great concept, hoping the devs fix the server issues soon.",1,10,11.75,1710291600
200000973,Matchmaking and SBMM are horrible. Getting destroyed by cheaters and smurfs every match.,0,13,8.69,1710291900
200000974,Game constantly crashes to desktop. Unplayable server lag and high ping.,0,10,2.04,1710292200
200000975,"Great concept, hoping the devs fix the server issues soon.",1,9,22.81,1710292500
200000976,Servers have terrible netcode and severe desync. I keep getting shot behind walls.,0,2,2.52,1710292800
200000977,Gunplay is crisp and art style is super stylish.,1,6,40.65,1710293100
200000978,Servers have terrible netcode and severe desync. I keep getting shot behind walls.,0,0,8.87,1710293400
200000979,Really fun fresh take on hero shooters with the card system!,1,12,37.51,1710293700
200000980,Gunplay is crisp and art style is super stylish.,1,8,41.25,1710294000
200000981,Guns feel okay but card abilities break game balance completely.,0,4,5.93,1710294300
200000982,Matchmaking and SBMM are horrible. Getting destroyed by cheaters and smurfs every match.,0,9,10.75,1710294600
200000983,Guns feel okay but card abilities break game balance completely.,0,12,6.37,1710294900
200000984,The card balance RNG ruins competitive play. Deck cards are way too overpowered.,0,5,8.12,1710295200
200000985,Gunplay is crisp and art style is super stylish.,1,5,22.85,1710295500
200000986,FPS drops and stuttering every time a card ability is activated. Poor optimization.,0,15,8.96,1710295800
200000987,Really fun fresh take on hero shooters with the card system!,1,15,13.75,1710296100
200000988,Battle pass is predatory and microtransactions are overpriced for a game in this state.,0,1,4.75,1710296400
200000989,"Love the card mechanics, brings a fresh tactical twist to FPS.",1,14,20.52,1710296700
200000990,Really fun fresh take on hero shooters with the card system!,1,10,44.22,1710297000
200000991,Guns feel okay but card abilities break game balance completely.,0,8,7.79,1710297300
200000992,"Love the card mechanics, brings a fresh tactical twist to FPS.",1,5,28.15,1710297600
200000993,Cards mechanic feels totally RNG and unfair in ranked mode.,0,2,4.7,1710297900
200000994,Cards mechanic feels totally RNG and unfair in ranked mode.,0,7,11.69,1710298200
200000995,Game constantly crashes to desktop. Unplayable server lag and high ping.,0,11,9.9,1710298500
200000996,Connection lost every two matches. Desync makes gunplay feel unresponsive.,0,0,10.7,1710298800
200000997,FPS drops and stuttering every time a card ability is activated. Poor optimization.,0,7,5.56,1710299100
200000998,Battle pass is predatory and microtransactions are overpriced for a game in this state.,0,5,2.93,1710299400
200000999,Servers have terrible netcode and severe desync. I keep getting shot behind walls.,0,13,8.1,1710299700
