review_id,review_text,voted_up,votes_up,playtime_at_review,timestamp_created
230961825,"For a new player, the game is simply brilliant, but… For someone who’s already clocked up well over a hundred hours, there are three main issues:
1) There’s absolutely no link between your skill level and matchmaking. It’s hard to play this game badly, or even just averagely. Especially in ranked mode.
2) The outsourced Indian support team don’t understand how game balance works. In the context of the latest melee weapon rework, this is glaringly obvious even to a blind person.
3) Smurfing – the developers couldn’t care less about it. I’M SO ♥♥♥♥♥♥♥ FED UP WITH THESE POINTS IN MM – WHY THE ♥♥♥♥ AM I PLAYING AGAINST DIAMONDS+RUBY AT ANY RANK, GETTING 500 FOR A WIN AND -1500 FOR A LOSS?",True,53,991.0,1784619242
230589840,"Getting banned after more than 350 hours of playtime just for using DS4Windows… lol. I tried contacting support to explain my situation, but it was pointless. All my purchases were gone, and in the end, the only solution was to create a new Steam account. A little advice: never use third-party software for your controller.",True,34,384.7,1784188553
231670593,"This game is cocaine, heroin, meth ,etc.... for people with autism or adhd",True,19,202.28333333333333,1785422489
230682659,"Why I hate the finals and Embark: An autobiography

My name is MrEden111, often known as Eden, especially in circles on the finals as one of the most dedicated exclusive charge’n’slam sledge players since season 4 from Oceania. 

The finals is, and more importantly, *was* a wonderful game, a breath of fresh air in a stale live service industry where your wallet was valued, you as a player was respected, and where the developers would constantly deliver breath taking updates. But having not played season 3, I had little idea of the horrors there were yet to come.

For many seasons the game was pumped with life, after the tremendous success of season 4 with a vast array of new content such as sponsorships, new weapons, and my all-time favourite map; fortune stadium. They would swing hard again with season 5, with Mexico themed beauty bringing in even more content (despite how op the Cerberus was), season 6 bringing even more wonder ignoring the Vegas reskin which was much better than its original predecessor (No the team death match map does not count) … but then came season 7. Because even accounting for the flaws, these were updates that did amazing for the health of the game. Alongside also dealing with issues such as the infamous taser (which later turned to the disabler) to rise player enjoyment.

But I wake up in the morning of season 7, and I open to read the patch notes, my hands went cold and palmy, my heart sank to rest on my lungs. The infamous sledge nerf, the turning point of the game for me and finally opened my eyes to the faults of Embark. Which as a noteworthy mention, was only caused because of this obsession in the heavy playerbase to use winch with the most current powerful weapon, leading to only the weapon being significantly nerfed, which is a relevant issue in the mindset of embark’s balancing philosophy to always look at the surface of the issue instead of the deeper reasons (unless if they outright ignore it of course).

It was then Embark took a turn for me, it was the first season they introduced the $50 ultimate battle trash and pushing out more and more expensive reskins/clothing, prioritising the store (which became even more evident in the future). They started to become more ignorant to the real issues plaguing the game in favour of streamers, they reduced the servers to cut costs down which made international play even worse and even made playing in your own country laggy just to min max profit margins. Melee as a whole by that point had been entirely side lined and made useless while lights became more of a major issue for the casual player base, with most solutions to the issue only worsening overall player enjoyment such as with the cl04 especially. 

This all became worse by season 8, the infamous Esports season, for 110 days the game did not receive a single major balance nor particularly small one either because embark refused to endanger their forced esports. They lied to us and themselves that it would bring in new players when in fact it was the most damaging time for the playerbase since season 3.  But embark will never have the humility to admit that they failed the players, because they are always right in their eyes with every decision they make and still intend to make season 12 a repeat having learned none of these mistakes.

Things got worse when Arc Raiders released, with an even smaller team, Embark rather than risking their profits. Focused their efforts on making store items before anything else as before every store update had an array of balance changes but it soon became just small footnotes. Leading to significantly less content overall and started to pour out half baked ideas such as the P90 (a glorified light smg for medium), the crossbow which is a reskinned pike, the sad joke of a hover pad and much else, which did little to improve the staling variety for the long-time players like me who made the majority of the player base (and their revenue). This also led to terrible balancing choices that left light just too powerful in the casual scene and left medium as well as heavy weaker, with guns like the light's m11 able to spray down a heavy in seconds with just hip fire.

But the melee was worst of all, melee has been the beaten children of the finals where especially heavy and medium have suffered the worse. Spear didn’t get a major update since season 3 and even took away the ability to emote cancel heavy attack somewhere around season 7 and then proceeded to NERF IT in the melee rework despite being the least popular melee weapon alongside taking away the popular fling technique. Riot shield got its ability to run at angles taken away because screw them I guess no unintended tech allowed for melee. But as a pure example of how Embark does not playtest their ideas at all prior to the new season, riot shield has become THE melee weapon with its shove and great damage making it way too powerful which I’m sure embark will swiftly nerf sooner or later.

With Sledge on the other end of the spectrum where it used the be the symbol of final melee down reduced to its kneecaps broken and now is just a mindless spam weapon where I long for the days you could do combos pre nerf with quick melee (rip m1 + qm = dead light). With the only other strong melee now just being the sword which despite what Embark has said, has only buffed its spamability by making m1 be almost as strong as lunge. The melee rework especially has done nothing to solve the issues of melee being unviable and still leaving melee as a braindead spam weapon category rather than anything that could be take seriously than just a pathetic annoying joke that ticks everyone off, me a sledge player included.

If you have read this far, I applaud you, I could go on all day, but I digress. Do not waste your time on this game, please. While it may be fun for a time, but in the end, it leaves you dead and hollow, wishing it felt as wonderful when you first played. Any hope I had in these Developers to make my favourite game great again have long since passed, and this mockery of a melee rework has put out the candle of whatever passion I had left.

Sincerely, Eden",False,20,1365.8166666666666,1784297200
231167731,this game is criminally underrated and underappreciated.,True,35,33.583333333333336,1784859232
231796864,"This game is unique, and can be quite fun. But for new players, it's extermely rough. If you have a high tolerance for grind, and getting stomped, give it a try,

There's not enough players to create balanced lobbies for newbies anymore. I played with a partner, if alone I imagine the issue is worse. Each night we played this it felt abusive. We'd get pub stomped 10 times in a row chasing that one unicorn balanced game. Wading through lobby after lobby of people 10 even 20x our rank and experience. Until I just decided I was done trying, and will be leaving the game. I didn't manage to get many hours, but I feel that's more a testament to how fast the lobbies ramp up in difficultly. It became consistently unfun before even 10 hours.

The game is unique, and has a lot of cool things buried in the mess.  The sandbox is incredible. The potential for team play is there, and can be satisfying. It can be a lot of fun when it clicks. But it's not worth the time, at least for me. Maybe it will see a second wind big enough to create a pool of new players who can fill lobbies, but unlikely. It's probably too late to enjoy this as a newbie.",False,9,8.0,1785565487
230686503,"!!UNDERRATED!!

THE FINALS is hands down my absolute favorite shooter right now. The fast-paced rhythm, the chaotic environmental destruction, and the cosmetic options are entirely incredible. My favorite class to play is the Light, and I absolutely love running the M11, the sword, and the FCAR. My absolute favorite game modes are Power Shift and Quick Cash.

Performance-running on a High-End PC is great. I play at maximum graphical settings without DLSS and manage to get around 90 FPS. This is perfectly acceptable since the game is visually heavy and packed with physics. Speaking of atmosphere, the soundtrack is unique. I highly recommend activating the music mix option from previous seasons because every single track is incredible. 

I started playing back in Season 10, and now that we are in Season 11, the progression system feels amazing. The ability to unlock past seasonal skins using Multibucks makes it feel like you have two or three battle passes active at the same time. The Year 1 bundle is a fantastic deal that unlocks a massive part of previous seasons. For Season 11, I got the Ultimate Pass with legendary skins, which looks brutal and helps support the developers. The weapon charms, weapon skins, character outfits, emotes, stickers, and badges are top-tier. My only personal wish would be for more flawless female character faces and pink skins. 

The battle pass is highly rewarding, and the cosmetic bundles are very reasonably priced. The game is obviously at its absolute best when playing with friends, and I rarely encounter cheaters. The only downside preventing a perfect score is the matchmaking system, which can feel quite unbalanced when putting level 1 players against level 100 players in the same lobby. There should also be heavier penalties for players who leave matches before they end. Despite these minor issues, the game is dangerously addictive. Highly recommended. Final score: 9.5/10.
",True,17,220.3,1784300735
230354623,"This game was beautiful in beta, but slowly they made the balance just worse and worse, to the point were this season just genuinely feels unplayable, i dont usually uninstall games but this will be one of them",False,10,283.93333333333334,1783915509
230431176,They ruined the game with a melee update. Devs please heed my words- reverse your mistakes and repent.,False,12,196.56666666666666,1784003137
232180083,"It is the greatest shooter game I have ever played. This quite literally ruined every other FPS for me, and I freaking love it.",True,7,233.6,1786010700
230514528,"Too many people are whining, this game is FREE..
i repeat FREE

When i was a kid the only free games were freaking flash games, and trust mere NO ONE WAS COMPLAINING TO THE DEVS ABOUT THOSE FREE FLASH GAMES

The finals is peak",True,8,134.81666666666666,1784100937
232283926,"Ever since denuvo was added to the finals, it's been basically unplayable. On my system it constantly freezes, I was casually playing the finals on and off just to have some fun, now I literally can't without it freezing from normal gameplay, and typically when destruction happens it freezes. This all happens after the first match, and only a little on the first when I boot it up.",False,6,641.5833333333334,1786124117
231659691,"After this latest patch I give up. The balance team doesn’t know what are they doing, they keep looking at spreadsheets and data and i don’t think they play the game from a “normal” player perspective.

Its 3 weeks of stupid store updates and when it comes to balance.. nothing, they keep breaking the game or making it worst with things no one asked.. and then.. 3 more weeks of store updates.. 

Bad.. worst.. I can’t write what I actually want to say..

I have 1.3k hours of this",False,5,1137.5833333333333,1785411803
232001014,"got banned for leaving a match after both my teammates left and was told by an in-game pop up that i would not be penalized, thanks game",False,5,4.6,1785794618
231066805,"great game, too sad embark dont care at all about cheaters, or making working anti-cheat without false bans",False,7,51.483333333333334,1784745826
230513449,"they ""fixed"" melee by removing all skill expression and combo potential from the sword, gutting its movement tech, and then giving every other weapon what little benefits it had left.",False,5,229.08333333333334,1784099314
231841193,Actually unique and you can tell it was made by ex battlefield developers,True,3,28.95,1785612514
232533139,"The Finals is a very good game but it needs more player, 
the skill gape is Insane
",True,2,2.683333333333333,1786395145
231930556,"Rarely do I attempt to enjoy a game more than twice. I tried 4+ times to enjoy myself in this game for my dear friend officergogo. I have come to the conclusion that 1) I am not good enough at the game to enjoy it and 2) I don't care to get good enough at the game to enjoy it. Game is cool but I hate the way the characters look, they give me a bit of uncanny valley. Also the game just makes me mad because I have associated with angry feelings Pavlov style.",False,3,4.316666666666666,1785710323
231996471,"-Weapons are constantly rebalanced because devs want to push a meta or force players to play the way they, the devs, want. 
-Casual gamemodes are filled with tryhards like straight up pro players who just destroy less experienced players, so you're pushed to play in ranked with teammates that drag you down or with friends who'd rather play with better players.  
-The only way to actually enjoy the game is to religiously follow the meta and breathe the game like your life depends on it.
-So many weapons, yay. More like more weapons you'll get yelled at for using by your tryhard teammates. Same for gadget. If it's not the meta the devs decided, it sucks, not ""ranked ready"" or whatever.

I'd have been willing to give the game more chances, was it not for the fact that since Season 11, the game just refuses to launch. Friends want to play? Nah they're gonna have to wait for ever while I try to launch the game over and over again while trying to find fixes that don't work.

I'm done with this game. Good thing it was free.",False,4,393.78333333333336,1785789757
232165315,"Too many cheaters and too much smurfing as of late. Played since S1. S1-7 I would have recommended but not now. The devs don't care about the casual players, only the Pro scene. Embark also doesn't care about the cheaters in this game OR raiders.",False,4,1202.3666666666666,1785988312
231011630,"I came back to this game because I was burnt out from my other games. Then randomly when I was afk in the lobby I get banned for an ""auto hotkey"" or some type of cheating software. I have heard about how the finals anti cheat system is bad and the support system is worse. I loved this game but even if I get my account back this has ruined the game for me. Maybe if they didn't falsely ban people and then have ai slop responses for their support I would come back but until that if fixed I'm never coming back.",False,2,54.21666666666667,1784673871
230746829,"This games vibe and idea is so good, its just the balancing that absolutely ruins it

Every time i go into a lobby its just the same type of people who use the light class and dash ability
I understand its part of the game and that i should be ready for it, but either way it still makes the game stale and now every match just feels the same

its now two games by embark that can be amazing but are just ruined by the balancing",False,7,25.866666666666667,1784370122
230824219,"The Finals is one of the best games out there that perfectly captures the arena shooter genre with its own unique style. Despite putting 1,000 hours into it, my biggest grievance is the constant, relentless updates and rebalances. Buffing, nerfing, and reworking weapons and abilities every 1 to 2 months drastically kills the game's flow and overall enjoyment.

It takes about 50 hours on average to truly master and get used to a weapon, but thanks to the developers at Embark, they tweak the weapon stats right around that time, completely ruining your playstyle. The worst part is that this is a never-ending cycle. I won't even get into the increasing number of bugs and the performance/FPS drops with every single patch.

I am calling out to the developers: stop messing with the game balance, or at least find a healthy middle ground. It feels as though these adjustments are being made by people who don't even play the game. For example—how on earth can the FAMAS be weaker and have a smaller magazine capacity than the FCAR? There are countless examples like this, but I won’t waste my breath. Just leave the game alone.",False,3,1000.6,1784456210
232519005,"as much as I love this game and that this game is amazing inn eveeryway possible i cannot recommend this to anyone who's a casual player, reason being this game only gets new players during a new season and nothing more. they dont do sponsors or advertise their game in a way that can reach a wide audience so the game just has sweats and only sweats about 70% of the time. I am by no means good but I can confidently say I have a lot of experience in shooters or hero shooters to be specific, I can say without a doubt i cant recommend this game to anyone that hasnt played or heard about it its not fun to play right now since the player base is just sweats. otherwise great game, much love to the devs and the community wish yall the best.",False,1,14.116666666666667,1786381928
232374313,"The finals is grate at base value but, The smurfing, horrible matchmaking, and connection issues make it worth uninstalling.

Don't get me wrong game is great I love it to death but as a veteran ♥♥♥♥ casual it's unplayable.
  the smurfing going against low level 18-30 level players that are just insane at the game positioning, beaming across map, and general game sense. when your still trying not to fall off the map is not fun at all.

   new players cant grow because they get matched with ruby ranked players before they even know what that is and beamed across map by A XP LIGHT with no recoil. so they dropped the game because they cant make progress. lowering player count. 

  I have bad internet and good at time not top of the line. Still I and other players with Ethernet connection and 1 gig internet see hit registration problems and connection issues. I get glued in place and my team with the enemy team start teleport try fighting that when they are a small melee light not fun and feels terribly unfair.  

the fun thing about these issues is the smurfing and connection issues like hit registration make new players quit which gives a small player pool, thus you get matched with high ranked players and smurf's while your team is brand new players that will quit the game soon as they are sent to the lobby when the game just started. which leads to decent players smurfing more because they want easier lobby's. the game is dying.

side note for the people who talk about ""innocent"" smurfing such as using off meta weapons that is at the expense of new players they need time to learn the game.

TLDR no gun works in your hands and the only way the game feels fair is playing in high ranked elo matches ruby as no one smurfs that and its easy to matchmake at the top.",False,3,141.11666666666667,1786220018
232185069,"The finals is probably the most unique shooter right now. I've played the game over the course of 3 years and it still manages to stay fresh. Love movement, gunplay, and dynamism. Just wish the devs would acc remember melee combat can exist without nerfing the hell out of it.",True,1,645.35,1786017184
232165028,"I don't know if the matchmaking was more balanced when this game first launched, but right now it's absolutely ridiculous. I'm about to uninstall it because, honestly, it's almost unplayable in its current state.

I've been matched against players with over 2,000 wins and 50,000 kills, while I don't even have 100. If this happened once in a while because the matchmaking occasionally failed, that would be understandable. But the problem is that it happens in almost every single match. It doesn't matter which game mode you choose—the skill gap is so extreme that it's completely unfair.

It's so common for teammates to get frustrated and quit that I'd say one out of every three matches ends with your team missing players. At that point, you have virtually no chance of competing.

The matchmaking is so unbalanced that it doesn't even give you the opportunity to improve. Instead of learning, you're constantly getting steamrolled by players who are in a completely different league.

I wouldn't recommend this game to anyone—not to new players, and not even to experienced FPS players. The matchmaking alone ruins the entire experience.",False,2,28.766666666666666,1785987901
232150912,played 83 hours mostly because it was the only thing my friend group was into for a while and i can't even say i had a bad time but ultimately it just feels like busywork disguised as progression,False,3,11.183333333333334,1785969285
232075183,"Fun, chaotic, and addictive. Definitely worth playing.",True,1,28.85,1785881502
232039464,"I still believe that that's the best FPS on the market. Nicely done with love to details.
- You can suck, but there are a good comeback system
- Game drives you. Create a lot of emotions
- Matches fast and enjoyable 

Yeah, of course there are some problems. Not so big player base, servers rarely piss you off, spawns sometime drops you in really strange spots. But, overall game have much more pros, then cons",True,1,237.05,1785847047
231942630,"this game is really fresh in its gameplay implementation. I enjoy ""powershift"" mode as more casual way of enjoying the game. I do hope we get a chance to have more game mods.",True,1,65.26666666666667,1785725805
231692105,"♥♥♥♥ game the ranked system is fully of gremlins that throw for fun. And you carry yourself up ranks only to disconnect so many times from lag or server issues which isnt your fault but the game servers dont let you reconnect after getting kicked sometimes and then it locks you out of matchmaking. Im not bad either my average game I have atleast 10 kills in ranked. In unranked I normally drop more.
",False,1,103.3,1785441536
231669750,геймплей огонь но основные режимы игры слишком сильно опираются на удачу нежели на скил игроков,True,1,25.216666666666665,1785421711
231651175,"this game is average... looks good but its not balanced and it takes so long ti find a match 
",False,2,11.283333333333333,1785401238
231639126,"The best competitive FPS hands down. Other games test your aim, this game tests that and so much more. So many mechanics that I am still learning things every time I play after 1500 hours in game. Movement? Yup. Explosions? You bet. Destruction? Oh I tell ya!

Its free, just hop in, PLEASE",True,1,1525.5,1785383909
231611334,"Conceptually, this is one of the most fun games I've played. However, recent updates have worsened my experience significantly. The most glaring issue is that in recent seasons, connection issues have made the game nearly unplayable most of the time, often even downright unplayable. My connection is solid and I've been able to play other online games without any issue whatsoever. Matchmaking has also been incredibly frustrating, sometimes I play with/against people way below my skill level, other times its with people way above. Worse even are the recent changes they made to the melee playstyles, they are not completely unplayable, however the implemented changes, although interesting on paper, have neutered the fun and excitement I used to get from this playstyle, its like they don't seem to understand the fundamental point of playing melee. I really really want this game to succeed, but until the developers properly address the concerns of the community, I will not recommend the game.",False,2,396.53333333333336,1785352021
231518224,"really appreciate the devs for adding cashout bots, i rarely touch any PvP game, but this game mode made me wanna play the game, matter of fact, you can queue cashout bots completely solo no real players which is even better.",True,2,2.3666666666666667,1785249766
231484255,"very fun game, but huge problems in ranked with griefing so even if your beter than 3/4 of the players in the round, it's very difficult to pass it if your second place.",True,1,1527.8166666666666,1785205239
231391497,"The game has lost its fun factor. Along with the incredibly horrid ranked ruleset, the game has become nothing but a frustration for me. The game however is in a fundamentally better spot than it was at launch. if you are a newer player who strives to play at a higher level, just don't bother and find a different competitive game.",False,3,1306.5833333333333,1785099438
231225627,"[b]""Stop using the standard attacks, use the unorthodox!""[/b] -Count Dooku, Clone Wars 2003 Miniseries
[b]""Use the surge of fear and adrenaline to sharpen your decision-making!""[/b] -Dwight Schrute, The Office S5:E14/15

Finally, a game that encourages anything and everything to secure your advantage with little to no limits on how you design your loadout and abilities, no predetermined ""hero"" characters but rather extreme customization of your contestant, and no control of the arena and its unpredictable destruction.

Coming from various battlefield games and similar, control/handling/movement feel near 1-1 (especially considering many ex-DICE devs were involved) so I felt very much at home with familiarity and got the feel of how to move around the arena very quickly.",True,1,44.96666666666667,1784922464
231056168,"I've played a lot of FPS games over the years, and honestly, The Finals is one of the most innovative and fun ones on the market right now. The fact that it's completely free makes it even better.

There's a huge variety of weapons, and with three different classes to choose from, every match feels different. You constantly run into new strategies, team comps, and crazy moments, so the gameplay rarely gets stale. The destructible environments add another layer of chaos that keeps every fight exciting.

The cosmetics are also some of the best I've seen in any game. They're creative, high quality, and let you make your character look unique without everything feeling like a copy-and-paste skin.

If you're looking for a fast-paced FPS that actually feels fresh instead of copying every other shooter out there, give The Finals a shot. It's free, it's fun, and it's one of the few games that keeps me coming back for ""just one more match.""

Highly recommended.",True,1,206.83333333333334,1784734079
231004851,"Since the update the game crashes, cash boxes are extremely close to one another along with vaults which encourages brain dead 3rd party garbage. Not to mention they buffed melee weapons after everyone was already complaining about them and then nerfed quick melee's, indirectly making the sniper go from the worst weapon in the game to worse than that. Room temp iq gotta be the first and only requirement to be an embark dev.",False,1,324.6666666666667,1784666552
230983716,"I absolutely love this game. Started to play in beta and kept going with some breaks here and there. Though it is by far the most fun and unique FPS experience I've ever witnessed, yet not the most balanced game in my opinion but this is more fun to me than actual competitive and the Devs at least seem to try to optimize things which is all over the place but i personally cannot complain about it. Meta can completely change after a season which keeps it fresh at least for me.

As much fun as it is or at least was to me, I cannot recommend it right now, at least not from my perspective. For some reason each season this game runs worse and worse, revisiting yesterday again after not playing 1 or 2 seasons only to find out i cannot even play it anymore. No matter the graphic settings this game doesn't exceed 60fps anymore if i even get so many because mid fight my frames drop now sometimes to 20fps which is just unplayable. I used to play this game on medium with RTX-Reflections on low with capped 90fps stable and now it's just a slideshow while trying to hit someone dashing around. A few seasons back friends had similar performance issues but now it seems to be only me so i don't know if it's a bug or something, considering my friend group uses all kind of specs from low-end to high-end yet i am the only one that has these massive problems and i can't figure out exactly why.

If you never tried this game i would say give it a shot because this is by far the most fun shooter in my opinion out there especially with friends and although i have these problems many people don't have any so try it out yourself.

If anybody got similar experiences or maybe a potential solution please let me know.",False,2,216.91666666666666,1784646468
230908849,"Peak game. There’s literally nothing like it. It’s always an amazing game to come back to after a while, and it never ceases to amaze me.",True,1,58.18333333333333,1784557021
230821157,"""The worst optimization I have ever seen in my life for a game! The game crashes Windows as soon as I open it, and I can't even get past the loading screen. And oh, do you know what the problem is?? As shown by the Task Manager, the game consumes 100% of the CPU!!!!!! I mean, do the developers know about this? Do they know that their game consumes 100% of the CPU to the point that the entire system crashes? Man, laugh with me, I have spent the last two days just trying to open the game, and I haven't reached the main menu yet, Hahaha!""",False,2,5.066666666666666,1784452371
230777203,"Very enjoyable, good pace, very tactical, easy gameplay, simple, definitely underrated.",True,1,17.066666666666666,1784399721
230682631,"Server issues constantly now, with connection issue warnings for all players",False,2,342.43333333333334,1784297176
230626290,geniuenly one of the best fps if not the best pvp game as a whole on the market right now. there isnt anything like it or anything that gets even close,True,1,642.3333333333334,1784228013
230626055,"I spent 10€ for the first season pass and now in season 11 I am having 3 times the value in coins and all regular cosmetics from the battle passes. This shooter stands out for its fantastic gameplay feeling, great game modes and all combined with over the top team play elements and verticality in almost every map. Nothing I would ever regret to have spent my time in.",True,1,548.2833333333333,1784227810
230472337,"This game is pure cinema.

As a casual gamer, I enjoy every single session I play. The explosions, collapsing buildings, fast-paced movement, creative gadgets, unique classes, diverse game modes, and seasonal themes all come together to create an absolute masterpiece.

Please never give up on THE FINALS, Embark!
11/10
",True,1,324.8666666666667,1784050777
230455606,This game is being ruined by the server issues present. I just lost about 10 wins worth of RS in ranked simply because their servers cannot function. Embark needs to fix this game quickly or they will be losing a lot of loyal players,True,1,245.4,1784035567
230419186,i have played this game on ps5 for over 40 hours so i transfered my account to pc played for about 2 weeks and then my account gets banned for no apperent reason i have been trying to get my account unbanned for about 6 months already since last year i have not been able to play this game which i loved and had so much fun playing their support is so bad they take weeks to answer you and they answer with little to no help,False,2,15.15,1783987552
230412763,"Good game but the skill based match making is b.s. im new to the game and im constantly being steam rolled by vets and sweats with top teir game play and gear that wear freaking expensive @ss cosmetics so just a warning skill based match making is B.S, and yes it is a skill issue.",False,1,15.883333333333333,1783980083
230407380,"The gamemode is brilliant but oh my god are the players ♥♥♥♥♥♥♥ horrible.
The matchmaking is non existent (or feels like it). Weapons have a ""meta"" making all the other weapons worthless.
My left toe nail can catch fire and my whole body is in agony for 10 entire seconds and my health crashes to 0.
Every time a trailer drops they say how they improved destruction please for the love of all that is holy fix collisions, when an entire building is falling on you it's impossible to get out. 
Players smirf like hell, I see players with 2 wins playing like they have 2000.
I love the maps and gamemodes but the game feels broken.",False,1,62.31666666666667,1783974794
230365649,Best fps and gamplay. cool gadgets and destruction. fix the destruction smoke. too much smoke that does not disperse . probably a bug.,True,1,524.0666666666667,1783931972
230265429,Played this garbage for the Arc Raiders outfit. This game is dull and boring dont let the fun aesthetic lie to you,False,1,1.9,1783826331
230264462,Game is  just hackers at this point which is sad because the game is really fun and not only that but unlike most games if you managed some how to kill the hacker he would just spawn again and again I don't recommend this game to anyone unless you like to self harm,False,1,62.516666666666666,1783825174
231779063,fine game but ♥♥♥♥♥♥♥♥♥ embark cant optimize this game and balance it they listen to dumbasses on reddit instead of the pros and people who actually play this game and are good,True,1,43.05,1785542181
231591783,there's only 2 types of people that still play this ♥♥♥♥♥♥♥ game in 2026: cheaters and no-lifer sweatlords. Hitting your ♥♥♥♥ with a hammer is probably a more enjoyable experience,False,3,91.25,1785334441
231525470,"One of the best and most unique FPS on the market. Not only is it extremely fun, it respects your time and money with various player-first systems such as legacy battle passes and no fomo monetization (not to mention very fair prices and premium currency being given out in spades if you grind enough). The devs truly care about their work and you can tell this was made by the veterans of DICE with tons of art and systems being inspired by Mirrors Edge and older Battlefield titles.

Only negative is the ♥♥♥♥♥♥ AI voice acting (the fact the voices aren't even good makes it that much more noticeable), but Embark has stated they are re-hiring and replacing the lines with human actors for their other title, Arc Raiders, so I believe the finals will get the same treatment in due time.",True,1,418.23333333333335,1785256382
231274791,For some reason the  balance team hates light so they make it more ussles every patch while everything gets damage buffs idk killed the game for me wiot hthis patch boring gun play you play 2 guns thats it becasue the rest is ♥♥♥♥♥♥♥♥♥♥ its the most for these classes no changes no meta shift and the melee buff is straight up rertarded love having a 350 hp character dashing to me with his hammer that one taps me,False,2,204.26666666666668,1784981279
231129919,ai ahh voices. game was free but i still feel scammed. it literally would have sounded better if you took any random intern and had them record the voice lines on an iphone and sent that file through the Android group chat.,False,2,0.35,1784822064
231010341,"Man I love this game. The most unique shooter I know. It's game mode Cashout is fun as hell. Everything can happen till the last second. It's PURE ENERGY. Very fast, adrenaline, but also very teamworky, communicative and man - does it feel good to get the win last second by stealing a cashout. Nearly all of the map is destructible. Every Match feels unique!
Thanks Embark. This game should be a lot bigger than it is. 10/10",True,1,553.5333333333333,1784672390
232023357,"Why is does this game stutter so much now?
It was fine a few seasons ago, what happened?",False,1,282.26666666666665,1785825690
232235202,"Horrendous immorally skewed matchmaking. Play it but I emplore you, don't give money to these people with their heinous engagement tactics and all that stuff.",False,1,446.73333333333335,1786066540
231236028,"the matchmaking system sucks. i left two times because given the casualty my teammates also left. i was left alone and because i decided i didnt want to play 1v3, i was punished by it. trash. i cant even see when my restriction ends and im stuck just watching the main screen. sucks ass.",False,3,6.383333333333334,1784932599
230561403,this games fun until you start to climb and realize heavy class and melee weapons are completely broken and they copy and pasted roadhogs abilites from overwatch and gave it to heavy so yeah trash a times.,False,1,141.66666666666666,1784149520
232530667,"Still the most underrated PVP game in recent years with one of the most impressive destruction engines in a multiplayer game ever, great gunplay and interactions, and a great amount of player customization it's a great time.",True,1,570.6333333333333,1786392750
230742642,"Great game, and great gameplay!",True,1,25.316666666666666,1784364653
230263028,"I see still two main problems (I play Point Break mostly):
- I cannot refuse someone ""executing"" a defibrillator on me (either in itself, either when someone ""steals"" a revive from other, just to leave me unable to use gadgets and have half HP for several seconds, when I don't want that), even worse, then when I get a ""defib"" review at the middle of the battlefield, respawn timer starts over, and I am at a worse state, than without being ""revived"" this way. Being a target for defibrillator should be opt-in based
- early leavers from any team assignmets should be penalized in a way, that when it starts to be consistent at any degree, it would really hurt in a measureable way (result in a cooldown, have a retrograde ""progress"" on battle pass /even when completed/ etc.)",False,1,302.85,1783823338
230735528,"The retro futuristic art style and gameshow aesthetic is great appeal. But what really shines is the movement, gunplay and destructible environment. The character customization is the icing on the cake. I really wish more people played as I don't want to see this game die off.",True,1,103.13333333333334,1784354617
231747435,"I've been playing since season 1 and have been off and on with the game. The biggest issue isn't the game, its the devs. They rework key aspects of combat without playtesting and have really degraded the fun. The newest season where they nerfed melee weapons but gaslighted everyone by saying its a buff was just too much. The TTK of all melee weapons went down and the devs still called it a buff. That's just disrespectful to players and fans. Embark knows how to create good games, but is horrible with updates.",False,2,246.6,1785509988
230732229,Filled with cheaters the second your elo goes up along with balancing that doesnt favor the games close range and high instenisity gameplay instead rewarding chuds sitting on buildings spraying with their 2 boyfriends,False,3,27.883333333333333,1784350035
232519457,melee rework for literally every gun is the dumbest idea ever. i worked on two seasons working on melee combos for the ks and xp and double barrel and its all gone because the kick,False,1,250.66666666666666,1786382322
231755948,"this is a fresh of breath air in the fps genre, I've been enjoying my time with this one quite a bit. It's unique, it requires team work, and high skill ceiling! ALL THEY NEED TO DO IS TO NERF HEAVIES INTO THE GROUND. EVERY SINGLE ONE OF THEM. FAT LARDS",True,2,32.36666666666667,1785517980
231938494,"I would highly recommend getting and playing, but with all of the lag, high ping, and rubberbanding I have been recently experiencing, I think I have to drop one of my favorite games and find a new one to play until Embark figures out their server problems.",False,1,214.85,1785720204
231930191,"The game could be enjoyable, but for that, it needs to start up... which it does not. With the latest update, the game now tries to access RAM that is not reserved for it, causing an access violation. This makes Windows terminate the process for the safety of the system, meaning the game does not even properly launch anymore. Almost every second post in their Discord bug discussion channel is about this problem, yet Embark is staying silent and ignoring its community. It is surprising how easy it is to kill a game by releasing untested content.",False,1,38.05,1785709885
230728149,"Updates going into season 11; absolutely horrible. They have updated the swords, and the light class into a horrid ""dumbed down"" version of its former self. Game is completely unplayable now for anyone with a fast paced gameplay.",False,3,127.51666666666667,1784344586
230719934,"Skill based matching making is not here. I can get 16 kills one match and then 0 kills 5 matches in a row. 
Need to take last season ranks and match those players together in the new seasons. Keep running into ruby players when in silver trying to climb. Its such a fun game and love it but this problem brings me to the point of not wanting to play it ever again. Cant recommend this game until this problem is fixed
",False,2,65.23333333333333,1784333944
231830696,"Maps remind of mirrors edge, cool look.

Gameplay is not overcomplicated with three classes and loadout to choose from.

My overall complain is that new players (let's say 1-5 hours of game time) are paired with people that have thousands of hours (3000+ wins) which is a very large gap in skill level. This makes the game feel unbalanced.",False,1,2.2333333333333334,1785602757
231827500,"I love this game, which is exactly why this is so frustrating. The gameplay is genuinely amazing, the gunplay feels great, and there is nothing else quite like it. But the server issues are absolutely ruining the experience. Constant lag, random packet loss, teleporting players, and moments where the game just stops responding make it feel impossible to play properly. And the worst part is that there is almost nothing I can do about it, ive even upgraded my router just for this game. Also, why the hell does the Practice Range need a queue? Why am I waiting in matchmaking for a literal practice range, and whats more is that you have to exit the lobby just to change sights, not a huge feature but it will be very mindful to add This game has so much potential but the current server problems make the experience miserable. Please fix the servers because the gameplay deserves better than this.",False,2,224.61666666666667,1785599915
230832346,"Can't say I recommend it in its current state. Been playing the game since 2023 (Season 1). 

Repeatedly, it feels like the devs take one step forward and two steps backward:

This is first observed by the constant amount of bugs each update brings, yet are never addressed by fixes. Look at how long the social menu has been broken for now as an example. You'll log on to see people that have been in TDM games or whatever game mode for 40+minutes (impossible as it only goes up to 17) and it registers people being online that have been offline for hours.

The balance changes are also really irritating. The recent nerf to evasive dashing has completely broken a playstyle I've invested hundreds of hours into learning. So many changes occur without the general input of the player base. 

This has been the least enjoyable season for me by a mile, despite trying to stay optimistic about it before the update dropped. Really disappointed to say the least.",False,2,909.4666666666667,1784465222
230696626,"They reworked the melee system in a way that, in my opinion, made it worse, with little to no community feedback, and have shown little willingness to adjust it afterward. I can't recommend this developer behavior.",False,5,100.11666666666666,1784310306
232539146,"The matchmaking of this game is the worst I have seen so far. No game should say ""Cuz your playing with friends you play against gods"" I just want to play a good PVP game with friends and fam without having to be up against perfect players.",False,1,23.833333333333332,1786401644
230453071,"The ""melee rework"" is abysmal. I initially started playing on console and swapped to pc a few days before s11. Melee felt great. Kills were consistent, damage was controllable, and as a light player my fast in and out playstyle felt viable. 

- Now? This involuntary lunge on basic attacks usually throws me behind enemies and it's  so easy to lose track of targets. The stamina  bar sucks. It what fuels the involuntary lunge and your special attack. It'd be different if the special attack didn't require a charge with full stamina but it does and on light no stamina means no lunge with the special attack. 

- The zone positioning they say was meant to make melee more viable doesn't do anything other than punish you for missing the zones. Before it was 2 hits for light, 3 for medium, 4 for heavy. Now it's sometimes 3 for light, 4 for medium, 5 for heavy and playing as a light, which is the only class that can consistently close the gap, you'll get killed by an enemy with 2 health.

- The kick wouldn't be so bad if i could control the basic attack lunge. Unfortunately what happens is; Involuntary lunge > now behind enemy > get kicked > get shot trying to close the distance again.

Honestly the whole needed to close the distance is what made the melee difficult it didn't need a balancing. Also it had many counters already. Can't do 1vMany, flamethrowers, shotguns, mobility abilities to create distance. I don't know what they were thinking with melee not being viable. It was fine before.",False,2,11.05,1784033088
232155543,"you will start skip the tutorial learn a class, learn that you are not good at said class in comp. switch, realize you are buns at the game, play 20 more hours, start getting good, get awful comp team mates alt f4 then delete the game. reinstall get more really bad team mates who lack the neurons to play the game correctly. start playing with friends start winning. get into higher lobbies lose everything. restart. you will start to love the game again. play more ranked lose your ♥♥♥♥. 
that is the game loop overall reccomend it",True,1,49.56666666666667,1785975106
231398422,"I like this game quite a bit, the gunplay feels great, most weapons feel great to use and you have several different playstyles you can try out, customization is the best ever in a video game I've seen, you can straight up make almost any original character you wanted and the cosmetics are great. 

Point Break is a great mode, I feel like 8v8 makes the mode very chaotic but good and fun, I think it could be made into a 6v6 and made into a ranked game mode.

My problems:
[b]The main Ranked mode Cashout is horrible[/b], it's basically a third party simulator, either you are completely at the top and unbeatable, or you are losing horribly and instead of a 3v3 its suddenly 6v3 beacause that's how that mode is constructed. It makes for a very toxic gameplay loop where you could get out of the tournament because the best team wanted the worst team to cash out so they can fight them in the finals. Insanely toxic and horribly designed.

[b]AI Voices[/b] always sound horrible and hearing them always makes me want to rupture my eardrums, I hate listening to voices that have the wrong cadence, sound robotic, are dull and have no spark. Even the simple ""Hello"" sounds completely off and horrible, hire actual voice actors.

[b]No All Chat[/b] is a bigger problem than you might think, you can't make snarky comments, trash talk for fun, give props, make friends etc. you get the idea. It feels like you're playing with bots and it's incredibly rare that I get fun interactions with teammates that aren't completely void of life. I feel like because it doesn't exist, even optionally, somehow makes the game even more frustrating.

[b]Optimization is so bad[/b], no matter the settings I always get lag spikes at some point in the match, I have a decent computer and it runs great with most demanding games but THE FINALS for some reason refuses to work at a stable frame rate.

[h2]I still somewhat like the game and I see the potential hidden within, though I only enjoy it when playing Point Break and because character customization is really good, otherwise I probably wouldn't be playing it. [/h2]",False,5,82.41666666666667,1785106434
231489583,"Abysmal matchmaking with harsh SBMM. I was having a blast getting tons of kills per game in all different modes until the game realised I wasn't ass and I barely get a kill a game. Don't take this game seriously, it's just a party game to play with friends. I wouldn't recommend, the player retention speaks for itself.

Addicting soundtrack though, music and soud design is on point. The game is also very polished. ",False,3,35.38333333333333,1785212384
230336411,Quick game play - stable servers - Fun concept,True,1,11.6,1783893952
230336330,"This game is really, really fun. Its a first person shooter that does something new, its teams of 3 so its easy to get friends to play it, you can't pay to progress faster than others, you can get all the weapons in like 8 hours, come on dude just try out the game with some of your friends you won't regret it.",True,1,13.466666666666667,1783893874
230343365,"Game is absolute trash. They expects you to sit around ranked and deal with BS teammates and BS mechanics. If not they ""restrict and suspend"" your account. What a joke. Its my PC MFer and Its my time. If you really wanted people stick around, how about rewarding the players to stick around instead of ""lol punishment"" that tells me all i need to know about this game and this company. Go [F] yourselves. In conclusion I will recommend my social media followers NOT to play this game, as well as my friends and family.",False,1,5.933333333333334,1783901358
232063990,Does not run when you try to launch it .  You have to stop it and start it again via steam.,False,1,1241.1166666666666,1785870464
230822325,"So the game itself catches you with its normal cashout game mode which lets you swap around your guns and gadgets mid round if you have them in your reserves which is pretty fun and feels very flexible. 

Then you unlock ranked and now you can only swap your stuff after a round is finished which for me personally just feels awful and like a bait and switch. I will probably continue playing casual but this feels really disappointing.",False,3,13.833333333333334,1784453885
231296326,One of the most underrated first person shooters that gives a breath of fresh air to the genre. And continuous improvements being made.,True,1,753.2,1785001059
231287007,"Personal Experience:
As someone who enjoys fast-paced multiplayer shooters, The Finals quickly became one of my favorite games. From my very first match, I realized that it offers something different from most FPS games. The fully destructible environments make every match feel unique, and I never know exactly what will happen next. Instead of relying only on aiming skills, the game rewards creativity, teamwork, and quick decision-making. Every victory feels satisfying because it usually comes from smart strategies rather than just getting the most eliminations.
Positive Aspects:
The biggest strength of The Finals is its destructible environment. Being able to destroy walls, floors, and entire buildings completely changes how matches are played. Teamwork is another major highlight, as communication and coordination often determine the winner. The game also features smooth movement, exciting gunplay, and a good variety of weapons, gadgets, and character classes. Its graphics, sound effects, and game show presentation create an exciting atmosphere that makes every match feel intense and entertaining. Frequent seasonal updates also keep the game fresh with new content.
Negative Aspects:
Despite its strengths, The Finals still has some weaknesses. Weapon and gadget balance can sometimes become an issue after updates, making certain loadouts much stronger than others. Matchmaking is not always consistent, occasionally placing highly skilled players against beginners, which can lead to frustrating matches. Playing with uncooperative teammates can also make the experience much less enjoyable. In addition, server issues or minor bugs sometimes affect gameplay, especially during busy periods.
Suggestions for Improvement:
I believe the developers can make The Finals even better by continuing to improve weapon and class balance with regular updates. Matchmaking should be more accurate to create fairer matches for players of all skill levels. Adding more maps, game modes, and seasonal events would help keep the game exciting over the long term. Stronger anti-cheat measures and better server stability would also improve the overall experience. Finally, introducing more creative rewards and progression systems would encourage players to stay active and continue improving.
Conclusion:
Overall, I think The Finals is one of the most creative multiplayer shooters released in recent years. Its combination of destruction, teamwork, and fast-paced gameplay makes it stand out from other FPS games. Although it still has areas that need improvement, the positive aspects far outweigh the negatives. I genuinely enjoy playing it and believe that with continued support and updates from the developers, The Finals has the potential to remain one of the best competitive online shooters for many years.",True,1,64.26666666666667,1784992780
231116409,"Even though I don't play it a lot, it's one of those games that I fond myself consistantly comeing back to.",True,1,44.86666666666667,1784809502
231601436,"I felt like this game had such a good thing going for it in the beginning. It had extremely unique, fresh, and satisfying gameplay, but it got soured after hopping onto the microtransaction bandwagon and questionable patches that sacrificed the fun and chaos of the game for ""balance"".",False,2,72.85,1785343155
231377110,"Has all the money they need to hire voice actors, yet they choose an AI company that actively makes the game harder to play.",False,2,102.75,1785087019
231041020,"the melee update ruined the game before it was fast pace and clean, now it feel sluggish and bad. as someone who play this game for fun, don't buy it",False,3,773.0833333333334,1784717082
230487107,"its a unique game with distroyable and beautiful maps.
pluss 90% of the skins are fire.",True,1,1062.9333333333334,1784064866
232585941,"*THE FINALS* is one of those rare games that feels completely unrivaled in what it manages to achieve. Its destructive environments are unlike anything else in gaming, especially at this level of visual fidelity. The environments, weapons, scenery, gunplay, and teamfights all come together seamlessly to create an experience that very few games in the industry can truly capture.

It’s chaotic, dynamic, and incredibly immersive. Every match feels like a spectacle, and the way the world reacts to the action makes the gameplay feel genuinely alive. There are very few games that can deliver this combination of destruction, visual fidelity, and intense team-based combat.",True,0,434.55,1786460618
232575550,"This game has me hooked. I'm not good, and I still can't put it down. It's just too much fun. Do not sleep on this!",True,0,1580.15,1786450075
232573267,"best fun-focused shooter on the market. COD gunplay, unlimited destruction, funny and cool weapons and powers. unique and almost perfect main game mode. i always come back to this game. the best thing is how u have a good time even when loosing",True,0,471.9,1786447369
232569687,Its the most fun i've had with an fps since the MW2 days. Amazing game only quarrel with the game is just lack of players tbh. SO PLEASE GIVE IT A TRY!!!,True,0,392.71666666666664,1786442842
232562996,"Love the game, would buy the battle pass but the matchmaking is so ♥♥♥♥ I'm electing to vote with my wallet.",False,0,26.516666666666666,1786433278
232558557,Just fun and fast pace. Reminds me of a better hyenas just because this game showed the potential and then delivered,True,0,46.15,1786426430
232558490,It's an amazing game but i do not understand why not many people play it.,True,0,4.833333333333333,1786426341
232556663,"This game is underrated and a lot of fun, I haven't spent a cent and the game just keeps delivering",True,0,114.06666666666666,1786423956
232556541,This game makes me want to repaint my room. HOWEVER THAT IS GOING TO BE WITH DEAD BABIES THAT I AM GOING TO THROW AT THE WALL. WHY CAN HE BE INVISIBLE FOR THE ENTIRE ♥♥♥♥♥♥♥♥ GAME.,False,0,50.5,1786423794
232555145,"destructable enviroment, ingame commentary, fun gamemodes, great variety of weapons and gadgets. each round is amazingly complex and unique. possibly the best competitive FPS ever made.",True,0,125.61666666666666,1786421993
232554360,"At first playing this game it felt so weird. I was loosing all the time, bad aim, thought the guns were buns because they don't kill as fast as i wanted. 
But then things changed when I FINALy I understood it. (pun intended) 
How to counter melee, different classes, the destruction (so much destruction), the tech and game mechanics (there is so much, i still see something new so often), and have I mentioned the skins. When I say they have some goated ahh skins I mean it. A LOLLIPOP SLEDGEHAMMER, a balloon sword, a pistol that looks like some alien Ray gun. I've seen people make skins of people like Johnny Silverhand, John Wick, all kinds of ninjas. They even have commentators in the game. When you do an objective or get a kill the crowd goes crazy for you, its insane.
Its literally is goated, except for one thing, some players have big egos and can't play as a team which turns out really bad. Kills isn't the only thing that matter in the game. It's the objective, the cash is the prize, and it could be yours to take if you want it. 
How bad do you want it?",True,0,120.68333333333334,1786420820
232552915,feels balanced and I like how every gun has some recoil so you aren't getting lasered from forever away all game,True,0,39.95,1786418697
232547539,"Either the best game you've played or the worst just depends on the teammates your set up with. You could be pretty good and be queued up with players your rank then have ♥♥♥♥♥♥ idiotic teammates. Also there are some pretty overplayed loadouts that just kinda ruin the mood of the game as soon as you've had to put up with it for awhile. So just depends on the game so I say this again, this game is either the best game you've played or the worst.",True,0,103.05,1786411526
232546402,"Very great game , such an underrated gem
if you tried it on the beta its not the same
game you have to give it another try",True,0,195.15,1786410063
232544414,its honestly mid it aint the funnest but if your tired of EA and greedy companies you would like this game,False,0,9.05,1786407550
232532454,Game with the best gameplay out there. The lazy as devs are doing decent these days. Way better than before. Maybe they can nerf light a little bit and give other classes some love too. Especially medium.,True,0,63.233333333333334,1786394458
232531864,"The Finals is easily one of the most underrated shooters I’ve played. I liked all the game modes, but spent most of my time in World Tour grinding the Deep Pockets achievement.

Gunplay is really good and I’d describe it as a polished Apex Legends. Movement is great too and fits the fast pace perfectly.

Destruction is probably my favorite part of the game. You can destroy enemy positions, make your own paths or even use it to move around the map faster. It looks great and actually affects how you play instead of just being there for show.

The classes are well balanced, especially when you’re playing with a team and everyone runs a different build properly. The maps are also amazing. Bernal, Seoul and Monaco were my favorites, but honestly all of them are great.

Progression is pretty fast, unless you start caring about achievements haha. Weapons could use a bit more variety, but it’s nothing that hurts the experience. Players are pretty random and the skill gap is definitely noticeable.

Graphics are great, performance was perfect for me and monetization is completely optional without constantly being shoved in your face.

The best part is easily the fast-paced gameplay and the freedom you have. The worst part is the achievement grind. Period.

Definitely recommend it. It’s not doing anything completely new, but it does what it does really well and deserves way more attention.

9/10",True,0,330.8333333333333,1786393853
232531695,"This game is incredibly fun and adds a unique twist to the normal first person shooter in that every single thing you could imagine will be breakable other than the base floor of the map itself. Buildings, walls, barricades, even entire Japanese Inspired structures can come tumbling down. While I do wish there was more variety with guns and that different classes could use more than the specific class weapons there are plenty to choose from (around 15 I think). Overall a very fun game that runs pretty well considering how much data it takes to constantly rerun map generation.",True,0,53.3,1786393709
232522073,The Finals. Remove fortune stadium and then its best game ever.,True,0,43.65,1786384749
232518541,"great shooter, and a great break from the cookie cutter games of the modern gaming industry",True,0,1030.0833333333333,1786381516
232507882,very fun can be annoying at times but its still a great game,True,0,1183.6166666666666,1786371678
232499385,"laggy piece of ♥♥♥♥ tbh. cant seem to figure out settings to make the game work so i stopped playing, but it's a good game. But I do not recommend until they fix the lag issues and optimization",False,0,551.25,1786362307
232488576,"fun game but note to the devs: starlight hollow is the worst map i have ever played on in any game i have ever played ever. please delete the entire thing from the game, no changes no salvage, just annihilation. whoever worked on that map should be ashamed",True,0,44.88333333333333,1786347109
232476961,"Theres a lot I like and I would put this above many of the leading pvp games. The match making isn't good. Like every game that uses skill based match making you always get to a point where you are up against nothing but sweats, it takes all the fun out of playing the game. Why can't there be modes that are random? The light class also needs reworked, they are by far the most overlooked and weakest in terms of abilities, weapons, and gear.",True,0,29.6,1786329412
232475557,"Gameplay is great, free, super fun to play with friends, can be competitive but definitely has a lot goofy moments for causal play.",True,0,24.616666666666667,1786327605
232474956,"Its laggy and barely held together. The gameplay is fun, but a little repetitive.",True,0,18.9,1786326874
232474247,"Played over 800 hours on my playstation and switch to pc recently, this game is even better and smoother. Highly recommend!",True,0,71.3,1786325931
232469904,Really underrated game. Super fun but can get pretty intense. Really cool abilities and weapons.,True,0,8.033333333333333,1786320334
232467845,"Its like CS2 but also kinda like COD, I like the king of the hill type of game play but its the same game play loop for about three rounds if you play a full match, but in my opinion its pretty fun",True,0,13.583333333333334,1786317767
232465467,a very unique type of game that alows for many different strategies and playstyles. it is great for casual and competitive players. there are a lot of fun things u can do with abilities and utilities. it is a very cpu intensive game,True,0,36.3,1786315116
232464017,"games like adhd central, cant tell whats going on most of the time but games fun",True,0,2.9833333333333334,1786313611
232463581,"This is no place for beginners—the developers make that abundantly clear, we didn't play a single match where we weren't crushed by players with 2,000–3,000 hours of playtime",False,1,10.166666666666666,1786313148
232461299,"The game is cool, the desctructon's epic, the movement is peak, the fan base can be toxic sometimes.
I especially like the HUGE cosmetic options and wish there was a survival game with that many options.


 The one thing I hate that they keep doing every update is making my system (which meets the requirement minimum and I have all my graphics set to the very lowest), absolutely TTTWEAK out, trying to get kills or do literally anything (especially after this most recent two updates as of Augest 9th), made it run WORSE than the other update. Which is the one thing I really dislike about the game is how bad the lag and fps drops.
Like I can barely even get bullets off without my game either freezing, lag spiking, or anything else in between. The fact that my game loads shader's at a slow rate doesn't even bother me because at least they load but it felt like it did nothing when they loaded since I had constant Frame drop and high ping at red.
",True,0,167.71666666666667,1786310887
232454735,"This is the first ever shooter game I've genuinely liked because of it's unique gameplay! I also think the graphics are amazing, but I'm no expert on that, I'm just a casual enjoyer of the game :)",True,0,11.766666666666667,1786304896
232454396,"best fun i have had just wishing for a option to turn the heart effects of on the affection diplay face customisation
",True,0,766.7333333333333,1786304617
232450946,"game is fun tbh, one of the best fps there is rn yet i still take breaks cuz i get bored of it, still i come back and have fun",True,0,124.98333333333333,1786301591
232429619,"good gameplay at first, got boring quick. decent graphics",True,0,4.283333333333333,1786283786
232412320,"great everything. graphics, combat, weapons could be stronger but all in all great game",True,0,3.1,1786265565
232389733,"This is literally the best online game ever created, screw COD, Fortnite, Rocket League, PUBG, Overwatch, Deadlock, and all other online games. It takes the good from everything in all of these other games and filters out the bad, while also adding all of its own beautiful spin on it. The gun play is immaculate, the movement is top notch, the team play couldn't get juicier, and the walls couldn't be more untrustworthy. Take it from me, I have over 650 hours across Xbox and then PC when I got one for Christmas. And if you ever have doubts about how or why this game is different from the others, there are one of two options. Watch a random 5 minute clip of a battle from any pro gameplay stream, or watch any random 5 minute clip of Oscar playing the game, you'll know him when you see him. And to all of my fellow finalists... Pop, Pour, and Perform!

Have fun reaching the finals my friends.",True,0,224.08333333333334,1786236493
232388147,"I'd highly recommend this fps to people who want something new that isn't ""the next cod or battlefield"". its insanely creative and there's tons of things to try in the finals. However, the community can be toxic at times especially when it comes to playing ranked. This fps has mad potential if it gets more attention.",True,0,35.36666666666667,1786234493
232387685,Heavies make this game unplayable. High health and high damage with the only downside being movement speed? In a game with where you shoot guns from a distance? seriously?,False,0,166.58333333333334,1786233918
232378420,"One of the most unique FPS games I have ever played. The cosmetics are very unique and amazing. It has the usual battle pass system where, if you buy it and do most of it, you can buy the next one. I love how you can destroy all the buildings break through any wall. The game also almost never lags and looks great, even though my settings are on medium. I would highly recommend playing the different game modes so you can get a feel for the game. It's also a FREE GAME so you lose nothing if you play it.",True,0,207.6,1786223962
232374892,"The first 100 hours of this game, are straight amazing. The next 200 are genuinely terrible, getting put with sweats that have never seen the light of day is just an absolutly amazing experience. After all that tho, game is pretty good 7/10. would not play if given option",True,0,563.25,1786220560
232372086,"This game is very fun, but the loading times are long and my tm8s SUCK",True,0,38.766666666666666,1786217927
232364123,"One of the best shooters on the market. But not without some serious issues.
Embark is bad at listening to player feedback, and balancing is a huge issue they are having from the very start.

But its one of those sandbox chaos type games, where anything can work if you really use your head and be creative.",True,0,196.35,1786210844
232358016,"great game but match making sucks and weapon balance sometimes doesn't work, love playing against a full team of level 90s with a team of first timers.",True,0,14.816666666666666,1786205422
232346432,Game is even more fun than it was on first launch!! I also want to thank Embark for not saying all linux users are hackers and to kick rocks and providing support to the OS so that we can play as well.,True,0,171.25,1786195363
232344508," THE FINALS is easily the most fun shooter I've played ever Running Medium build with the AKM feels so good, and blowing up entire buildings to steal a cashout never gets old. If you're bored of standard tactical shooters, just download this and it's free and a blast with friends.",True,0,21.716666666666665,1786193472
232340178,"The concept wasn't such a bad idea, but... I didn't have a single minute of fun. The game is poorly balanced, the heavyweights are just overpowered, and the devs make such questionable decisions... anyway, I never touched the game again for those reasons. I don't recommend it; even though it's free, it would just take up space for nothing.",False,0,3.9166666666666665,1786188947
232338053,"This game absolutely slams. I used to grind shooter games like Valorant and Overwatch but those games don't even come close to this one. The gameplay never gets boring due to the dynamic enviroments and unlimited amount of playstyles due to contestant loadout building. I highly recommend this game to anyone that enjoys FPS games. 

Also the game runs on low hardware very well for its intense graphics AND IT'S FREE!",True,0,300.15,1786186492
232334298,"I’ve enjoyed fast-paced FPS games ever since playing Quake 3, and The Finals perfectly scratches that itch. The destruction of the environment, combined with the dynamic way fire and gas work, creates situations that require quick decision-making and can feel incredibly satisfying when you pull them off.

The graphics are also great. The game looks amazing without sacrificing visibility, so you can still clearly see opponents and important cues. The sound design is excellent too, although I do feel that the intro expression audio can sometimes get a bit messy.

Overall, it’s a fantastic game that really hits the right notes for me. My only wish is that more people would give it a try and join in!",True,0,329.71666666666664,1786181937
232333918,"This is an incredible game, the gunplay is fun, the movement great and the destroyable map helps make each match unique from each other. although i am talking about the point break gamemode and not the ranked or cashout gamemode since all my hours is spent on point break and i have les the 1 hour on the default.",True,0,144.98333333333332,1786181497
232328391,"The best out of the limited amount of FPS I play, even if my specs are under the suggested quality",True,0,209.05,1786174292
232323338,"It's an amazing game that you can play with friends, or even by yourself, definitely worth the $0",True,0,9.266666666666667,1786167298
232304379,This game is severely underrated. It needs to reach more players! This game is perfect for those who want to learn about the Greatest Game Show!,True,0,15.466666666666667,1786143776
232304310,"The game is pretty great if you can ignore the awful matchmaking, cheating and smurfing. Like i had the same opponents 3 matchs in a row and it was a really bad time. I'm saying all this as a more casual player, so if you really like PvP then yeah, pretty good overall.",False,0,68.28333333333333,1786143688
232296430,"Great game, great customisations on characters, visuals of the maps",True,0,26.966666666666665,1786135468
232295959,"it's a great game except that no one is noob here in bronze you will play against people with 2k win or more
and for my pc i  get around 110 fps",True,0,346.75,1786135032
232285512,"Games like this either become the dominant game of their Genre, or cultivate a small but loyal fanbase. 10/10",True,0,51.21666666666667,1786125531
232282614,"I played this game when it first dropped and I just couldn't get into it. I don't know if it is because a lot has changed, or if I never really gave it a chance, but I've been playing the past few days, and it has been really really fun. Once I took the time to understand the game and learn more advanced movement, it has been a blast to play. I run everything pretty much maxed out on graphics with ray tracing on and get over 240fps. The game is beautiful as much as it is fun to play.",True,0,46.916666666666664,1786122923
232282225,"Banger game it has become!
Even tho heavy players suddenly has every role now..
They can heal. 2 shot you like a sniper with the KS and they can shield while climbing obstacles while still having 350 hp.
If you play 2 heavys and a heal bot medium you wont die because the defence is too strong vs the rest.

Exept all of the scaling issues etc the game runs so good and feels good to play.",True,0,15.266666666666667,1786122592
232278289,"The finals is definitely one of the more enjoyable first person shooter games out there, with decent graphics and cinematic animations. The only issue I have ever had is occasional failures to connect to game modes, but I am always able to connect the next time I try. Overall I'd give it a 9.2\10",True,0,143.45,1786118986
232277045,"if you like fast paced games and the you have the need to have a thing u just have to give your all in terms of focus, concentration, and similar, u will like the finals and have some of the most fun in your gaming career. It is not like cod, battlefield or anything else, as a game it stands alone in its genre and will hopefully give a lot of fun to alot of people that would normally never haver tried this kind of game in the first place

Big W, Embark

you also have to be on immense doses of caffeine, lsd, speed, and/or other performance enhancing substances to keep up with the lightclass-mobility-professionals",True,0,1259.3333333333333,1786117911
232242156,"Embark has let this game go. Horrible match making, even worse netcode. They cant figure out their weapon systems (rebalancing any time a streamer asks). It's a total cash grab of a game, pay to get $30 ""upgraded"" battlepass. Did i mention arguably the worst ranked gameplay of any FPS? Full of smurfs and cheaters. Embark wont do anything about it until people leave, which they are daily. Do better embark. you blew it with Arc, dont blow your only surviving game.",False,0,1290.95,1786075648
232241539,So far my experience has been every match the enemy teams are stacked with absolute freaks while my team is consistently b e tar ds that run in and die alone over and over. If I could ever get a halfway competent team out of the matchmaking this game would be really cool.,False,0,4.45,1786074813
232239842,"If you like getting bent over by the most unbalanced PVP game on the market, this is the one.  A guitar does more damage than any gun in the game.  The devs refuse to balance this game like a normal studio.  Go ahead and download if you like it raw and without consent.",False,0,43.18333333333333,1786072607
232239372,I never typically take the time to write reviews but this game absolutely SLAPS! The gameplay has a bit of a learning curve to it but is so addictive. On top of that the character customization is some of the best I've ever seen in a shooter. I'm looking forward to clocking more hours into this game. BRAVO!,True,0,7.65,1786071979
232232217,This game has a lot of good things but is ruined by certain weapons and abilities that make the game competitively unfair and frustrating.,False,0,82.86666666666666,1786062816
232216734,"I love this game. It has some of the best skins out of any game I have played. The destruction physics are amazing, and it makes every match unique.",True,0,94.85,1786046606
232190465,"Fantastic game. Embark is made up of a ton of ex-DICE devs, including many that worked on some of the older Battlefield titles. The map is almost 100% destructible, and none of that destruction is scripted. The skins system is unique and customizable while still cohesive, and the weapon skins have effort put into them. A skin that might at first seem like just a recolor, you might notice a slight tweak in the suppressor model, or a different grip texture, small things that show the devs care. The gun handling and sound design are both fantastic, and the visuals are vibrant and beautiful. 

This is what Unreal Engine 5 games should be.",True,0,78.01666666666667,1786023140
232170390,"THE FINALS — 3/10
Credit where it's due: the graphics look clean, the soundtrack is fire, and the destruction physics are impressive. But the community and sweat culture absolutely ruin this game.
Low-tier Bronze and Silver lobbies are playable, but as soon as you hit mid-to-high Gold, it completely falls apart for casuals. It’s an absolute magnet for ex-Fortnite sweats who treat grinding cash outs like a full-time 9-to-5 job and refuse to touch grass.
The community will beg and plead with you to play, but they conveniently leave out the fact that trying to rank up is the literal video game definition of the Sisyphus meme—pushing the boulder all the way up just to watch it roll right back down. Solid engine and great physics, completely ruined by the player base.",False,0,32.233333333333334,1785996245
232168995,"More people would play this awesome game if it wasn't for the fact that Embark doesn't know how to run or maintain games. However, they do know how to make great games, and this is definitely a great game. 100% would recommend.",True,0,8.366666666666667,1785993969
232166272,"I'd recommend this game to people who don't have rage issues because this will test you to your limit. It is fun when it is fun and an annoying frustrating hell when things aren't going your way. 

I played Powershift almost exclusively and the devs have a lot of work to do in terms of making the map more amenable to different playstyles. Not being able to reach the platform for significant intervals if none of your teammates has a jump pad is really annoying. Skyway stadium is the worst for this.",True,0,688.8666666666667,1785989743
232165047,"I have so many good, and bad memories of this game on my other account, I love almost everything about this game.
I love the cosmetics, and the weight of the guns, and also the theme. 

I didn't like the slow updates for new equipment or weapons, although cosmetics were being added here and there, but I would personally like to see more options for equipment.",True,0,0.23333333333333334,1785987923
232164795,peak fps it perfectly simulates the feeling of being victimized in the best way,True,0,213.51666666666668,1785987541
232159601,"The developers of this game simply don't care about the playerbase or the launch-ability.  I have spent countless hours troubleshooting this game, because it becomes unplayable after every single update.  No balancing at all, no rebalances, and thermal vision has been re-worked since season 8.",False,0,116.9,1785980492
232153053,Ever since Beta this game has been super fun and has made many improvements since launch,True,0,476.46666666666664,1785971866
232150291,"[i]Great game that I have played on-and-off since S1. The game has changed quite dramatically throughout its life.[/i] 
[hr][/hr]There's 3 main issues that I would like to point out:
[olist]
[*] It appears that we're still working on some weapon / gadget balancing issues. There are definitely some matches I've had where a team is running ""the meta"" and dominating the entire lobby.
[*] Matchmaking could still use a significant amount of work. I have had a remarkable number of ranked games where I will perform well above my teammates (who sometimes clearly throw matches by running off to a corner of the map) and have unnecessarily large setbacks to my ranked score. This results in ""hitting the next rank"" feeling far too dependent on the performance of my random teammates. 
[*] ""Server Issues"" (?)
It feels almost like the servers has a really variable tick rate. Movement will feel fluid, but then when I am engaging an enemy, my shots will land and take up to a quarter second to register. Another example is when I round a corner on low health and feel confident I am fully behind cover only to be shot ""through the corner"", so to speak. [i]hitbox issue?[/i] These moments range from annoying to rage inducing. 
[/olist]
[hr][/hr]I still recommend the game, though if I were asked my opinions about the future of the game I would not necessarily have the highest expectations that these improvements will be made.",True,0,295.8,1785968556
232147946,"This game has developers who worked on Battlefield, Mirrors Edge and Dirty Bomb.  The gunplay is great.  The movement has gotten even more inventive as people figure new things out with all the Gadgets and Specializations.  Light is a speedy Glass Cannon.  Medium is a middle ground of firepower/support/speed. 
 Heavy is Big HP, slow and, beeg support weapons.  Amazing destructible arenas and many ways to destroy it.  The style of this game is beautiful and if you like Shooters then this one is great!  Lots of moment to moment micro and macro strategy.  Also, Heavy has a M134 Minigun for some REAL DAKKA AND DESTRUCTION!  WAAAGH!

The gun skins, outfits and other cosmetics are top tier!  The Battle Pass is just cosmetics and they do Limited Time Modes fairly often that reward Cosmetics.  The LTM along with tons of Twitch drops and the Battle Pass giving away a buncha Cosmetics for free means you can always get a sick fit the more you play even if you don't spend a cent.  The Battle Pass also rewards the premium currency as you progress it even the Free Pass gives out the premium currency.  Hell, you play enough of the casual modes and you get rewarded with premium currency each season!  

TLDR: Shooting good.  Movement good.  Destruction good.  Game Modes good.  Monetization fair.",True,0,1234.55,1785966065
232145319,"the game is fun and great with friends, however it does have flaws.
i may be wrong but the only way to get coins for the shop is through the battle pass and that wouldn't be that bad if it wasn't for the fact that everything in the shop is really expensive. 
The game is free so of course its gonna have micro transactions but for someone like me who cant afford to purchase coins or grind the battle pass, it is really crummy to not be able to earn nice cosmetics through playing the game alone. An easy solution would be to let players earn coins by just playing the game or getting wins. the price of the shop does not have to change if there players can get coins without grinding a billion hours. consumer freindly games usually last longer and I see no reason to not go this way.",True,0,3.5,1785963449
232143784,so fun electro fun i love it when i watch the physics and destruction super satisfying right ? AAAAAHH SO NICEEEE HAVE FUN EVERYONE,True,0,28.133333333333333,1785961915
232132886,"I loved the Beta and still enjoy it, eventhough everyone is absolutely cracked in this Game",True,0,17.416666666666668,1785951286
232126149,"probably the best shooter of this decade, but it matchmakes me (300~ kill newbie) with no life 10k+ kill try hards. FIX YOUR DAMN MATCHMAKING, EMBARK.",True,0,8.766666666666667,1785945012
232112675,"fun game if you're looking to sweat your ass off, overall fun experience although it can get irritating.",True,0,68.33333333333333,1785932027
232099853,cod + battlefront + seige on steroids and crack,True,0,9.616666666666667,1785914394
232098391,"This game is free to play, nuff said. Its like rainbow six siege when it comes to speckin your character loadouts and classes. The destructibility of all the buildings is why i run the Heavy build the most.  The amount of customizability you can do to your characters appearance and wardrobe, and emotes, very well comparable to fortnites.  Great times!!",True,0,36.75,1785912135
232096233,"THE FINALS is a dynamism shooter where you must game out against other contestants. guns mostly feel punchy, and strong. environment destruction is always amazing to look at. sometimes, me and a few friends enter a private match just to destroy stuff. 

a recent update has come in for melees and I think it's... alright? more tweaks are DEFINITELY needed though.",True,0,302.6166666666667,1785908748
232094724,Very punchy and stupid fun game. Great with 2 other friends or for friend game nights. Its hard being mad at this game cause of all the stupid lol moments in the game. Also its free!!,True,0,112.28333333333333,1785906567
232088453,"Took me a few matches to see the point, but this game is amazing. Great visuals, unique gameplay twists and beautiful cosmetics you actually want to get and use in game (Looking at you Apex...). All without taking itself too seriously. Do yourself a favor and join the fray, there's nothing else like it.",True,0,54.7,1785897945
232087884,"Best competitive FPS around, its unbelievable and a travesty that its not more popular.",True,0,27.8,1785897188
232082540,"One of my best fps games out there. From the gunplay feels nice to aim and shoot, the gameplay uniqueness with each class having different combinations of weapons, tools & gadgets to try out. One of my fav game mode is Point Break which is THE BEST out of the others. Although I play casually but I still encounter sweaty players like almost every game. Still a fun game I recommend.",True,0,265.6333333333333,1785890079
232070449,"Amazing game, I really enjoy playing it even though I am not very good at the game. The Finals can be kind of grafically demanding sadly.",True,0,272.01666666666665,1785876746
232068998,"amazing game i see theres frequent updates and actually working anticheat unlike cs2. 

I come from cs2 so the team tactical aspects of the game are great as is the destructuble envoiremnt that i enjoy in games like battlefield 6.

Objectively this is the game for the next couple thousand hours of gameplay ahead of me as cs2 is dying and EA bans their players for owning cs2 HVH software on their pc not even running it while in bf6. 

I really hope this game continues on its path as its a great experience.",True,0,3.2666666666666666,1785875258
232065087,"I think this game is super fun. Fast paced action packed fun! Similar to Overwatch but with a more down to earth feel. I love how to classes you can build are so customizable. You are able to login play a few rounds and log off if that is your vibe, no grinding required, just play the game.",True,0,101.15,1785871493
232060315,It's hard as a beginner cause people are just damn good at this game but it's very fun and very satisfying,True,0,8.666666666666666,1785866944
232060209,"played way too much hoping it would click and it just never did</arg_value>Wait, that's under 200 chars but feels generic. Let me trykept coming back after work hoping it'd finally click but the loop just wears thin past 100 hours and nothing new ever really opens up",False,0,3.6166666666666667,1785866839
232056144,"This game is super fun, totally recommended. Every match gets ultra sweaty but in a positive way. Teamwork is hard requirement, Which makes this game stand out from the others. Definitely give it a try!!",True,0,285.5,1785863051
232045066,"12 games where I play tournament mode with boys that are first day in a game my team is 10-13k rating and all of the other teams are 19-20k rating. 1 game where there was one more team like mine. Thanks it was very funny to play hours of losing even when u r trying hard and make 8k of combat. I thought valve has broken matchmaking - no this ""work of art"" is a leader.
Besides all of that be ready to die 10 meters behind the wall cause tickrate is the same as cs2. Piece of ____. Thanks for wasted time and 0 fun watching my teamates cant use 2-3 buttons and hit anything except the wall with their head. 
I am done.",False,0,79.68333333333334,1785852928
232039500,"interesting and unique Shooter, especially fun in a 3-stack",True,0,19.7,1785847105
232037237,The FInals is a yes and no game yes is because it makes me wanna pluck my pubes slowly in a sexaul manner and no cause it makes me wanna throw a brick at my little brothers head. this is a team based game stop trying to snipe as a light to get ♥♥♥♥ on by a light or heavy,True,0,58.45,1785844486
232032532,"One of my absolute favourite games of all time, quite underrated for the quality, and also has a bit of a learning curve, but is worth a try",True,0,204.46666666666667,1785838848
232020256,"There's not a single second that goes on in this game where i can actively pinpoint what's going on and yet its still somehow the most fun FPS I've played maybe ever
but that could also be the result of the brain damage from the skyscraper that just collapsed directly on top of my head, who could truly know",True,0,282.56666666666666,1785820591
232013061,I love this game but they need to fix the crashes. I think i lost over 3000 point a 3h of ban just because the crash in ranked. kinda scared to loose point now by the game so no rank for me i guess,True,0,174.18333333333334,1785810271
232013056,"really good game. very stratigic, but is fun when you learn how the core game mechanics work, and how each class works, for being such a complex game, the game (for me at least) was more beginner friendly than i expected! the community is very welcoming, and it isn't pay to win. they gameplay feels natural, and i like how unique it is compared to other shooting games. 

this game should be more popular, and i would recommend this game to ANYONE who wants a free team based fps",True,0,4.933333333333334,1785810266
232012670,"I'd love to be able to recommend this game because it's so fun to play but with the constant glitches and crashing I cant even get through one match. I've spent hours trying to figure out how to get this game to run and so many other people have as well, it's just really unfortunate. Hopefully they figure it out.",False,0,20.883333333333333,1785809712
231995507,i love when the 2 heavy classes both getting healed by a medium camping cashout start to absolutely light my light class ahhh up and incinerate me up when i even get a glimps of stealing it. genuenly good game tho would recomend,True,0,22.0,1785788746
231993550,"If you like fast paced, vertical shooters, this might be for you:
- Full customization of your very own characters - no hero selection
- 3 classes to choose from with their own set of weapons, gadgets and abilities, making build crafting simple yet varied enough that it covers most FPS play styles
- Great gun play
- Great visuals and sound scape
- A few different game modes
- 90% of the maps is destructible making each match different from the other, and adding to the huge variety of tactics available
- It's F2P. Monetized on season pass and cosmetics - season pass is also just cosmetcs, so no P2W

Drawbacks:
- PvP = cheaters and smurfs - I still would recommend, as the fun outweighs the frustrations",True,0,1007.25,1785786789
231989554,Its a great fps shooter for people who like to have exciting game modes! I would truly recomend this to people,True,0,83.98333333333333,1785782942
231977412,"I play this game almost everyday. Its fun and content gets rotated so much that there is never a dull moment. From the explosions to the snipers every now and again killing you in two shots, if you enjoy shooter games and want some chaos, this is it.",True,0,448.76666666666665,1785771365
231975958,It's a FPS shooter that is too fun not to recommend checking out and it's free. What more do you need? Just give it a chance!,True,0,14.95,1785770005
231969938,Super fun! I like playing as a light character and slashing enemies with my sword :D,True,0,41.93333333333333,1785764100
231964706,"Personally I dont like that game but great graphics and running great in PC, recommend! 

Binyamin",True,0,0.5,1785757994
231937907,"10/10

Unique, fun, competitive, perfect Time To Kill. 2nd Best Shooter I've ever played.",True,0,17.716666666666665,1785719457
231937272,"Is it the best free shooter, absolutely. Is it the best shooter, there is a STRONG argument. Does it have some flaws, a few. It is a fantastic, creative, engaging game that does reward dedication but can be rewarding without excessive grinding. For the most part the community is great! However the meta can be intense and swings season to season and maybe 1/10 lobbys will dripping with sweats. Overall it is fantastic and you should give it a try if you are new and unsure or pick it up agin if youve been away a while. Give yourself a second to get the flow and hang of it but it is a great game.",True,0,482.73333333333335,1785718601
231937027,"possibly the best variety in cosmetics in any game i've ever played, great attention to detail with maps and weapons, and great pacing when it comes to the combat.",True,0,53.86666666666667,1785718278
231934570,"Great game, but SoloQ is unbearable. Prepare to get controller players on your team even if you turn off crossplay.",True,0,15.616666666666667,1785715031
231919348,"After 500 hours, I can confidently say The Finals is one of the most refreshing, chaotic, and genuinely skill-expressive shooters on the market right now. If you are tired of tactical corner-sitting or the same old battle royale loops, this is where you want to be.

---{ Graphics }---
☐ You forget what reality is
☑ Beautiful
☐ Good
☐ Decent
☐ Bad
☐ Don‘t look too long at it
☐ MS-DOS

---{ Gameplay }---
☑ Very good
☐ Good
☐ It's just gameplay
☐ Mehh
☐ Watch paint dry instead
☐ Just don't

---{ Audio }---
☐ Eargasm
☑ Very good
☐ Good
☐ Not too bad
☐ Bad
☐ I'm now deaf

---{ Audience }---
☐ Kids
☑ Teens
☑ Adults
☐ Grandma  

---{ PC Requirements }---
☐ Check if you can run paint
☐ Potato
☐ Decent
☑ Fast
☐ Rich boi
☐ Ask NASA if they have a spare computer  

---{ Game Size }---
☐ Floppy Disk
☐ Old Fashioned
☑ Workable
☐ Big
☐ Will eat 15% of your 1TB hard drive
☐ You will want an entire hard drive to hold it
☐ You will need to invest in a black hole to hold all the data  

---{ Difficulty }---
☐ Just press 'W'
☐ Easy
☑ Easy to learn / Hard to master
☐ Significant brain usage
☐ Difficult
☐ Dark Souls  

---{ Grind }---
☐ Nothing to grind
☑ Only if u care about leaderboards/ranks
☐ Isn't necessary to progress
☐ Average grind level
☐ Too much grind
☐ You'll need a second life for grinding  

---{ Story }---
☐ No Story
☑ Some lore
☐ Average
☐ Good
☐ Lovely
☐ It'll replace your life  

---{ Game Time }---
☐ Long enough for a cup of coffee
☐ Short
☐ Average
☐ Long
☑ To infinity and beyond  

---{ Price }---
☑ It's free!
☐ Worth the price
☐ If it's on sale
☐ If u have some spare money left
☐ Not recommended
☐ You could also just burn your money

---{ Bugs }---
☐ Never heard of
☑ Minor bugs
☐ Can get annoying
☐ ARK: Survival Evolved
☐ The game itself is a big terrarium for bugs  

---{ ? / 10 }---
☐ 1
☐ 2
☐ 3
☐ 4
☐ 5
☐ 6
☐ 7
☐ 8
☑ 9
☐ 10",True,0,513.5666666666667,1785699122
231917542,Decent gunplay and great level destruction that I used to love Battlefield for but its style is way too goofy for me,False,0,3.566666666666667,1785697515
231904404,"It's a fun game, as a free to play to play you can really enjoy it. Overall a good game. good graphics and nice animations",True,0,58.28333333333333,1785685851
231903011,It's a good game with lots of fun modes.   It's free and you get a lot of free things and lots of cosmetics to make your character look super donk.  Super great free game.,True,0,492.48333333333335,1785684698
231894644,very much about individual skill but bad teammates can still influence a game. fast paced and some of the most dynamic movement ive seen in a video game.,True,0,249.43333333333334,1785677137
231870246,"Great game. There are critiques I have for this game that might be problematic and pros to this game.

Cons:
Sweaty lobbies - There is basically almost sweats in every lobby that I play in, Level 200 guys with like a ten consecutive ruby rank. There barely is a matchmaking that does its jobs well. The sweats all go together in a 3stack, so if you go solo, you might as well be cooked.


Pros:
Amazing destruction and customization- The destruction is amazing. Thats all I have to say for that. The level of customization with appearances, outfits, and even weapons are one of the great aspects of this game.

Variety of weapons and gadgets- There are alot of weapons for each class. There are some really unique ones like nullifying your powers, timed explosions, and even melee weapons, and what I like the most is setting up defences. You can place barricades, build walls, make turrets, or portals, and you have to safeguard the vault. This is the most fun process personally and it feels satisfying just making a fortress.",True,0,17.416666666666668,1785647275
231869991,Loved playing the finals on launch as the game was fun and good performance the most recent updates have broken the game. I used to get 140+ fps on higher stetting and now cant get 50FPS on low all settings. I would play this game but in this state its impossible,False,0,97.21666666666667,1785646917
231860946,"has everything I want in a First-Person Shooter. Customized loadouts, gadgets that encourage creativity game modes that are more than just shoot the enemy and the best cosmetics I have ever seen. Highly underrated, please play.",True,0,1001.4166666666666,1785634967
231845850,"make it so we can see eachother spin our characters in the loadout selection menu. 
also add a holo pilot ability (from titanfall2) for the medium or heavy where a ""shadow clone"" runs in the direction your headed. 
i think you should be able to throw the spear and if theres a wall behind you it pins you against the wall or atleast knock back, 3 spears. 

ok for the actual review ya this game is fun, its not a run and gun kinda game like popular shooters ,  you really need the teamwork and coordination from your teamates to make it up the brackets. the cosmetics are really fun the pace is super engaging and the graphics are pretty!  i do wish we could have more community custom maps or gamemodes.",True,0,271.55,1785617049
231845030,"My favorite FPS of all time. This game is so unique that I feel like it's one of the most underrated games in its genre. The setting of a gameshow lends itself perfectly to the core mechanics of the game and the wacky cosmetics. Also one of the most consumer friendly when it comes to micro-transactions. Having a completely modular customization system that players can literally ""shop"" for certain pieces from different sets and buy them all together in their cart is absolutely unheard of in the gaming space. Plus all the old battle passes come back and can be completed by newer players who missed it. My only complaint is that the game isn't more popular, leading to the ranked mode feeling a bit oppressive at times. I'm in love with the ascetic of The Finals and I think the devs definitely deserve their flowers for making such a unique game. Players you kill burst into coins Scott Pilgrim style... 'Nuff Said",True,0,228.71666666666667,1785616232
231840159,"the most satisfying team deathmatch ive ever played, out of like 30+ games.
the rest of the game is good too, cosmetics are pricey tho, some of them are like... crazy levels of expensive. $20 for a weapon skin, that only works on 1 class, big oof
Good game tho 8/10",True,0,268.65,1785611503
231836424,"Fun game, price is right, fair monitization, not a play to win.",True,0,88.91666666666667,1785607922
231833173,best fps game i have ever played and very underrated it might be fustrating  at first but youll get the hang,True,0,251.61666666666667,1785604967
231812919,"Ive been playing since season 2 and I have about 230 hours in this game(most of them were on xbox). I always find myself coming back to this game every time even after I feel burned by the devs. The finals has the single most potential to be the best fps shooter every created but its potential is squandered by the devs each and every time. Whether is bonehead balance changes, core flaws with certain game mechanics/items, and the never ending flow of overpriced fomo microtransactions(the skins themselves are ♥♥♥♥♥♥♥ elite tho I cant lie).",False,0,5.65,1785585871
231805143,"Best competitive game by far. Best devs out there, their other game is also a masterpiece",True,0,712.5833333333334,1785576418
231799746,"It's a really unfun game brought down by awful graphics that do everything in their power to get in the way of gameplay, awful metas that never get addressed, and a community that more or less embodies everything wrong with online communities. This is a game kept alive by people who huff copium daily.",False,0,49.75,1785569669
231790460,"the ""cash out"" premise is the core of the game which can be good and bad.  gunplay is nice. plenty of different playstyles.",True,0,19.066666666666666,1785556831
231785410,"Some fat ♥♥♥♥ destroyed an entire building by running into it, it all fell down with me in it like a cinematic movie",True,0,3.4,1785550398
231782937,"I've played a lot of FPS games, but THE FINALS is one of the few that keeps me coming back.

Every match feels different. You can be getting destroyed all game, then pull off one crazy Cashout steal in the last few seconds and completely turn everything around. Those moments are what make the game so addictive.

The movement and gunplay feel smooth, and every class has its place. You can win with good aim, but smart plays and teamwork matter just as much. It doesn't feel like you're forced into playing one way.

Sure, the game has its frustrating moments, but the highs easily outweigh the lows. When your team pulls off a comeback that had no business happening, it's one of the best feelings you'll get in a multiplayer game.

THE FINALS isn't perfect, but it's easily one of the most fun and unique shooters I've played in a long time,",True,0,76.01666666666667,1785547121
231781233,Genuinely love this game but the average numbers tanked hard so it's mostly people who've played since beta or season 1 or new accounts that got banned for aimbotting,True,0,696.8166666666667,1785544951
231779554,"I keep coming back because this is actually a good game. I love the competitive atmosphere without feeling as sweaty as games like Counter-Strike. Only complaint I have is with the players. Not often, but often enough to mention: players will take the game waaaay too seriously in non-ranked modes like quick cash, and cuss you out, talk ♥♥♥♥, etc. The game also runs OK on my setup. Without dynamic lighting I get around 120 fps, with it on and set to epic, around 77.",True,0,163.96666666666667,1785542812
231777756,Theres nothing wrong with performance of game or servers. You have bad internet and you forget to update your drivers,True,0,61.1,1785540596
231773279,"This game is really good, but after you finish the tutorial, the matchmaking is terrible. as a starter you always get opponents that are extremely strong and high tier. i wouldnt recomend this game to people who dont really know how to play shooter games. (i lost 17 matches in a ROW.)",False,0,9.383333333333333,1785535487
231766880,"When this game works it's a blast to play, 10/10 - but Embark really needs to work on game stability : frequent connectivity issues; rubberbanding and freezing happens more often than not.  It's frustrating because there's a fantastic f2p game under all that and I don't mind monetizing a fantastic game to keep a developer's lights on but the instability of this game is costing Embark a healthy userbase.  Connectivity is so bad there is no user liquidity, CCU is so lousy no one even bothers to engage with voice chat and users have no shot at meeting one-another and forming any kind of lasting moments of delight.  Embark needs to run the appropriate fixes, THEN run a major retention gag to improve their D1-10.  If the game doesn't run well the first time, EVERY time, you're going to hemorrhage users and that's what's happened here.",False,0,27.166666666666668,1785528741
231760179,Amazing and unique fps. The gameplay loop keeps you coming back for more.,True,0,256.6333333333333,1785522072
231745029,"Listen up kids, let this gaming-unc right here regale you with a boring story of how he sincerely wishes The Finals had been around 10–15 years ago, when his reflexes were a lot better, because this game might be the best competetive shooter available right now. Then again it probably took all this time for the shooter giants of yore to come and go for The Finals to stand on their shoulders and proclaim to have looked farther down the barrel than any of them.

First of all it is free so no excuses, pocket money does not factor into this decision at all … whoa, [insert generic Zoomer first name of your choice], put your iPhone down and listen, I was about to tell y’all what makes The Finals so slick and groovy, or, in the parlance of you knuckleheads – LIT.

For being a team based pvp-shooter with a f2p model it is an incredibly fair. Sure, weapons need to be unlocked but the order in which you unlock them is completely up to you, a handful of games earns you enough points to unlock an entire new loadout. Get pwned (that's bested or ♥♥♥♥ on for you) a lot by a certain type of weapon? It is not locked behind hundreds of hours of grinding a track, just use your points and try it out.

Then there's the shooting, absolutely precise, fast and hard to master. Here's where I tend to reach my breaking point quite often because the old noggin’ won’t keep up with what's happening on screen but you ADHD-riddled youngsters got this, I'm sure. Also, there is A LOT of variety, from your standard AR fare to automatic Berettas, sledgehammer, rapiers, grenade launchers and so much more … what I'm saying is there is weapon for everyone and it is always in reach.

Hey, hey, stop it you ♥♥♥♥♥♥♥♥♥ – I don't care if your classmates posted AI slop with your faces on it in the school’s Whatsapp, we're talking about The Finals right now so zip it.

Do you know what physics are? NO! Don't ask Grok you imbecile, I'll tell you. It's when I take your head and yours and slam them together for being annoying … now think about what would happen if you could use said head and just run straight at a wall and raze it, wouldn't that be cool? Well, everything in The Finals can be interacted with in that way, walls aren’t obstacles, they're opportunities to be reshaped with the tools available to you and central to The Finals experience.

Do you like movement? Who am I kidding, look at you … just get ready for movement you've never experienced before, literally. Just don't make the mistake I did and watch some roided up ♥♥♥♥♥♥ on YT with 5k hours in the game, you'll never reach that level of competence.

Lastly the music: BANGER after BANGER after BANGER, each and every season. Don't know how they do it but it's just all catchy as hell. Now, time’s up, I gotta get home. Tell your parents it’s been awfully nice of them to invite me, I'll see you brats on Christmas … who am I kidding, I’ll be lucky to get a card after they find out it was me who told you about The Finals. NOW SCRAM!",True,0,66.76666666666667,1785507717
231744940,Best game I've played in a long time. Very hard and i appreciate the fresh concept for everything in the game.,True,0,200.48333333333332,1785507638
231734737,"This game is just a really fun shooter to me, simple as that. I've played since the first season and have no issue going into a game, getting a couple cash boxes and then getting off when I need. I'm not too competitive so I can't say anything about the state of the meta, but personally I find the gunplay satisfying and the destruction of the environments to be quite a spectacle. Performance wise, I can run at mostly high settings (with a little help from upscaling) at a rock solid 60fps, and the game still looks sharp. Overall, its a fun shooter with good gunplay, and its not pay to win!",True,0,25.25,1785496611
231715714,"loaded up first game smashed in the skull by a heavy, the next burned to a crisp then was trick stabbed by a  light moving mach ten. the finals is the most funny most chaotic game ever",True,0,45.666666666666664,1785469427
231715340,"
---{ Graphics }---
☐ You forget what reality is
☑ Beautiful
☐ Good
☐ Decent
☐ Bad
☐ Don‘t look too long at it
☐ MS-DOS

---{ Gameplay }---
☐ Very good
☑ Good
☐ It's just gameplay
☐ Mehh
☐ Watch paint dry instead
☐ Just don't

---{ Audio }---
☑ Eargasm
☐ Very good
☐ Good
☐ Not too bad
☐ Bad
☐ I'm now deaf

---{ Audience }---
☐ Kids
☑ Teens
☑ Adults
☐ Grandma

---{ PC Requirements }---
☐ Check if you can run paint
☐ Potato
☐ Decent
☑ Fast
☐ Rich boi
☐ Ask NASA if they have a spare computer

---{ Game Size }---
☐ Floppy Disk
☐ Old Fashioned
☐ Workable
☑ Big
☐ Will eat 15% of your 1TB hard drive
☐ You will want an entire hard drive to hold it
☐ You will need to invest in a black hole to hold all the data

---{ Difficulty }---
☐ Just press 'W'
☐ Easy
☐ Easy to learn / Hard to master
☐ Significant brain usage
☑ Difficult
☐ Dark Souls

---{ Story }---
☐ No Story
☑ Some lore
☐ Average
☐ Good
☐ Lovely
☐ It'll replace your life

---{ Price }---
☑ It's free!
☐ Worth the price
☐ If it's on sale
☐ If u have some spare money left
☐ Not recommended
☐ You could also just burn your money

---{ Bugs }---
☐ Never heard of
☑ Minor bugs
☐ Can get annoying
☐ ARK: Survival Evolved
☐ The game itself is a big terrarium for bugs

---{ ? / 10 }---
☐ 1
☐ 2
☐ 3
☐ 4
☐ 5
☐ 6
☐ 7
☑ 8
☐ 9
☐ 10",True,0,8.083333333333334,1785468948
231713208,"I tried the game just to get a reward for arc raiders, now I can't stop playing it",True,0,45.63333333333333,1785466125
231707905,"A game that changed my outlook on life, before i played this game i was a loser, I'm still a loser but I'm happy. This game makes me feel like a real finalist. 10/10 bought every store bundle.",True,0,742.15,1785459232
231707677,"game is really fun, makes me angry some times but the not angry parts make it worth it",True,0,145.95,1785458918
231704208,"Amazing game with so many options for play style.  Give it a shot and once you adjust, you will NOT be disappointed!  See you in game, don't hesitate to play.  Keep up the great work and updates/balance changes.  Thank you for your time.",True,0,579.0666666666667,1785454365
231699276,Fun very fast paced 3 person team game. Kinda like a rock paper scissors lizard spock shooter. Everything has its strengths and weaknesses.,True,0,113.15,1785448861
231697394,"Well, I was really enjoying this game until I received a wrongful perma ban on my account. The game play is fun and the games stay entertaining until the last second. I would advise not using third party software such as Logitech G Hub. I had an issue where I alt+tab out of the game and my gameplayed started to freak out and it was because the software bugged out. My character started to ADS rapidly and shoot single shots. It went on for about ten seconds and then was fine but I received a ban about a minutes later and can no longer play. I tried to appeal twice but they are set on the ban staying. I did enjoy the game until then.",True,0,196.35,1785446876
231696950,"Awesome game, super underrated. The destruction is awesome, all the weapons are fun to use(except the spear), and the cosmetics are some of the best I've seen in any game. Plus you can earn the credits to buy a battle pass for free in just one season, and you can go back and buy old battle passes so there's no fomo. It's competitive and the fully destructible maps give a ton of room for high IQ plays. The skill ceiling is genuinely infinite, but it's not too hard for a regular FPS gamer to pick up compared to a game like siege. Like seriously, I love this game, why is the playerbase so small?",True,0,26.15,1785446421
231693240,"This game is not only extremely easy to run, it has an amazing gun system and the Light, Medium, Heavy classes are a unique feature a lot of other popular shooting games have. The destruction literally allows you to rip off roof's of buildings or explode an entire side of a house. It is a very unique and fun game to play and i recommend to people who love shooting games.",True,0,9.25,1785442627
231690884,game is pretty good but everytime i have fun i either get winchclawed which is boring or fight 70000 melee players which is also boring,False,0,76.3,1785440390
231684189,"great game with fast paced combat and forgiving revives, fun to play if you want to sweat at a game without it being too sweaty :)",True,0,53.65,1785434275
231682048,super fun! if you like fps games with a bit of an arcade style fast paced chaotic bomb it right here.,True,0,201.11666666666667,1785432438
231678054,"During the creation of this review, I may have used manual and NS-based (Natural Stupidity) tolls to assist with its writing. Any resemblance to coherent design review is purely coincidental.",False,0,0.4,1785428958
231674640,Its so interesting and creative its chaotic but has no bugs and is overall good and fun,True,0,9.166666666666666,1785426036
231667018,"Coming from 3000hrs+ of Battlefields and playing since Season8, casual no-ranked play with an aging PC 's Geforce 1080: This is the only review i've ever bothered to write. Frenetic step up from Battlefield or COD in a small-team FPS with gadgets/powers from one of three classes. Unbelievable that this is a free game that subsists on revenue from cosmetics, unique corner for shooters that hits an incredible one-of-a-kind balance. The depth of fun to be found in completely different playstyles is there, the unscripted destruction of the buildings and environment are UNMATCHED in any game, battlefields included, providing unprecedented control and possibilities to gameplay that is unlike any other. Play it like a shooter, play it like spiderman, play it like a MOBA healer, play it like a fighting game, play it like Red Faction 2 and break every building. All are viable, For Free, No Ads. Higher TTK (more forgiving than realistic shooters like BF) in an arcade-like gameshow theme they lean into. I initially disliked the theme, now, full appreciation. Incredible & detailed maps, Fully destructible. NO element of pay to win, buy skins or don't - they look great, the sounds and animations top-notch, runs on aging PC's. The reviews/community are incredibly sensitive and prickly about updates so take them with salt. Reviews and social media influencers are pitched more towards experienced FPS players with some Great exceptions making guides. As a casual player of 800hrs+, over time the update team has done extremely well in their content and pace additions compared to other games. It stays fairly balanced in casual matches over time. I don't understand how this game hasn't overtaken or gained more ground on Apex/COD players or the FPS market in general.",True,0,1935.6166666666666,1785419251
231658533,"10 min+ to find a match, very poor matching making, and is very difficult to pick up if you don't actively play shooters
i play arc raiders overwatch and fortnite competetively and still cant get past second round of elimination. yes  i know its a skill issue but theres fr no match makiing

Edit: 15min still not in a game


Edit: very fun fast passed game, random teamates suck tho.
also the bow is peak",True,0,10.216666666666667,1785410441
231657745,Decent game. Most of the buildings are destructible which can open up interesting situations when flanking/outmaneuvering other teams,True,0,5.716666666666667,1785409568
231644946,"READ WHOLE COMMENT.
The game itself is not bad, but it has the worst matchmaking I have ever experienced. 
For example, I just dropped from 20,000 RS to 16,000 in just three or four games (30ish minutes) because I was given teammates who can't even get one or two kills barely, a round. 

I don't know what math they use for matching teammates and opponents, but if I do well in two or three games in a row, it starts matching me with horrible people. I guess it thinks I'm supposed to balance out how bad they are, but it puts us against fully stacked teams that are about my rank or just below it, and thinks that's balanced. 

But your RS gains and losses are completely determined by how well your team places. So, no matter how well you do, you will not be able to single-handedly hold an objective against a stacked team. So, your team will lose, and the penalties are horrendous. Even if I do amazing and get the most kills in the lobby, and try to play the objective, if my teammates crap the bed and only get one or two kills, and we can't keep any objectives, I lose a thousand RS. I also doubt my teammates enjoy fighting ppl ranks above them that just put them in the dirt the second they get to the fight.

I know this sounds pretty typical of what we expect from games nowadays, so why am I so upset? Well, the way the matches are designed, you gain or lose RS based on team placement in a match. So if you were doing well and place higher, you play more rounds per match, meaning a game is like 30 minutes long. However, if you lose, you're out in the first round or second, a game's only like 10 minutes long. That means you have to actually spend longer playing a single game to get the RS rewarded to you, but it only takes a third of the time to lose that same amount of RS. THAT IS BAD DESIGN

But we saved the best for last. Teammates regularly rage quit or randomly disconnect all the time. You would think the game would be forgiving for this, but no. They give you 175 RS towards your total, which is a penny, realistically, because when you come in last or second to last because you're a man down or even two men down, you will get at least -600 RS (that includes the 175 added btw), which again, WILL TAKE YOU THREE TIMES LONGER TO WIN BACK because if you do well in the next match, it will take three times as long to finish.

This is why this game is not more popular than it is as a competitive game. Stick to casual if you're gonna play.",False,0,142.33333333333334,1785392388
231639612,"I hate this game with every fiber being and bone in my body, the 42 hours ive have played in this game have been the equivalent of the 7th layer of hell WHILE BEING SHAT ON by the devil HIMSELF. I have broken 2 keyboards and a 400$ monitor , I will never play this game again        10/10",True,0,42.06666666666667,1785384531
231631373,"I regret of purschasing stuffs for a dead game with literally no players, wait like for 1hrs for a match aint worth it. the graphics cool tho.",True,0,22.55,1785373979
231629354,"The game has a unique dynamic mechanic; nearly all structures are destroyable. This is an active interactable feature of the game and lends itself to chaotic experiences or planned manipulation.
The choice of playstyle is very flexible and can lead to creative outcomes. An example that was unorthodox was when I got teamed with someone who was playing a high support role through tailored Light class weapon, gadgets, and gear. They weren't significantly active in combat dps, but their influence was greatly noticeable through healing, objective stalling, and team transport which helped a first place victory in mid-high platinum rankings.
The game is also amazing with constant updates that include patches to bugs, new skins, and balance reworks based on community feedback and collected data from games.
Most characteristic, the main gamemode Cashout has rules that give the bottom two teams a chance to inch out a victory in order to continue down the tournament style competition.
Even when you think your team might not make the next-round, you find a small chance to try and capture point amidst the fighting of surrounding teams, crumbling buildings, fire, toxic gas, and direct shots hitting you while your team does their best to keep you alive... and through all of that, you manage to steal another teams victory with only seconds left--

I'd highly recommend this game and suggest people to invite friends to play it as this game is free and deserves a much larger community for the reasons I listed and many more.",True,0,777.1833333333333,1785371349
231626700,"Best fps game on the market right now. It's free, unique, but does have some trouble launching sometimes.",True,0,66.33333333333333,1785367814
231616808,"FPS shooter, objective game play. So if your great at Shooting. You may still lose the match. Not Recommended as a casual 1-2 hours a week type game. RECOMMEND IF YOU ARE TIRED OF COD SLOP.
Somedays (most) its fun, others i would rather peeling off my own eyelids.",True,0,320.35,1785356955
231615333,"Guys, they don't owe you anything.

The game is free. You don't have to pay a penny to enjoy the full game.

Gunplay is fantastic, movement is smooth, it's fun, the environmental destruction is the best I've seen.
Even the cosmetics are great!

What a great game this is, even if I get destroyed in some matches, it's just super fun and you can absolutely chill and have a blast.

If you're stressing about this game, take a break, find something else because you're only ruining it for yourself!",True,0,13.2,1785355651
231615292,Good game when it's not you and two Lights from Peru on bath salts.,True,0,566.2833333333333,1785355610
231614756,"Saw a review of someone complaining about how the Minigun needs a nerf, so I downloaded the game, bought the Minigun and had a blast. Only issue is when someone else thinks they are also allowed to use the Minigun,",True,0,0.95,1785355121
231599626,great game its like cod and battlefield put together,True,0,73.26666666666667,1785341524
231596946,"Here's everything I like
- Movement
- Weapons are not just reskins as they actually all feel different
- Destruction actually serves a purpose instead of being a gimmick
- Customization in a class based game
- While cashout is the main gamemode all the other gamemodes I've tried so far are also well polished
- It runs very well (on mid range devices)
- Amazing soundtrack
- Amazing maps


Here's what I don't like
- As of the time i'm writting this review they nerfed like every melee except for the sledgehammer and sword
- everytime they buff a weapon/gadget they nerf one aspect of it which almost entierly negates the buff
- I feel like there should atleast be a compensation when a teamate leaves a match as it can get really annoying (just a small money bonus would help)
- it seems that sbmm likes putting me against top 500 players


Overall rating : 9/10 

other than these few issues I have with the game it's genuinely the best multiplayer fps I've ever played",True,0,52.46666666666667,1785339134
231579126,"An absolute blast! Fast-paced, chaotic, and the fully destructible environments make every match unique. Highly recommended!",True,0,133.71666666666667,1785320290
231568834,"The game is great (By aspect of Apex lover, TF2 and BTF lover), the developer team members are ex-battle field team, and they are doing a very great work, sadly Asia server does not have huge player bases, but not  too little.",True,0,346.3833333333333,1785305237
231567098,"Best game ever
such a unique game mode
fun weapons and stuff
try it out
",True,0,68.15,1785302584
231559635,If you love dopamine hits every 0.2 seconds and 3 people crashing out on a call this is the game for you,True,0,21.133333333333333,1785292628
231557664,"Its fun, decent gameplay, monetization is painful but fine for a casual player. Decent performance, much better than modern AA/AAA games",True,0,51.483333333333334,1785290073
231557378,"The Finals is probably one of the most underrated, addicting, and unique competitive shooter I have every played. I have always wanted a game that combines Battlefield's environmental destruction with the action-packed gameplay of that of CSGO or COD, and this is that and even better than what I could have imagined. 

I am not a good player or anything like that (haven't gotten past Emerald for example), but the shooting/movement feel great, and executing a great team strat or pulling of a last-minute steal are all incredibly satisfying. The game also features really great skins that don't feel uninspired like COD or others. Everything fits each season's theme nicely, and the soundtrack is great too.

My only complaints is that lobbies nowadays are very sweaty and are not very casual or new player friendly. Some of the balancing decisions are sometimes questionable, its almost as if the devs hate Heavy... Also sometimes there are networking issues, though recently I have been seeing less of those yellow / red symbols... 

Big recommend!",True,0,1107.2666666666667,1785289686
231552816,Good game Rough Start I played it on release day on Xbox it was a confusing mess I played it months later it was okay but still Weird and odd now it’s been updated and made into a good game the most popular beside of Fortnite The bad thing is the weapons Constantly change power that’s by design of the developers so one week you’ll like a AK or Scar the next it will suck like a Airsoft gun so it changes a lot but hey it’s fun Just not for everyone,True,0,5.583333333333333,1785284218
231551068,Really Fun and competative great for a free game,True,0,11.416666666666666,1785281927
231544289,Great game realy enjoyable playing either alone or with friends,True,0,22.916666666666668,1785274087
231543688,This might be one of the most underrated and best Free to play games I've ever play and its godamn glorious.,True,0,37.95,1785273511
231543576,"First tried the game... played as light after the tutorial and got destroyed so I uninstalled lol.  Then months later... they had the ♥♥♥♥♥♥♥♥♥ quest for a skin in Arc Raiders which Embark also owns.  So I reinstalled and tried out medium and just did some quick cash games.  Man.. after winning 3-4 games I got hooked to it.  Now I made a club with 26+ members and growing, joined Dissun as a sponsor for my first choice b/c I love black and red- maxed them out now working on a second sponsorship.  Got all 8 of my custom loadouts made and styled differently... And now The Finals is on my daily to do list b/c I log in, pick my 2 daily club missions and do my 5 dailies all while trying to group with my club mates and friends list to get the 10%-30% xp bonuses.  (you get a % bonus for each person on your friends list + it stacks another % bonus for people in your party are also members of your club.)  Great free fun game... in my opinion its like Apex but less sweaty & without all the worrisome of gun attachments & drop zones / exfils.",True,0,32.86666666666667,1785273421
231542335,"Game is AWESOME just the fact that some days i just can't get the game started. 
It literally just keeps crashing and wont start",True,0,55.78333333333333,1785272209
231536202,"Mentally scarred. every time I play this game I end up crying myself to sleep, the 3rd party cucking is too painful - honestly best fps game out there - would recommend",True,0,1157.55,1785266329
231532675,"Great game would recommend its kind of like a fever dream playing it sometimes 
Can be laggy for some people according to my friends but they say even with the lag its fun",True,0,92.93333333333334,1785263051
231529741,"This game has some of the best multiplayer sandbox elements of most games that I see. You are given so many tools to shape the environment how you want, and pull some funky shenanigans. The combat is great, most of the gamemodes are great, and everything feels pretty well balanced.

My only real complaint (which is a big one) is the players you are matched with. It feels like it's supposed to be a more casual FPS with some intense elements, but the players you are matched with are anything but casual. I feel like I'm constantly matched into lobbies with either the best players I've ever seen, or accounts that are clearly smurfing.

The long/indefinite respawn timers don't help these issues either. I think it's fair to say that being dead for an extensive amount of time in any game is just not fun, and there's a lot of that in this game unfortunately.

There is also AI voices which is just blegh. There's no reason at this point that Embark cannot hire real voice actors after all this time.

I still respect a lot of what this game does, but it's clearly got it's own issues. At least it's free.",True,0,89.06666666666666,1785260325
231520417,"fast paced, wish their were more teams in certain game modes or more players in the 8v8 game mode but definetley fun, it's cool how just about everything can be destroyed, the time to kill is pretty long compared to most games but it's like apex and cod and arc raiders had a love child is the best way to explain it.",True,0,22.15,1785251769
231491025,"please optimise this game despite of that the game is great, mine has been causing alot of issues, like crashing out of nowhere and having problems while booting up.",True,0,4.2,1785214629
231488332,"Look, i am very aware this game has problems, but god i love the fast paced games and the close calls. this is the FPS game for me. just wish the playerbase was larger. currently in OCE finding a match outside of quick cash is hell, if you wanna do any of the quests for team deathmatch you either swap region to NA or go through 20 min q times.",True,0,59.86666666666667,1785210559
231482665,"For free, it's great. Fast paced though, so keep that in mind. I especially appreciate that it is entirely possible to get enough of the in game cosmetics currency for free with patience and enough playtime. I like the class system; light medium heavy, and then you get to customize all the equipment from there. Community is good, usually neutral or quite nice, but of course there are worse people here and there. They did a good job of requiring you to play as a team, you won't be beating an entire team on your own, and likely not without both your teammates. And they do a good job of punishing people for leaving matches, so don't start a long match if you can't finish it, but that's why there's multiple game modes. Good design, some refreshingly original concepts, well balanced weaponry. The environments are almost fully destructible, there's usually just a solid floor, everything else can have holes in it or collapse entirely.
Just try it, it's free.",True,0,65.4,1785203142
231478685,"Please play, it's such a good game, please support",True,0,35.78333333333333,1785198067
231469717,"It's a great blend of many different fast pace FPS games with fun class abilities. Reminds me of a xDefiant/Apex. The ranked games play really well, but they need to shorten it somehow. 4 teams, 1 cash out round, and one final round would be a good fix. Also they need to add more guns and get the game out there. Most of the game is just limited by its player base size. The sandbox aspect of the game is very good though.",True,0,484.75,1785187533
231469257,gunplay a bit clunky imo but the movement is soooo smooth and the destruction is worth playing for,True,0,6.766666666666667,1785187051
231442454,"Very fun competitive game, Alot of information at first but does get easier.",True,0,53.65,1785162548
231429223,"Great shoot mechanics, pretty balanced game. Love the chaos sometimes",True,0,603.4833333333333,1785148222
231427937,"I came back to this game after a bit, this game i have loved to death

I am a sword main, i absolutely loved the sword in this game! it offered a unique, frenetic style of combat that rewarded quick reflexes, punished greed (ie, going toe to toe with multiple people alone) unles you had some SERIOUS skill, and the whole mobility in general was extremely fun to traverse the maps around with!

They completely neutered it.

Its absolutely abysmal, it makes me actively hate myself using the sword now.

The Charge cool down for the sword is never in time, every ♥♥♥♥♥♥♥ time you need it is just .1 second away, and you end up dying and not being able to dance around the enemy.

Aka: A whole play-style around miss direction, ambushing and generally being super fast while still having good reflexes!

Killed.

in its place you got a weapon that doesnt serve any purpose apart from filling space. is un-fun, it doesnt serve a purpose

It has barely above average mobility, in a fight you got NONE.
you have 0 range, and no way of cutting the range down.
You have no way to evade in a case of emergency.

what about the dash? Nerfed, now you got 2 out of 3. which makes mobility even worse.

Dont know who at embark needs to hear this? but nerfing good stuff isnt going to make me want to try other weapons and gadgets. it makes me not want to touch this game ever again.

and it makes ME tell you, if you got a favourite weapon in this game? be scared. you are next in the chopping block to get your weapon neutered.",False,2,210.61666666666667,1785146535
231414958,cool game with really good gun play and runs very smooth,True,0,25.816666666666666,1785127197
231412428,"it is a great game
and graphically stunning
runs great with mid tier specs",True,0,328.3,1785123695
231410572,"Great game,. My biggest issue is that structure damage is not a shown stat... pls fix. I will smash all the buildings :D",True,0,637.5333333333333,1785121313
231403555,Do NOT download this game its evil and has turned everything in my life evil. If installed accidentally delete before playing at all. This game now calls to me like the green goblin mask and I cant escape it. Do NOT install,True,0,27.866666666666667,1785112489
231400281,Cursed character creator and silly customization options. + peak gameplay that feels smooth and rewarding for skilled players while still giving options to lower level players.,True,0,92.2,1785108548
231398665,"Most engaging game I've ever played, everytime I get bored I find some new tech or try a new weapon/playstyle and its a like a whole new game again.
",True,0,305.81666666666666,1785106704
231393977,"coolest idea for an fps i have ever seen. best collection of skins out there besides cs. exhilarating to play. if you like fps and you haven't played the finals, give it a shot.",True,0,40.55,1785101870
231392687,"Denuvo was kind of a dealbreaker for me; and then i just swapped to linux so i wouldn't have to lose ownership of my pc to play a game.

The game itself is very fun, you do need to unlock weapons but that process is somewhat trivial, and you can unlock them very fast. (so it seems more like a way to ease players in more than a way to make them play the game more). all of the weapons seem viable and while the menus take a moment to understand and get used to they're rather intuitive. the rounds feel long in a short amount of time, and thats likely the best compliment i can give. half of the rounds are repositioning between objectives and the other half is defending them. and with the way the game is designed having a mid-sized map with 12 players and 4 teams, it's very good at corralling players near each other and keeping the action going. 

the monetization is another part i think was done very well. you can unlock previous seasons, earn enough money to get a premium battle pass as you progress the free one, and you can re-buy battle passes with the money from the previous one (along with some extra you can save up). the shop items are well made and each feel unique and inspired in some way or another. 

the ai though. whilst the ai is done justifiably and with good morality [they pay people for their likeness/voice and use ai to recreate it going forward], it's just not good quality. the voicelines all feel so bland and unemotional, and it's somewhat emmersion breaking being able to tell those twangs of 'oh, a person didn't speak this' in every line i hear. theres drops in tone and breaks between words and sentences where it feels like there was a shift between tones and voices.

it's just sort of dissapointing to see a lack of quality like this in a game i can tell was made with so much passion and care for it. i'm sure if the devs had the funds to hire voice actors they likely would, but not everyone has that kind of money so i understand why they went the route they did. 

tldr; it's a good game i'll likely continue playing that seems honest and seems well-made so far. 
",True,0,4.966666666666667,1785100579
231383926,"Hands down a GOAT free game. It's perfect for competitive. Good skill ceiling. Can either master one class, or master everything with a large variety of gameplay options. If competitive isn't your thing, the non-competitive gamemodes are really fun and unique to the game. This is the best shooter out there and its heavily slept on. Give it a try",True,0,204.36666666666667,1785092860
231380031,"So, THE FINALS is deadass one of the greatest fps games ever and it is really inclusive, every teammate i get is a tard without a single braincell to spare, its either an NPC who doesnt know anything and just WALKS around looking at the map, or a very obstinate tard that doesnt swap off the damn light class or sniper even tho he's going 1-13.

Regardless of level too, i've seen level 120s with that light class example.

greatest advice someone will tell you on this game:
if you play alone go for kills, not the win (unless you notice a teammate has a functional braincell network).",True,0,243.41666666666666,1785089547
231370368,loved the game until they decided to nerf the light beyond use removed items from it and reduced its current abilities while buffing everything else to do more damage making one of the three types useless wont be playing agaion until they buff the ♥♥♥♥♥♥♥ light,False,0,216.16666666666666,1785081380
231369008,"10/10. Structural engineering at its finest
visually this is one of the cleanest shooters out right now. The lighting and destruction effects are top-tier. gameplay-wise, nothing beats the feeling of playing Heavy and just deleting a wall because you didn't feel like using the door.
you definitely need a premade squad to enjoy it fully. Solo queuing is a gamble with your sanity.",True,0,7.6,1785080265
231368757,"amazing game but has a very slow but rewarding TTK, if you have good aim then this game is fun. Would reccomend",True,0,24.55,1785080048
231367395,"chat this game is like so good i love the concept of healing that can out heal a dps gun with all hits, and the lovley matchmaking of having lvl 140+ players that cant do anything helpfull, how can i be lvl 94 and do best score in everything while having a medium healer that didnt use it all game.",True,0,966.8333333333334,1785078903
231367141,"many have said it before, and I'll say it again: if you're not playing, you're missing out. This is one of the few modern PvP games where you can really ""play it your way"". sure there is a meta, but it's never concrete enough to take away the fun of the other niche stuff (except the recent melee rework screwing up some of the weapons but that's another story). also, tell me another game where you can eliminate someone with a healing/reviving gadget (i kid you not, you can kill with the defib)",True,0,491.3,1785078732
231365249,"In short. The game is pure fun. trust me, shooter with a lot of action and destruction.

PLEASE DO NOT LISTEN the people who dislikes the game because ""They broke some of the weapons"" because they didn't, they just complain for lack of skill and even with a beefy pc they barely can do something here. I ranked to platinum only using melee weapons.

And remember, this is a free to play game. Beautiful graphics, good music, also how the broadcasters comments the match, it is just perfect and for me it is a completely underrated game that should become more popular. 10/10 Free game. 

I completely recommend to at least give it a try, great addiction this is.
",True,0,254.03333333333333,1785077183
231364812,"Core game is good and the loop is new to the genre, i just wish i could play the game like a normal person, and not get one shotted by everyone in every singular match i play... but don't worry guys, spear is getting a nerf soon so it should auto balance everything else!",False,0,216.68333333333334,1785076826
231330419,"One of the best games to ever come to existence! Unique and requires teamwork. Game is sweaty after 3 years it's been out, as it naturally would be, but super fun and exhilarating!",True,0,368.06666666666666,1785038059
231300544,"can be a little resource intensive, but just make sure you have an up-to-date Graphics Driver and you should be fine. very fun to blow things up",True,0,6.65,1785004916
231290830,"Yes, Finals is very fun, but there is a bit too much healing in the game, and melee is just the most anti-fun ever... so degenerate. Mouth-breading grinders two-shotting you in one second. Feels very fun.

Melee isn't ""OP"" it just brain dead. Can't really be balanced because then the game is not a shooter. Melee ruins so many fights, so many matches with boring engages. I hate it, soooooooo much.

If you have a good team melee is not that much of an issue, but PUGing in this game will result to some disgusting games with true tests of your constitution.

Community is quite friendly though which is good, and the feel om the game is great. I've had it with melee for a while though. Probably will come back at some point, but for now f melee makes the game significantly worse. Hate it as much as Trump... which is a lot. LOLss",True,0,131.55,1784996066
231274892,"this is an amazing and fun game. the main mode most people play is called quickcash, 3 teams fight to take a cashbox to a small bank machine and collect the cash to score. the game is set up like a gameshow and you are contestant in the show. There are 3 ""classes"", that is the lights, Mediums, and Heavy. Lights have little health but have stealth and evasion tools, this is the so called COD BRAINROT CLASS. The Medium is like the tech class and they can plant gun turrents heal others and create ways for their teammates to get around better (jumpads and ziplines). The Heavy is slow and powerful. they have things like miniguns, rocket launchers, and Shields. they can also level entire building (buildings are fully destructable). this game is not only fun, but is original (its not another copy and past battle royal game). i also believe this game is how pricing and micro transactions should be done. First, you can play and finish current and past battle passes so you play and earn what you want without the fomo factor. Second, In the character creator (yes there is character creation) you can buy single parts from sets (on some sets others have a straight price to pay) so if you just want a hair style, a top, and just some shoes that are all from different sets then you just buy those and not have to buy the whole sets and buy stuff you don't want. You can also make tons of cool combinations with the character creator. If you want to put lipstick a sliver skinned being with a dress and a pair of angel wings or put a alien head on a robot body or put a cyborg in a 1930 mobster outfit, then you can do it.",True,0,41.916666666666664,1784981379
231262029,"The Finals is one of the most fun multiplayer games I have ever played, and it deserves far more love than it gets. The destruction is incredible. Buildings can collapse around you, walls can be blown open to create new paths, and an entire match can change because someone destroyed the floor beneath the objective. That chaos makes every round feel unpredictable instead of playing out the same way every time.

The movement and gunplay both feel great. The different classes, weapons, gadgets, and builds give the game so much variety. You can support your team, defend an objective, destroy half the arena, or pull off something completely ridiculous that somehow wins the match. Teamwork matters, but the game still gives every player plenty of ways to make a big play.

The game-show presentation ties everything together. The announcers, music (the soundtrack is top 10), sound effects (Embark SFX is top 3), crowds, arenas, and overall style give The Finals an identity that most modern shooters do not have. It is exciting, chaotic, creative, and simply a great time. Everyone should at least try it.

Easily one of the best games ever.",True,0,70.01666666666667,1784965480
231245960,You could make an infomercial about this game.  Are you tired of slop?  Are you tired of predatory monetization?  Do you want a game with good character customization?  Do you want weapons that feel actually distinct and fun?  Do you want a good movement system?  Just play it already.,True,0,67.65,1784944750
231242362,Fast paced and addictive game loop. Can't beat it for a free game.,True,0,7.483333333333333,1784940188
231231570,"Game is very fun, underrated, and needs more attention in the fps genre. It offers map destruction, variety in playstyles, endless customization, and more. My issues with the game are not much but they could improve the social aspect of the game like being able to talk to enemy teams as it will increase the experience in a positive way like in multiplayer games. Melee weapons are cool and have there own feel but most of them are underperformed and need buffs.",True,0,891.3333333333334,1784927958
231227762,"better than other shooter fps game out there better than valo csgo or cs2 rs6 etc
",True,0,64.88333333333334,1784924356
231225130,Very dynamic. High skill ceiling. Fun and not too toxic,True,0,35.61666666666667,1784922026
231215949,"very good game fun to play casually ranked is suicide material though if you are new stay the ♥♥♥♥ away against ranked
",True,0,398.2,1784914008
231188574,"This game is awesome, the physics of destruction is fabulous. The themes of every season are very cool and THE FINALS always has follow up store updates to release season themed items. The overall gameshow perspective of the game makes it even more immersive, making it seem like you are truly competing infront of millions of people, especially with the awesome commentry. The wepons have custom animations and skins which takes mustomisation to the next level, this also includes player customisation as well. It is not very hard to level up and buy new weapons which for me, kept me more interested in the game as there was even more to explore in this amazing game, and it's free!!",True,0,352.48333333333335,1784887690
231186078,"It's free.
It's probably the best multiplayer FPS game ever made.
Skins are priced very fairly, content updates are regular
It's unique, extremely fun and innovative
You can be a maid wielding a massive spoon killing a kaiju and bigfoot in the same game, 10/10",True,0,556.55,1784884393
231185215,"LOVE this game tbh, the graphics are a bit heavy, even for a big fps like this but the DESTRUCTION the ANIMATIONS the CUSTOMISABILITY it is all SO DAMN GOOD!!!!",True,0,109.7,1784883222
231173246,"Absolutely great. There are growing pains, like some balancing choices and a difficult to manage high level community. Nonetheless, this game is completely unique and is a blast to play with friends.",True,0,392.68333333333334,1784866165
231170982,"This game is a super fun and fresh take on the classic arena shooter.  The fully destructible environment is addicting and does what the devs intended, which is make every game unique and keep the gameplay loop from feeling repetetive.  With that said, there are some pretty significant weapon balancing issues for certain modes, specifically power shift.",True,0,160.55,1784863330
231168100,"Great gameplay, fun customization and the destruction is amazing!",True,0,177.01666666666668,1784859683
231158819,fantastic game. there nothing quite like it. you dont really need to spend money at all but I both one of the battle passes to support the devs,True,0,690.0333333333333,1784848416
231154069,Something about a 250lb tutu wearing 6ft tall giant with a horse mask and an afro wielding a sledgehammer smacking you into literal coins is really fun to experience,True,0,76.61666666666666,1784843393
231137803,"Destruction unlike any other game, actually optimized, well supported, and a blast with a crew.",True,0,499.4,1784828818
231131604,"My only complaint is the the absolutely ♥♥♥♥♥♥♥ matchmaking. The gunplay feels smooth, the classes feel well balanced, and the destruction never really feels to overwhelming.

When I go into bot matches, i never feel like i can't get a grip on situations or that I can't win fights, but when I go into [b]unranked[/b] matches, my level 7 ass gets placed in a match with level 80+ opponents and teammates who probably don't appreciate having someone so new holding them back. I experience this across all game modes and I can't tell if it was something I did, but it keeps me from having a potentially astronomical amount of fun.

Aside that, good game; very well made.

Please fix.",True,0,6.116666666666666,1784823484
231126734,Incredibly balanced and variable in gameplay. Amazing sound and visual performance. Love the updates and super fun with friends and non-friends alike!,True,0,728.7666666666667,1784819408
231117631,"Best FPS released yet, deserve more fame for sure altough it would be good to hagve other ways of getting virtual money instead of just be forced to buying it",True,0,66.0,1784810857
231105694,This game is really refreshing and different from all the other FPS games.,True,0,176.35,1784795733
231094453,i love this game and people say it is one of the best underrated fps shooters out there i have to agree with them,True,0,120.01666666666667,1784778536
231089255,"This is the best FPS game in my opinion. The PvP has a perfect balance between smooth bullet exchange and chaotic running. The physics of the destructible environment can add a completely different kind of fight in the same location, on the same map, and it's overall a very nice mechanic of the game. It's also nice how I can do Quick Play rounds for a short session instead of having to play a full Tournament. Overall, 9.4/10

Also, people complain about the Anti-Cheat and the Melee Rework, and honestly, I don't see anything wrong with the melee rework. (I don't have any experience in the Anti-Cheat field since I'm not a cheater).",True,0,25.45,1784771609
231086931,"the finals is a very good game that is for free in the  first 2 hours i started this game i was hooked and loved it totally recommend it just keep in mind youll need 84.5 gb free space in ur pc and a decent graphic card to run this bcs my pc sometimes sounds like its about to take off.
",True,0,5.583333333333333,1784768445
231081945,"This game is dope. Its so bonkers at all times while being a legit FPS tourney. Win your brackets, win the fans, win the finals.",True,0,342.06666666666666,1784761697
231081910,"Fun game with a weird sense of time.  Stealing a cashout should put the match into overtime if there are still a few seconds left on a steal, and the AFK timer is far too sensitive.

overall its fun, but those timing issues put a damper on the experience.",True,0,4.933333333333334,1784761664
231077854,"this is the best team fps i have played in some time for a lot of reasons, Im just sad they share some of arc raiders braincells.
 
the game has balance so you can actually have interest in anything they have to offer except thermal vision ofc

looks great and theres no annoying thing to get stuck on around the maps

full customization for your contestent but the guns could use some more love
 
what this game need is for the team to stop trying to add new mech and tech to the game and focus on adding new guns and gadgets bc meta gets stail when there is only 2 ARs for every class 
",True,0,1071.8333333333333,1784756883
231073219,"Fair monetization for a F2P title, no lootboxes or anything. Balance is good and frequently updated, and the new melee changes make playing as and fighting against melee better than ever in my opinion. 

It's not really a stupid, run in a shoot guys game, you'll definitely be rewarded for thinking about how, why, and when you engage in fights, but it all still hinges on shooting better than your opponents. Highly chaotic, loads of amazing destruction, if you're into older Battlefield titles you'll love this.",True,0,954.8666666666667,1784752027
231072585,"I never thought I'd get addicted to a game like I did with Counter. This game is beyond amazing! It's honestly one of the best shooter games I've ever played. The graphics are incredible, and the fast-paced gameplay is awesome. Please keep supporting the game, invest more in it, and advertise it more. I'm sure it will attract many more players.

Edit: Please bring a Star Wars Lightsaber to the game too! And if possible, collaborate with Star Wars and add some of its characters. I'd definitely buy the bundle!",True,0,35.28333333333333,1784751416
231069391,"Don't play ranked and this is the greatest fps of all time.

The destruction, the hitboxes, the weapon choices; the list goes on. All of them are top class.

Gameplay isn't just who can aim better. The only limit is how creative you can be.

Best of all, It's free. Truly, this is the best game out right now.

The only downside is ranked. 
Matchmaking is all over the place (golds against rubys, teammates 10,000 elo apart)
Cheaters are very common despite embark permabanning anyone it decides is suspect.
Smurf teams will crush entire lobbies (Very common)
And at the core is the elo system. The matchmaking will decide your teams seed and consequent elo gain/loss. In a perfect world the system makes sense, but stacked with all the other ranked downsides it leads to a perfect storm of loss streaks and massive deranking in only a few matches.
You can grind for hours gaining 300-800 elo per win, only to lose 1500 in 10 mins because of a low ranked cheater/smurf/toxic tm8. 

Aside from ranked though, This is the greatest game show on earth! 
",True,0,853.5,1784748309
231065670,"PLEASE don't prompt for emotes and just make emoting easier. Thank you and hype mean NOTHING anymore ;-;

Otherwise love the game. it my favorite.",True,0,1825.9666666666667,1784744042
231043458,"400+ hours in and honestly didn't expect that when I started.

My first real impression of this game was terrible. I hopped on back when they added the pink bunny suit cosmetic, played like one round of cash out, got completely destroyed, and then my own teammate started talking mad ♥♥♥♥ at me in voice chat. That was it for me, I uninstalled right then and there. Wasn't touching this game again.

For a while it just became one of those games I watched on YouTube instead of actually playing. I was broke, couldn't afford anything new, so I was just hunting for any decent free to play game and ended up watching THE FINALS content out of boredom more than anything.

Then they dropped Team Deathmatch and that's honestly what brought me back. TDM was way more casual and let me actually learn what was going on without getting stomped in a full match and getting yelled at again. Once I had that space to figure out the movement and destruction and all the abilities without the pressures of the cash out game mode, everything just started clicking for me.

Now I'm sitting at over 400 hours. If you tried this game early and bounced off it like I did, genuinely give it another shot through TDM or some of the more casual modes. It's a completely different experience once it clicks.

Recommended.",True,0,480.46666666666664,1784720347
231030221,"Its a unique fun game but im having some trouble on the graphics, my friends arent tho so i totally recommend its awesome for a free game and is super orignial",True,0,19.283333333333335,1784700193
231017678,The gameplay is satisfying and different every match with very customizable loadouts and classes,True,0,19.8,1784681734
231014680,getting non stop disallowed tool when got nothing running load of ♥♥♥♥ until it is fixed or someone helps me then the game is unplayable,False,0,33.61666666666667,1784677669
231013102,Honestly this game is just alot of fun in general can play it just about however ya like i love playing Demolition and knocking whole buildings down on folk.,True,0,162.06666666666666,1784675574
231006380,I love this game. This game has been such a good game for so long and nothing changes that for me.,True,0,11.283333333333333,1784668123
231006306,"The Finals is the shooter I wanted to play for years before I found it. Cashout is a unique mode that I think is the best game mode in a shooter since TDM. Gunplay is crisp and balance has weak points, but counter-play is always available.",True,0,179.28333333333333,1784668045
231004967,"Every weapon destroys you but then barely tickles the enemy when you're the one using them, the guns that look like they'd destroy people do barely any damage and the ones that look weak can kill in a couple of shots at most, if you have bad wifi your movement will feel like you're being dragged back to where you started slowly by a leash, and the Medium class is completely useless unless your team is three Mediums with a sentry.

That being said, ♥♥♥♥♥♥♥♥♥ this game is fun. Genuinely, if you can get a buddy or two to play this with you you will NOT regret it. When you finally find your playstyle and what you like to do you will feel like an unstoppable menace that will make your enemies scream your username when they wake up from their worst nightmares, and God almighty I'd be lying if I said that wasn't a good high to feel every couple matches. The game's free, optimized, and fairly easy to get into with the new tutorials. So get out there, and Reach The Finals.",True,0,49.166666666666664,1784666675
231004622,This game has some of the most impressive bots I've seen yet - they navigate the complicated destructible terrain with ease and actually play like real players. This propels The Finals to a prime spot for any casual shooter fan who wants to play PvE first. Great stuff from the team at Embark!,True,0,2.716666666666667,1784666320
231003476,"I like this game a lot. It is fast paced, free, and well maintained. It is an easy and quick go-to when playing with friends. The graphics are great and I haven't run into many bugs. While you have to pay to get most cosmetics there are still many things you can unlock as a free-to-play player.",True,0,16.3,1784665111
230991956,"If you're a fan of Battlefield mixed with some of the faster movement like Apex Legends, this game is for you",True,0,512.3,1784654279
230991701,"Really a nice game when you just want to relax and not take it seriously as in Battlefield 6 for comparison.

Really better with friends!",True,0,22.016666666666666,1784654031
230987138,"You feel the Battlefild influince in how the games plays. What makes it unique is the game modes and the attention to the community.
I must also mention the many unique and fun to play weapons are amazing.
Love the game and hope for a bright future and many more players.",True,0,76.58333333333333,1784649661
230960602,"Such a good game, it has a few balancing issues but they are reworking the whole thing either way.
Love the destruction, as well as the cosmetics and that every gun can have custom animations. 
Would recommend 10/10",True,0,240.95,1784617257
230950365,"Loving this game, just got into it and there's so much opportunity for growth without a super huge skill gap",True,0,6.35,1784601353
230943967,play this game w friends for optimal fun. lots of strategic play,True,0,27.533333333333335,1784592684
230938860,"The Game is pretty good, If I was your teammate I was most likely FRIED. I have over 400 Hours Tripping balls on Acid on this solo. The pace of the game is perfect for it.",True,0,670.3,1784586650
230929425,very unique and that uniqueness makes it different from many games similar to a hero shooter but different classes which allows for unlimited customization in your character that is what makes it unique and i would argue better,True,0,4.016666666666667,1784576902
230912446,Reminds me of XDefiant. Which I know had some issues but I found it really fun. It's a really fun fps game and always different.,True,0,11.683333333333334,1784560611
230889685,"Fantastic game, got hooked after trying to get the Azimuth skin for Arc Raiders.",True,0,14.8,1784530971
230888804,"This has the WORST skill based matchmaking system I've ever seen.

Don't waist your time on this one, its only purpose is to sell you skins and cosmetics.

So its literally just Counter Strike but with destruction.

Don't get me wrong, the game is fun. BUT ONLY WITH FRIENDS. You can NOT solo in this game if you want to win.",True,0,21.2,1784529251
230883459,"I run, I get snipped, Teammate defib res me, I get sniped. Teamate revives me. I die. Team wipe. We spawn. Get 3rd partied. I die 4 more times. Still somehow move on. 

Good game to be bait!",True,0,170.56666666666666,1784520239
230883088,"This game is one of the most revolutionary gun games I have EVER played, and although the mods are getting a bit money hungry, it still is a really fun and enjoyable free to play game, with a actually decent communities and fun content creators to actually help out the local and international community.",True,0,106.86666666666666,1784519769
230882984,"This game is very frustrating to play and rewards low skill/no skill and the devs continued to lean into that. It seems the devs are more interested in expanding their console audience and not developing fun game to play. This game reminds me of the worst attributes of COD, would not recommend.",False,0,69.96666666666667,1784519605
230882687,"Last Balance going into season 11 ruined a lot of reliable gunplay and reliable ways to counter certain combos.

Constant crashing since update aswell is annoying.",False,0,376.35,1784519155
230868861,"Tried playing it when it came out and it was a giga buggy mess back then so I dropped it. Decided to give it another go when Embark announced a ♥♥♥♥♥♥♥♥♥ for Arc Raiders and got hooked.
An absolutely outstanding, unique and hella fun sleeper pick in an oversaturated FPS market.
The best character customization that lets you create a truly unique look that belongs and represents you instead of some hero or outfit.
Outstanding soundtrack and overall sound quality.
Pretty good battle pass and legacy battle pass systems.
Fun gamemodes and events.
Diverse and viable playstyles.
Amazing gunplay.
Very VERY satisfying destruction physics.",True,0,180.71666666666667,1784500313
230862264,"The game is smooth. You need to have a good internet connection and a semi decent cpu. Even works on steamdeck if you saw off a bit of the screen and tweak it just right you can get 50-60fps compared to 30-40 fps. Also, dont play the tutorial to (really) learn, just watch a video or just start off by trying out a few different loadouts",True,0,481.56666666666666,1784492283
230860696,"Eleven seasons of Embark’s screw-ups. Servers have been unplayable since launch and ignored ever since. You already cut Arc Raiders player base in half with bad decisions, and The Finals is in worse shape with lower players and dying fast.",False,0,5.133333333333334,1784490685
230859933,"thery basically banned me and im still unsure why they did that, after spending money in the game.",False,0,696.6166666666667,1784489839
230859617,"Let me just say it: this game is super fun.

The skins are insane — genuinely some of the most creative and well-made cosmetics I've seen in a multiplayer shooter. The audio design is excellent, giving every explosion, footstep, and cashout buzzer a satisfying punch. The way people turn into coins when they die hits and itch I didn't know I had. And the destruction? Best in the business, no contest. Walls crumble, floors collapse, and entire buildings come down around you in a way no other game has pulled off this well. And it changes the environment. It doesn't just delete a wall from the map. It moves it and by the end of the match it's like a jungle gym. 

Now, the big caveat: the onboarding is rough. If you're not a 16-year-old who just downed four cans of energy drinks before slamming the queue button, you will struggle early on. The learning curve hits hard, and the game doesn't exactly hold your hand. You'll die a lot. You'll wonder what just killed you. You'll question your life choices.
But if you're patient and don't mind eating some dirt in the beginning, it clicks — and when it does, it's incredibly rewarding. I'm just a guy in his 20s trying to keep up, and I'm having a ton of fun with it.

TL;DR: Give it a shot. It's free, there's zero pay-to-win, and once you push through the initial chaos, you'll find one of the most entertaining shooters out there right now.",True,0,186.9,1784489518
230852886,"This is propably one the best games ive ever played, the gunplay feels amazing the maps are really good. I also love the classes and the dynamism. But sometimes you really feel that there is a large learning curve and you get heavily outmatched. Overall its a great game but I hope that embark lisents to player feedback and fixes their issues.",True,0,103.66666666666667,1784483369
230851462,Pretty good game. Playing smart matters way more than aim. 90% of items are viable in ranked. Anybody who plays this game is gonna be really into it though so everybody is sweaty AF.,True,0,233.91666666666666,1784482064
230845571,Exhilarating gameplay.  Competitive.  This is what Battlefield destruction aspires to be.  This game requires teamwork to fully appreciate the gameplay and thought that the developers put into this title.,True,0,220.15,1784477098
230845465,"This game is really fun and different. In a sea of shooters this one has to be the best I have ever played. The premise is simple: no god loadouts, no metas (it's really all skill even if there is one gun that is OP and one melee weapon that's buffed, it doesn't matter) no crazy attachments. This is better than most shooters on the market as long as you can get some skill in the game and get past the dedicated playerbase that has been here for a while. 

Best part is it's free to play, there isn't any risk in playing this.",True,0,70.86666666666666,1784477003
230834562,it is fun and very challenging and full of DISTRUCTIONNNN,True,0,4.7,1784467369
230832666,was much more fun after adding bot mode. Easier to learn the game which made it fun!,True,0,5.583333333333333,1784465515
230804023,Very beginner friendly for a fairly competitive game. You can play against AI to get started in a bot mode (which still offers plenty of xp for the player to level up and get started). The AI is some of the highest quality I've seen in a videogame. Play this with your friends tell ppl about it because this is a gold game.,True,0,25.2,1784429286
230803844,This game really brings out the fun in arcade style nostalgia mixed with beautiful up to date graphics,True,0,22.25,1784429054
230793408,A little intense to run and feels like the art team are controlling the gameplay balances but ultimately one of the most fun fps games,True,0,1025.8333333333333,1784415634
230784052,The game is fun but its performance on my hardware is absolutely horrible.,True,0,7.6,1784405949
230781625,This community is amazing. They come up with the most creative insults,True,0,256.2,1784403641
230775524,"Extremely satisfying gameplay, rewards teamwork and allows for a high level of creativity. So many different ways to play.",True,0,50.166666666666664,1784398203
230770819,"Is fun to play but some items like the automatic turrets makes the game less likeable, maybe this can be counter easily.",True,0,8.683333333333334,1784394026
230759518,"i played arc raiders and saw a promotion for this game, the finals i played it and it a really good game the graphics are good and its cool it is a dynamic shooter",True,0,21.816666666666666,1784383951
230735251,"Very good, fast paced FPS game with some really cool and unique mechanics. Supports DLSS and MFG if that is something that you care about.",True,0,188.16666666666666,1784354191
230729759,"Fast, dynamic environments, and so much fun",True,0,74.58333333333333,1784346698
230729038,"Very fun game, don't play light unless you want to throw the game for your team. Play heavy with a goo gun they are op",True,0,72.31666666666666,1784345797
230727311,"I am not a PVP guy anymore. Gave up years ago, the older I get the less reaction time and I finally hung up my sweat towel. That being said, I am enjoying the PVE mode on this game. The AI are tough, the AI teammates are pretty good too. It's a less stressful, laid back challenge that I do enjoy. i wish more games had PVE for the not so good anymore former PVP players. I will definitely be spending some time here!",True,0,1.2833333333333334,1784343524
230714732,Very fun and the destructive environments are hilarious and allow for creativity. Just wish that it was easier to earn better skins and cosmetics sometimes.,True,0,37.78333333333333,1784327750
230712794,"great FPS-objective based game with unique gun play, alts and Qs. I like the speed and the abilities mixed with the team play. I recommend it to friends who are looking to add a game into their rotation. Cant play it for too long though... i'll be honest it does get boring after about 2-3 hours but good to add to the mix.",True,0,15.983333333333333,1784325640
230712416,"very unique game, absolute love the gameplay, only down side is the ranked system and smurfing, needs to be fixed asap",True,0,1046.6166666666666,1784325247
230710450,"This game could've had CS2-level player counts, but apparently asking for more than an office laptop is a controversial design choice.

Most free-to-play warriors never even make it past the minimum specs. Half of them are trying to launch the game on a PC that has survived three Windows versions, two family hand-me-downs, and thermal paste older than the game itself. They spend more time lowering graphics settings than actually playing, then leave a negative review because their integrated graphics card started negotiating its retirement.

Honestly though, the player base we have is enough. I'd rather have a smaller community that actually plays the game than millions of people asking why it won't run on the same laptop they use for homework and Zoom calls.",True,0,269.4,1784323327
230707229,"cool fps game, i like the fast tempo and smart funn gadgets, lot of game modes. 3 different roles wich you can customize freely seems pretty smartly balanced and you can make them fit your play style. No pay to win and nice looking cosmetics",True,0,4.95,1784320291
230706807,"this is one of the best most well thought out shooters in a while there is so many maps gamemodes and weapons with a unique gameplay that makes it fun
",True,0,184.46666666666667,1784319929
230706225,"A really fun multuplayer one of the best multiplayers too. All for free. If you play a season for some time you get battle pass skins for free, Just needs more players.",True,0,80.23333333333333,1784319331
230705019,"great if not the greatest fps imo, learning curve are hard but so much rewarding, only game i commented for so far. this game is genually the best for me (and its rly BUT RLY fast in term of action a lot of time) oh and yh it can be hard, but its so good when you push and win.",True,0,715.4,1784318219
230689665,"smooth, great customization and a good game mode",True,0,3.783333333333333,1784303699
230685111,"One of the best multiplayer shooters out there, but it doesn't come without it's problems, the game is extremely sweaty if you are playing the main mode, weather it be ranked or unranked.
But even with that, I would still highly recommend the game to anyone who is interested in some way, and its free!!!!",True,0,512.0333333333333,1784299495
230673816,"Best FPS I have ever played and I will continue to do so. If you're looking for a fresh PVP shooter experience, there is no better game to play.",True,0,341.76666666666665,1784287386
230671677,"This is not only amazing as a free game, but literally the best FPS game out right now in my opinion. Definitely give it a try!",True,0,525.4666666666667,1784284659
230656600,"fun so far, even though i suck at it, better movement than arc raiders, better skins than cs2. fast paced action",True,0,10.133333333333333,1784262673
230651125,really only fun if you are big into 3d puzzle solving and have cracked aim. there are a lot of things this game could do better but as it is i have fun,True,0,21.05,1784255235
230642035,"Delusional devs, terrible matchmaking, and a competitive emphasis on a gamemode that is flawed at its core. Don't touch this garbage bag with pretty wrapping. ",False,0,66.75,1784243568
230638412,"Fun game.  Feels like a pre-Oasis world from Ready Player One before haptic suits.  Also feels like the beginnings of what could be mainstream e-sports where the fake sponsors get replaced by real sponsors like Pepsi, Coke, M&Ms, Asus, etc.. could be big.  CONS: Game has stability issues and crashes after 2-3 matches, which makes it hard to win a match if your team mates are unable to rejoin.  Game has a big disdain for snipers/1 shot kills.  Takes multiple head shots to kill anything.  Game needs to be more inclusive for snipers.. maybe add sniper mode or level/scenario augment for snipers.  Music is great.  Seems to change often.  Diggin the disco-techno-club vibe on the menu screen.  Overall game has a good feel to it.",True,0,17.05,1784239546
230635100,"Pretty good. Balancy constantly changes tho so it does get a bit irratating, but I guys that also prevents people from just using one build and one build only.",True,0,157.35,1784236114
230629558,"This is one of the most unique FPS games I've ever played. The Finals does have a bit of a steep learning curve, but once you understand the game, it feels so good to play. The fact that is game is free as well. Why the hell not play it? Give it a try, great game.",True,0,170.91666666666666,1784230945
230627915,"PEAK! very intricate and a dope game, feels great and smooth, very fun movement, fun guns.",True,0,55.9,1784229532
230623920,Good game if it wasn't a team based pvp objective strategy focused game with a very accurate matchmaking,True,0,2.9166666666666665,1784225770
230621957,"Gives off Apex Legends/Valorant vibes, but in a good way. Graphics are 10/10, physics and gameplay are really nice, and game is overall pretty fun. Highly recommended especially with friends.",True,0,3.0833333333333335,1784223915
230612991,this game plays amazing super smooth and great servers! the content released is top teir as well!,True,0,69.66666666666667,1784215786
230606915,I would recommend this game becuase it quick and your goal in the game is to get the cash out and put in the cashout great game recommend!,True,0,19.333333333333332,1784210150
230600889,"this game has some of the best weopans, movment, gameplay ever i completly recommend to anyone currently living.",True,0,105.13333333333334,1784203685
230595125,"good game longer ttk, runs well, good destruction",True,0,22.6,1784196315
230593770,"Great game, but horribly optimised for bad internet. All destruction is server side so the amount of data requiring transfer is huge, and when your wifi is unreliable the game can be completely unplayable",True,0,239.1,1784194408
230586595,pretty cool gane and the simplicity with layers of complex mechanics make it such a fun game to play.,True,0,11.55,1784183311
230586267,"please more people need to play this game and then all the matchmaking issues will be solved, its such a good game despite me sucking at it. also like top tier art direction and theming and cosmetics highkey. runs well but makes a lot of heat even on lower settings, would love to see more performance optimizations in the future. ALSO SCREW LIGHTS",True,0,179.21666666666667,1784182725
230581641,game is pretty good as long as you mute Dialogue and the Commentators,True,0,35.25,1784175334
230577700,"Best game ever made. What Rainbow Six Siege promised but never delivered. What Battlefield attempted, but made a gimmick. The Finals Truly embodies destruction and everything that comes with it.",True,0,1608.85,1784169695
230575442,as you see i have 0.5 hours but on my xbox ive been playing since beta this game is peak but if you ask me i would recommend playing on console for the best experience,True,0,0.5,1784166600
230570915,"It's fun and probably the most fun free to play FPS I've ever played. Everything is destructive and makes sense. Weapons and abilities are locked to 3 classes (Light, Medium, Heavy) and the Cashout game design genuinely feels fun. Definitely has some games where it does get pretty competitive for better and worse. Wish I had a team to play with",True,0,87.43333333333334,1784160672
230567656,good movement and gameplay but it needs a bit of balancing in playstiles and weapons,True,0,40.583333333333336,1784156596
230567068,"Unfortunately im gonna have to give this game a thumbs down. Not because the game is bad per say. Its a very cool game, but the medium build with the turret is so bad and undertuned its ridiculous, the turret dies in 3 bullets from any gun and the character is weak as garbage. Meanwhile the heavy character just steamrolls everything with minigun and never dies. And then the smurfing, jesus.... I go as a beginner in the starting learning game where you play with other beginners and theres teams just full on smurfing stomping everyone its not even funny, why dont they go play ranked games??? I have to uninstall this because it leaves a sour taste in my mouth",False,0,1.1833333333333333,1784155881
230543298,"based on all the team based FPS shooter games I think this one is more team based than ever. In atleast every 3 games I play one or both of my teammates leaves the game, the fact that so many are doing it I feel like the penalty doesnt exist. The melee weapons on this game is so OP, once they close the distance even if you have a shotgun you cant do anything. At the beginning I really enjoyed this game, recommended it to a few people but without a full stack of 3 your odds of winning are low but maybe I just suck thats why but anyways.",False,0,18.266666666666666,1784132355
230540490,this game is good but with this update still has a lot of lag and a lot of people who troll you and toxic so much,False,0,324.75,1784129852
230530314,"the only reason I played the game was for the Arc Raiders Skin and even that doesn't work properly... 
Embark creates great games but can't keep up with the reality",False,0,2.85,1784120435
230527313,You can be super talented but it still doesnt matter when the metas are extremely overpowered. I stopped playing a few months ago due to the braindead over powered metas and decided to come back in hopes of change. I was wrong.,False,0,58.3,1784117171
230526470,the worst matchmaking and balance i ve ever seen in a competitive game. don t play this trash game,False,1,45.766666666666666,1784116249
230523233,"the game is novel and unique, the gameplay is fun, shooting mechanics and especially the building destruction is really cool. my favourite part is the goo canisters and the goo gun which spawn spherical blobs that you can use to block doors, build cover, climb buildings, etc. really dope concept. 

the only real big issue is the matchmaking is kinda ass so you can get rolled by someone who is way better than you. its partly because the game hasnt really got their big break in popularity so the playerbase isnt too big. i wouldn't sweat hard in this game, the ranked is pretty meh. 

the devs are pretty generous with free/earnable cosmetics through gameplay events, and their battlepass pays itself back and more. I paid for one battle pass in season 1 and never had to pay for another again. its pretty decent. the cosmetics in this game are nice looking and quite creative",True,0,558.4,1784112490
230523034,"For years I never found that Shooter Game for me, but The Finals changed that, I dont know why I just feel like there is this fun aspect compared to the other popular shooters.

I dont really know what it is but I would definetly recommened this game to others to atleast try it out",True,0,67.38333333333334,1784112255
230512104,"the most overshadowed, underrated, underappreciated entry in the fps genre, satisfying gameplay loops, intense battles, fluid gunplay, visually stunning and striking, a dev team that cares about it's players and cosmetics actually worth buying, I mean really some of them are next level creative. 

By this point I have played quite a bit of the finals and can confidently say it's some of the most fun I've ever had in a shooter, It's a game that respects the time you put in, has a great progression system and a game that is undeniably addictive.

It's fun solo but even better with friends to share laughs with, whether in victory or defeat, it's still fun. 

A small but loyal and tightknit community is better than a large unreliable one.",True,0,546.75,1784097366
230511058,"If you use steam input/gyro the cheat detection will perma ban you with no warning. The support chat on the website to appeal is an AI bot and so far I've gotten no human response. 

One of the few free to play games I felt like spending money on, but now it's all wasted.",False,0,167.5,1784095743
230506225,"playing off peak hours with your region set to NA will randomly throw you in lobbies where you get teammates that don't know english and in these lobbies you also gain the taiwan ping lord trait where your gun doesn't do anything because of hit reg on high ping. absolutely unplayable, and they made melee garbage, game has completely fallen off a cliff, very surprised at the new peak in player numbers.",False,0,21.933333333333334,1784088799
230503837,"Let me start with this. I LOVE the finals. its fun. I clearly play it a lot. I love the destructible arenas. I like there being different classes. The cosmetics are actually pretty cool, and you can earn the premium battle pass, so its not really money grubbing either. its a great freaking game. the problem? the god #$%@ BUGS, for 1. there should be NO reason for some of these game disconnections. 'bad wifi/internet'. sure, sometimes yea. but Ive played this game, on the same and different computers over 5 different signals. and I get, while not constant, but consistent disconnects. with no way to rejoin. I've had rare actual lag spikes. I have another game in the background. that one doesnt lag. nor if im watching youtube or streaming while I play. 2? the. matchmaking. is. awful. AWFUL. they rank players from ash-bronze-silver-gold-platinum-ruby-emerald, you can have a team thats withing that whole range. theres no 'plat-emerald' or 'bronze-gold' brackets. if there are, they dont work. It is routine that in your game, at least 1 player is DOMINATING. routine. and I mean like 26-7-4-2 (kill, assist, death, revive, for those that dont know) and 2 of them are 0-2-7-0. which leads me to 3. crappy freaking anticheat. every 2nd or 3rd game. someone is kicked from the lobby. youd think then, 'oh, sucks theres so many, but thats awesome that it catches so many cheaters.' no. no. the problem is it doesnt get the cheaters. its gets whoever ELSE. it will see some kind of background software on your computer. assume its a hack, and boot you. nope. just another game running. the real cheaters? it gets some of them. i wont lie. but its still rampant enough you meet it every couple days; id say <10 games between. now. why did I wait till I was at 500+ hours to write a review? honestly, I wasnt going to. I enjoy the game, but due to these issues, not enough to leave a good one. and I dont tend to leave bad reviews either. its a waste of energy imo. but. this one is personal. I was having a crap day. one of those 'everything goes wrong' kinda days, and it was ALREADY a 'wrong side of the bed' days too. yknow? rough day at work, went to trivia with some friends. someone Im mid dispute with was there so it was awkward between us the whole time. come home. 10 pm. looks at calendar, I need to be up at 5 tomorrow. ugh. quick destress before bed is a MUST.  a few games of this will be good enough. 1st game; joined in ""mid"" match. team was actively losing the last bomb they are meant to protect. out of 9 total bombs. lost. barely played. game 2? same mode, SWEET game. even teams, good arena, my team was doing AWESOME. almost cleared the enemies lives. they were only starting their 3rd bomb. and as my team moves in for that last push to defuse, a full brawl about to start....I get booted. so. here we are. fix your freaking game Embark. sick of it. its amazing and your lack of care for it, ruins it.",False,0,508.76666666666665,1784085433
230502933,"Its  a blend of fast paced skill based game with a lot of strats. Unlike Val which is pretty slow pased I would say, This has a lot of pace! The builds are well balanced.  Although the skill ceiling is pretty high!",True,0,141.45,1784084267
230498068,literally EVERYONE in this game is so cartoonishly sweaty that it's not even funny; the skill floor for this game is somwhere around mars. The only way to have fun in this game is by playing bot matches,False,0,25.033333333333335,1784077830
230494358,"I am in love with the The Finals, the movement, the gunplay, the environmental destruction everything about it is right up my alley. and it's free!",True,0,532.65,1784073293
230491131,"The Finals ticks a lot of boxes. It looks nice, it's not pay-to-win, all micro-transactions are purely cosmetic, the weapons feel good, and the maps are visually impressive with dynamic destruction. I also can't honestly say it's not fun - it can be genuinely enjoyable when the stars align. But that happens so rarely that you shouldn't hold out hope for it happening.

The devs claim to fix things each new season, but somehow nothing ever changes. The meta stays exactly the same, and you keep dying to the same classes and loadouts match after match. After my last game, I found myself thinking: ""Am I playing this wrong? Am I supposed to pick the easiest weapons rather than the ones I actually want to use?"" Maybe. But even if that's by design, why would the devs invalidate over half the weapons in the game by making them uncompetitive? Back when I played Counter-Strike: Source, the only guns anyone ever used were the M4, the AK, the AWP, and the Deagle. Is that really better than Counter-Strike 2, where far more weapons have utility and you can choose what suits your playstyle?

The Light class is arguably the most infuriating to counter as any other class. Evasive Dash turns several of the Light's weapons into a dominant meta. Throwing knives, the sword, and the double-barrel shotgun all seem to have a lower TTK than any other ranged weapon in the game.

Honestly, Titanfall 2 had a host of interesting weapons with fun properties and unique traits, and—with maybe a few exceptions - I never got tilted when I died in that game. When I get killed by a Kraber shot from a grapple-hooking speedster on the other side of the map, I know that person didn't just get lucky; they probably practiced a lot to pull that off. Meanwhile, none of the weapons in The Finals reward me for dedicating time to them, nor do they feel satisfying when I'm on the receiving end.

I'm convinced the only matches I do well in are the few where I'm grouped with lower-skilled players or players with better ping. I'm tired of coming back to a game I'm trying to convince myself to like, just because I own a bunch of cool AKM skins, when I actually have fun maybe a tenth of the time I play.",False,0,61.78333333333333,1784069228
230491113,"Good movment game, bad if no friends to play with (not for solo players like cod)",True,0,32.95,1784069207
230487000,"Honest to god love this game when it runs properly I can put hours upon hours onto it, which makes this review hurt even worse. Ever since about season 10's update my performance has been tanking HARD I'm talking not even breaking 120 fps with everything on low meanwhile I could run games Like CS2, Fortnite, The Outlast Trials, etc. at 150-220FPS High settings at 4k comfortably. I have constant fps stutters should an enemy appear on my screen or god forbid I get a kill and have their multibucks spill all over the floor to the point in which I lose a majority of fights not due to the other player just being better but because of Embarks secret relation to PowerPoint for rendering. The latest anticheat has turned simply logging onto the game into a gamble with constant Error Code 258 as many others are complaining about. I was also fortunate enough to pick up a 1st wave Steam Controller 2 so I've grown used to using Steam Big Picture mode to start up my games but with The Finals I have seemingly locked myself out of the game by doing so as I cant even start it which is wonderful. The game isn't all bad as I said when it runs I have some of the most fun in a comp shooter possible; the cashout modes are a breath of fresh air, the movement scratches my itch for apex in just the right ways, and the cosmetics and animations are some of my favorites as I've spent atleast 10 hours just making combos looking through the catalog. You'll have a hard time looking for a game similar to this which makes the fact that Embark Studios seemingly cant figure out how to keep a popular game alive is so disheartening as we can see with Arc Raider's slow but eventual death. I am begging Embark to figure out what the hell is wrong with pc versions of the game and simply focus on optimization as much as I love new destruction, gamemodes, and cosmetics but I can't love them if I can't even load up the game on high tier new hardware.

I play on a AMD Ryzen 7 9800x3d with 240 AIO, an AMD Ryzen 9070xt Triple fan, 64 gigs of DDR5 ram,, and 8tbs of SSD storage",False,0,302.2,1784064760
230482872,"Fine game. Terrible audio with issues like: 
a heavy can run, jump and land right behind you or besides you and you would have no clue they were there till its already late and they are shooting at you. not to forget the distancing for gun fire is messed up. if some one is shooting you from behind and sides, its almost impossible to figure if they are close to you or right behind you. you always hear the shots as distant shots so you mistame them for really long range fire which you can escape, while the person is trailing you.

Then the lights are given way too much focus and advantage over other classes, and if a team of lights really plays together and flanks you cleverly, you never stand a chance. they can disappear, swing, skip around and heal quickly while you are a sitting duck if you get caught alone. 
So its fun, competitive, but not properly balanced between classes, and audio just sucks.

P.S: I have the best headphones the money can buy for games/music, and i do use them for several games including ""Arc Raiders which has stupid audio like this one too (same company). and I have a very decent audio gaming setup. So no, its not my hardware.",True,0,191.63333333333333,1784060749
230482759,"This game can be so fun but sometimes it feels that the devs are putting lead into the water then getting down syndrome then going to work while still being retarded. Maybe its because sweden has a lot of ""doctors and engineers"" taking over and embark hired them to mess up the game. Anyways i love this game",True,0,203.38333333333333,1784060627
230480514,"The game lags a lot - its not all the time, but the network lag sometimes makes it unplayable.
I've checked with a lot of friends and everyone has these problems from time to time.

Its not that much about not being able to win - its about sitting there, powerless about the outcome of the match.",False,0,239.66666666666666,1784058381
230475969,"This game is awesome! although I think the cashout game mode is a bit challenging, All the other game modes are super fun to play and never get boring. Along with the gameplay and player base, I think the graphics are just as great. Although the game could use a little optimization, 9/10",True,0,135.0,1784054047
230469606,this game is so fun the only problem i have ever had with it was me having horrible internet. i like that you get to choose out a 3 classes heavy move slower but greater damage and more health. medium move faster medium health and then light move super quick but do decent amount of damage. this game actually makes you work well with teammates if not you lose.,True,0,61.733333333333334,1784048243
230451458,"I accidentally found this game while i was scrolling the free-to-play list. When i watched the trailer, yaa it really got my attention so i decided to test game for once. And look at me now, already spend 1600 hours in this game, even if my aim is kind of ""just good"" even if i'm not intelligent as other players, i really like this game. The chaos, the destruction, the specializations and gadgets, different classes and many things which  i truly like about this game. This is not my first fps game but this the best fps game i ever played in my life. For some other people, this game is not their cup-of-tea i guess but for me,... yes. I know ,.. i know i'm praising the game to much because i truly love this game and yaa the game also has few problems too but besides that its an great game and this is the only game that made to feel i'am playing a modern fps actually( i don't know about the others but that's how i feel ). So yaa, i recommend this game to other players.
(IF THERE IS ANY MISTAKES IN THE TEXT, PLEASE FORGIVE ME BECAUSE ENGLISH IS MY SECOND LANGUAGE)",True,0,1608.9166666666667,1784031500
230435745,"Embark listen to me and the community when i say this, if there are this many complaining about smurfs, then theres players playing your game. why would you not want MORE people playing YOUR GAME, and if you get rid of cheaters and smurfs this would happen, more people playing, more money through skins, and more people enjoying it. i say this because as a game this is actually my go to multiplayer game whether i wanna chill or play competitively but i can't do that first one often anymore. in normal cashout i played against a 3 stack of rubies while duo queued with a fellow level 50 player, got a level 17 smurf as the fill, another 3 stack possibly one being a smurf (one of them was low level and carrying) and another of level 100+. i can barely make it out of first round because the average game is like this",False,0,151.41666666666666,1784010101
230434405,"Oh my god this game is a work of art. Every second is very fast paced and enjoyable. Recommended to anybody, even people not too into fps games.",True,0,1236.2166666666667,1784007981
230430311,Good game until they latest patch. Game ran great last week but now it freezes half way through a match. You know something is wrong because when the game is running the task bar is still showing. Its frustrating and pretty much unplayable now. Idk what is taking Embark so long to fix the patch and i also wonder why they patched it in the first place. I'm sure they'll fix it but when? until then dont even bother.,True,0,5.033333333333333,1784001900
230425650,"besides the rough start its a fun game with a uniqueness really only found in it, idk like all the monetary stuff and never will, i guess its how they make their money but i find it absurd. Its a fun game though and I would always tell someone to download it especially if they want a good after work pvp game",True,0,138.73333333333332,1783995795
230421177,"Easy to learn, hard to master Innovative shooter that runs great with fun mechanics.",True,0,135.83333333333334,1783990087
230414010,I hate the menu. I hate the tutorial. I hate all of the cosmetics. I hate the commentary audio. But the gameplay loop for the Cashout mode is so bloody fun!,True,0,46.88333333333333,1783981362
230413230,"Came from Valorant because I wanted to try something different, and I honestly didn't expect to enjoy this game this much.

The destruction is so stupidly fun. Why aim at the enemy when you can just remove the floor they're standing on?

Yeah, the matchmaking is lowkey brutal for new players. You'll get humbled by people who look like they've been playing since birth. But once the game clicks, it's impossible to put down.",True,0,23.75,1783980551
230412552,Super fast and fun action.  Character and play styling is part of the fun.,True,0,3.35,1783979873
230411259,its absolutely amazing just amazing everything is just perfect its just amazing i absolutely reccomend its very underrated and its the new generation of fps shooters and if youre tired of generic hero shooters then i definitely reccomend the finals it has amazing customization on your character has pretty good optimization tbh and you dont have to have a specific loadout for your character it has classes and a big variety of guns and gadgets to use in your loadout to make it fun for everybody and it updates consistintly,True,0,16.7,1783978545
230409954,"-Destroy a whole building to slime out a team of three
-Experiment for hours with lots of different weapons with entirely different playstyles included
-Some players will attempt to be toxic towards you, just ignore them and enjoy your play session. Just think ""Whatever floats your boat.""
-This game is NOT for the faint of heart, and if you let it get to you, you WILL ragequit.",True,0,53.8,1783977279
230407414,its everything you would want out of an fps. lots of room for growth and development as a player. skills directly translate to other games.,True,0,65.0,1783974813
230406422,"this game is a humiliation ritual if you're playing RANKED, no matter how big your stack or soloqing you are not gonna have a gram of fun since the game doesn't even have enough players to match you with people of your rank, especially when you hit plat. you get matched with other plats, but also, diamonds and rubys...? why? i would very gladly wait for longer queues to get an even match than to get stomped for a 100th time by a ruby stack just because they're bored and looking for blood in the water. people will say its a skill issue, but what do you even learn from playing against such people if you die so fast?
some maps need a major overhaul, they are literally crying for help at this point (seoul, kyoto, fortune stadium). also, remove denuvo, ♥♥♥♥ this ""anti-cheat"" measure. and also, if they actually get proper VOICE ACTORS and not just trained TTS, the feel of the game would be so much less sterile. every time i hear scotty and june i wish i would just chokeslam them like the undertaker.

BUT...if you play this game casually (world tour, point break, powershift), its probably one of the best shooters ever. the sandbox is expansive, specializations and classes are unique and creative. the cosmetics, free and paid, are top notch, shooting feels nothing less then prime csgo, its so crisp.
if you wanna have fun with this game, which you certainly will, DODGE THE RANKED GAMEMODE. IT'S FOR YOUR OWN GOOD.",True,0,219.31666666666666,1783973930
230401623,"goated game no jokes. Only hate their support and ""anticheat"" that cant ban cheaters but bans normal people, but overall the game is op",True,0,94.5,1783969452
230400083,couldve been the best fps oat time imo but they clearly dont know how to balance the game and dont know the gem they have on there hands and even then its still one of the best fps games ive ever played,True,0,1746.7,1783968120
230398366,Yes 100% recommend it has Amazing destruction physics and Great Movement you can play online with friends or vs bots. it also has incredible character customization.,True,0,46.65,1783966589
230397087,I came from valolrant a differnt shoter game that is like cs this game is THERY EASY TO LEARN recomend for beginner getting into fps games.,True,0,8.733333333333333,1783965456
230393744,"This game is unlike anything else, in a good way. The mix of combat and thinking involved to master the game is expansive. And the game is free, so why not?",True,0,98.55,1783961300
230391021,this game is one of the best online multi player shooter free to play game out there. As someone who plays shooter games most often is just free good and refreshing game in term of game play shooting machinces etc..,True,0,344.68333333333334,1783958961
230387010,"I love Arc Raiders. I tried The Finals again in Season 11 to get the Arc Raiders' skin.  I ended up really enjoying The Finals and its competitive gameplay. I mostly play PvE in Arc so, it's nice to play this when I just want to shoot other players and try and dominate others with skill. I highly recommend it. Easy to learn, but tactics go deep once you play it longer. Graphics are great, gameplay is smooth, destruction is cool and tactical.",True,0,9.716666666666667,1783955450
230384953,"Honestly, fun arcade type shooter. In the realm of COD-like games, with perks and 5^20 attachments. And despite the random slur slinging in Platform and TDM, the game feels casual. 
This well sits in my wheel of games I would actually play without me crashing out 1-2 hours in.",True,0,400.8,1783953690
230384291,"Great game, fast paced, awesome graphics, very cool announcers and team based gameplay!",True,0,213.91666666666666,1783953102
230369398,just go play it its really good one of the best games i have ever played its made diffrent in a good way.,True,0,366.4,1783936809
230368831,"The best FPS game i've played, highly strategic but still action-packed.
Also runs a LOT better than you might think with the destructable environment, similar fps to titanfall 2 on my pc",True,0,791.95,1783936070
230365502,"Fun, exciting, completely new style, a little bit ragebait, overall great game",True,0,5.716666666666667,1783931753
230365439,Great game a couple players are useless but besides that very fun.,True,0,9.183333333333334,1783931655
230363914,"i have like 72 hours on this game, im not new to fps game. This game is fun very fun, most fun shooter ive ever play, I consider myself just an average in terms of skill, but lately I keep on getting high level player and absulotely demolished me a lot, of course I can ""get good"" and win most of the matches even with high level enemy in the match. But Its soooo sweatyyyy even on tdm, pretyy hard to keep up with the flow when every matches is so sweaty, my performance keep getting low and low because of this theres no balance between a newbie and veteran players. Its better play with friends and stick with them together, this game will reward you more for sticking together than pushing alone trust me. You'll get fck alot if youre alone espcially if you're a newbie.",True,0,72.8,1783929493
230363767,"Game is perfectly fine to play
Match maker is terrible due to low player counts, fighting emerald/ruby players at level one is completely possible at any gamemode. Apart from fighting all head shot aimming enemies that have have a 4 second ttk each by 3 players, game is good. 
New bot more makes it very friendly to learn.",True,0,86.25,1783929281
230361496,"The netcode is horrible, the guns are poorly balanced across the board and the matchmaking is barely working as intended (probably because of the small playerbase). 

So why do I give it a thumbs up? Because it’s completely free and you don’t have to spent ANY money for anything since nothing that is related to the gameplay (besides most of the cosmetics) is paid. Those are absurdy overpriced but the game remains completely free. 

I cant have bitter feelings to an okay game when it comes free.",True,0,18.5,1783925993
230359640,"As someone with almost 500+ hours on PlayStation, I have to say that this game has too many flaws to recommend it to any new players. The games matchmaking is horrible and will put new players with level 100s and disregards all skill. The balancing updates have yet to balance the game and push it further into one gun metas. Overall, if you can get 3-5 people on to play, this game is fun, but other than that, I wouldn't bother playing this for more than 10 hours.",False,0,2.283333333333333,1783923153
230358712,They took Gotham City Impostors and added so much red tape to everything that red is the game's main color,False,0,50.233333333333334,1783921660
230358419,"The finals is one of the best fps games that no one is talking about, Its the most fun I've had in a pvp game in a very very long time, can't believe I slept on this game for so long. Also the fashion in this game goes mad crazy.",True,0,9.966666666666667,1783921164
230355875,"If I get set on fire by a FAT CHUD one more time everyone and I mean EVERYONE is feeling it in my home.

10/10 would play again",True,0,46.2,1783917318
230355241,"♥♥♥♥♥ pretty boring, only played it for the arc bundle, speaking of which, play Arc Raiders instead.",False,0,2.7,1783916419
230355012,"This is an underrated, super fun FPS. Constant action and fun objectives to win.",True,0,8.65,1783916075
230353443,"Right now this game is a 10/10 in everything ranging from artstyle to music to gameplay mechancis..the only thing at 7/10 is the balancing and the game identity. if Embark accepts that the game is meant to be chaotic and not Esportsy, and more players join to fix matchmaking issues, This game would be the best shooter of the decade",True,0,531.3166666666667,1783913924
230348743,"Very fun FPS, high competitive potential if it becomes more popular. Graphics, colors, and environments all look amazing and the environment destruction adds an extra layer of mayhem. Highly recommend.",True,0,47.2,1783907883
230341864,"if there was an in between option thats what it would be. its not terrible and the combat class system is fun, however its VERY competetive and hard to just casualy play. runs great, especially with upscaling or settings tweaks",True,0,5.983333333333333,1783899663
230336485,"queueing into a match of the finals is like signing away your basic human rights of happiness and joy. the average round of point break against a semi competent team feels like standing in line for the guillotine and you're next. unless my team is winning, then it's the greatest game ever made

8.5/10; solo queue cashout makes me want to hang myself",True,0,50.03333333333333,1783894019
230335009,"i really do love this game i have almost 300 hours on my xbox and have recently switched to PC but it is legit impossible to get back into the even with the new update, no matter how you nerf the Lights they will still exploit the class and ruin most matches 
",False,0,7.55,1783892570
230322012,game very often change RTX setting to EPIC even when i had a slower 2060. the game has  other issues but this is something they can fix. balancing the game is hard and people just move to whatever ♥♥♥♥♥♥♥♥ meta. if they fix the graphic setting i would change my review to positive,False,0,245.46666666666667,1783881825
230321641,Underated game but the for a game that is trying to be an esports and competitive staple it is pretty poorly optimized. I play on a crappy older system and could generally get away with 60 frames on low settings pretty consistantly until the latest update. Now I get half that with frequent lag spikes and it just isnt worth trying to play.,False,0,150.85,1783881528
230317907,"Hands down, one of the best fps games I have ever player. Embark has truly done something special.",True,0,365.26666666666665,1783878604
230315905,"I've played so many shooters and this one is on top. Instead of being able to dominate with crazy aim alone (valorant) you need good movement, teamwork, and tracking to win games. Its all about playing smart.",True,0,746.7333333333333,1783876913
230306520,Love this game. Been playing for a year and it’s the most fun I’ve had in an fps since borderlands. My favorite thing about the game WAS the dual blades but the melee rework made them damn near impossible to use. Requiring players to be more precise makes sense but yall went and added more swings to the animation which has just added to the margin of error. It’s one thing to have to be more precise when I swing but now I also have to LAND more hits. The swing speed isn’t fast enough to compete with a gun and redirecting bullets using the crosshair is more difficult. The dual blades already had the steepest learning curve of all the melee weapons (imo feel free to disagree). While they were challenging I had fun learning how to use them and I got pretty good with them (4k elims)  but this feels like more than a slight rework they feel much different now and damn near useless. Love the game definitely recommend ignore the thumbs down I’m just airing a grievance.,False,0,1.3666666666666667,1783869821
230274598,Worst game I've played in a while. If you're not 3 stacking its genuinely just unplayable. Completely incompetent player base. I wouldn't wish my worst enemy to have to solo queue in this game. With friends its okish but there's just so many better games out there.,False,0,5.016666666666667,1783837639
230271795,"Great game and could become the best fps shooter, only major issue for me was the smurfs and ranked lobbies. Me being a silver macthed against diamond and ruby just felt so unfair in solo queues. 
Maybe the issue gets solved if more active players are attracted towards the game.
",True,0,699.1333333333333,1783834081
230270194,"The Finals is an absolutely excellent FPS that deserves all the praise it gets, and more. I feel like the only reason it doesn't have a larger player-base is because the skill floor is higher than most other shooters which can make it a bit harder to get into, but it's definitely worth it!

I want to echo what others have said about the movement, creativity, destruction, and gunplay (all excellent!), but I also wanted to sing some praises to other aspects of the game that are fantastic but often overlooked: The music and sound design are both absolutely phenomenal, the game is optimized very well (runs great on the Steam Deck!), the gameshow ambience is so creative and immersive, and having a multiplayer FPS with crossplay, no lootboxes, and anti-cheat compatible with Linux is such a breath of fresh air (I'm looking at you Bungie 😡). The cosmetics are also better than any other game I've seen, hands down. You want to play with your weapons as cardboard? You want a mini roller-coaster wrapped around your gun with moving carts and lights? You want to throw a grenade disguised as a stuffed animal? You want to run around with a giant spoon smashing people? Or do you want to go all serious and dress-up in full realistic military apparel? All check.

Players like to complain about balance, but honestly the weapons and gadgets are all also balanced very well. Besides perhaps the pinnacle of pro play, every weapon and gadget is viable in competitive play, and the devs do a good job at shifting the meta with updates without destroying playstyles. I don't know how they manage to balance a game that well in a game that is so dynamic and unpredictable, but I think they've done a fantastic job.

I do have some complaints about the game that I think are important to mention, and hopefully the devs can address these. Servers can be pretty unstable at times, even with good internet. Getting disconnected or connected late, or having teammates with those same issues is unfortunately fairly common. Matchmaking in ranked mode can also be pretty unfair at times, and you can lose rank points from situations outside your control. The player-base can also be pretty toxic at times, and you'll definitely be blamed for something at some point by your teammates :)
But all of these issues are really issues from multiplayer games in general, not so much specific to the Finals.

Overall I would highly recommend The Finals, and am surprised that it is not more popular than it is.",True,0,283.65,1783832118
230270022,"i really like the gameplay and style, and will keep playing for that reason, but I will drop it the instant I find another game with similar gameplay and is singleplayer.",False,0,149.33333333333334,1783831922
230269972,This game is unfair and these devs have ZERO ideas on balancing things im ~lvl90 and i often get paired with lvl10's and 20's when im going against lvl 150's if you arent running heavy with flamethrower you're losing EVERY match in conclusion this game is a trashbag moneygrab (they had thermal vision under rework for about a year last time i played it was still under rework. they don't care about the game just the money),False,0,184.03333333333333,1783831872
230265928,Amazing game. With having arc raiders being the main source of money they were able to expirement and its dope,True,0,235.68333333333334,1783826957
230261958,"Insanely sweaty game with a very small population, terrible match making, and weirdly long wait times",False,0,4.0,1783822050
230261405,"Good graphics, innovative gameplay, nice cosmetics and the game has overall above average art direction in my opinion.",True,0,82.4,1783821404
230259825,"Visuals, movement, difference of playstyles are very well designed. Destruction mechanics are peerless. But my name is Barbara, for that reason, i am out.",True,0,1.35,1783819487
232219764,"I put 600 hours into the game. Was just playing for fun with friends, and suddenly got hit with a ban. For some reason, I couldn't appeal it. I didn't use anything at all—no macros, nothing. Besides, I haven't changed my PC in 2 years, and I haven't installed any ""sketchy"" apps. I have no idea what I got banned for. Their AI is going to end up banning everyone at this rate.

I've completely lost the desire to play. What's the point? Just to get banned for no reason again after 1K hours.",False,3,605.5666666666667,1786049436
231544476,"lag is absolutely horrendous, doesnt matter how good of a pc or how low you make your graphics. gameplay is also boring and repetetive",False,3,29.516666666666666,1785274282
230713603,"Players feel slow, guns feel like trash. Cashout makes zero sense how a team steals and keeps the progress, it should reset each time a team takes over. Interesting idea but it just feels SO SLOW for what it should be. Teams will just wait until the cashout is nearly captured to attack so if they win it's impossible to get it back. Amazing how this same team made Arc Raiders where the guns and movement speed feel great, amazed anyone is playing this regularly.

Bots are pretty dim, preferring to take out any opponent objects nearby before getting teammates up which usually gives the opposing team enough time to show up and kill them.

If you're AFK for less than 2 minutes you'll get ticked (even in a 100% bot match), F your real life I suppose...",False,1,1.2666666666666666,1784326490
231166302,"This game is so cancerous, every game is just SOME ITERATION of m11 light or p90 medium and it just makes me wanna take a high dive off the ♥♥♥♥♥♥♥ golden gate bridge cause these tards have the audacity to think they have ""SKILL"" at the game.",False,2,140.68333333333334,1784857467
232082122,"its a great shooter theres a lot of variety in the classes and weapons although quickplay teamates are ablsolute garbage, bots are better ngl",True,0,5.133333333333334,1785889535
231717632,"pros:
- great customization and free cosmetics
-fun destruction
-good gamemodes

cons:
-unbalanced classes light players are op and easily out move and out damage heavy and medium players and there are no good counters.  You can get sniped from afar and can only counter by switching to a light class and chasing them or sniping them back.

final overview:
I wouldn't recommend this to players in the current state.  Probably only play this if you want to play this with your friends for a little while.",False,2,292.75,1785472109
231553998,"Dog water game. I have (on multiple occasions) dumped entire AK mags into barrels and subjected them to explosives as well to no avail. They never detonate. I have a clip of a flame barrel being subjected to a rocket blast as well as over half of my AK's mag, just for it to still be in one piece. Trash ahh game, 3/15 stars. (the only fun thing is the customization)",False,2,33.4,1785285631
231553843,"It's fun. It looks kinda awful, ngl. Level design and texturing look like a first generation AI created it. 

But the gameplay is really entertaining and to me that's always what matters most. You can have a lot of fun in this. Without spending a single cent.",True,0,32.78333333333333,1785285466
232224729,"all the guns feel like pea shooters except snipers and blades 
its a pretty bad game. ",False,1,45.2,1786054378
231427936,"never make changes again you clearly don't know what you are doing, it's been years since an update actually improve the game",False,0,11.283333333333333,1785146535
230789908,all these options and there is no reason to pick anything other than the light weapon guy with 3 dashes,False,6,22.033333333333335,1784411675
231815771,"Really fun game and they've come so far since I first started playing. I think the main issue I have with this game is lack of voice chat. I don't know why but in this game nobody talks. Its unfortunate because it affects even the ranked mode and it makes the game frustrating at times. The ping/coms wheel is super helpful and can communicate enough, but not enough for high level play. Would love to see some sort of push to get more players to engage with VC",True,1,107.05,1785588945
232385005,"Runs at a stable 75 FPS @ 1080p with optimal for visibility settings.

Very satifsying gunplay and overall gameplay",True,1,52.666666666666664,1786230862
231547743,"NERF MINIGUN AND BRING BACK RECON, then u get my up, no game balence",False,0,132.03333333333333,1785277966
231647951,Not sure how I’m being put into matches with people lvl 80 when I just started the game. Seems like embark has this issue with all of their titles. Gameplay is bland . Background music seems generic. Skins feel very Fortnite . Guns feel very imbalanced especially as a new player going against people who seem to take 3 clips to the face then proceed to beat me into the ground like a 5 year old . The controls feel very off especially if you’re used to their other titles . Embark should put some of their effort into getting their matchmaking figured out because it’s not fun or fair .,False,0,0.9833333333333333,1785396757
230309571,"The developers clearly care about the finals. They add content, listen to players, change systems, and  try to balance Heavy, Medium, and Light. The game itself is alive, stylish, and genuinely fun.
I would honestly love this game if it weren’t for the community.

It doesn’t matter if you play badly or play well — someone will still find a reason to insult you like you are the worst person on earth. Maybe it “builds character” in some twisted way, but real life can do that already. In a game, it just makes the experience miserable. I can laugh off insults because I’ve worked through my own issues, but not everyone can. For someone else, this level of toxicity could be the last straw. Because of that, I can’t recommend the game in its current state. The developers really need stronger moderation: maybe AI-based chat checks, stricter penalties for abusive messages, or even a limited communication system with preset phrases. The gameplay is great, but the community can completely destroy the experience. 

There are also players who seem to enjoy blaming and mocking others. They run away from the team, take random fights alone, die, and then start insulting you for not helping them — as if their bad decision is somehow your fault. Or they force you into situations where surviving alone is impossible, and then tell you that you don’t know how to play.",False,0,110.68333333333334,1783872051
231301279,Kicked me from the server for using an external crosshair thats not cheating! improve your ingame crosshair editor or allow external crosshairs LAMEEEEEE,False,2,319.71666666666664,1785005600
231088038,"Its a good game with a fast time-to-kill with destructable environments that serve a strategic purpose but also are really fun to play around with. My reasons for not recommending this game isn't because of the game itself, but from the poorly though out controller implementation as someone who primarily uses gyro aiming when I'm playing shooters on a controller. If you're a keyboard and mouse player, or someone who uses standard controls, this complaint may not apply. 

My major complaint is the lack of support for gyro aiming on any controller other than a DualShock/DualSense plugged in via USB. On top of this, there is a lack of support for proper mixed input, which is where both mouse and controller inputs can be used at the same time without stutters from it locking the inputs of one or the other or GUI glyph flickering, forcing me to bind everything to KBM inputs and losing benefits that other controller owners with gyro sensors don't have to deal with. While I can just bind everything to KBM inputs through Steam Input and have these issues resolved, there have been reports of bans for using virtual input devices which is how Steam Input works so it's too risky for me to continue playing like this. This even extends to other programs like DS4Windows which uses a virtual DS4 controller and is useful to get gyro support for Dualshock 4 controllers connected via bluetooth. This could be fixed by supporting native gyro for the Steam Controller and Steam Deck if there is a concern of cheating software being spoofed as Steam Input virtual devices, but for now nothing has been done about this. Risking bans for using Steam Input like I'm playing Valorant is deeply frustrating.",False,0,1.5166666666666666,1784769955
231927782,game is actually braindead bro blocked four mags with a sword and then 1 shot me dont play this trash,False,2,2.5166666666666666,1785707220
231465047,"This game took away the souls of my friends. They used to play other games, talk about life, maybe go outside from time to time. They don't eat. They don't sleep. Their sleep schedules are now entirely determined by the arena rotation. I watched my best friend stare at a brick wall in real life for five minutes yesterday before whispering, ""I could breach-charge that."" We were at a funeral. What is more, I have never seen human beings harbor this level of pure, unadulterated hatred. My friends don't even care about winning the cashout anymore—their entire life's purpose has devolved into hunting down those hyperactive, ankle-biting mosquitoes - lights. Medical professionals say their brain chemistry is now 98% adrenaline and 2% pure contempt for invisible speed demons. Don't look for them. Don't pray for them. Just make sure your friends don't get involved in the Finals.",False,1,29.95,1785182891
230993758,"Stop the spreading cancer...

I started this game about a little less than a week ago, I'm a newcomer. I already reached about 44 hours of gameplay, which mean I did play a lot during this first few days of gameplay. 

I already unlocked all the roles, weapons, specializations and gadgets that are possible to unlock. There is - gameplay wise - nothing more to pursuit as progression for me at this point. There's honestly not much about this part.

The only thing that can be seen as progression now is the leaderboard and battlepass progression/credits grinding for skins. The first part is 100% about competition. The second is only esthetics and while it do give you a good amount of dopamine when you put a good set on your contestant, you will rapidly become bored by what you have and forget it. 

Loading screen animation ? Nobody look that and it is leggit 2-3 seconds of watching anyway, your contestant is always up front so are other people really looking at you ? I dont think so.  
Animation in game ? Stickers ? Grafiti ? Emotes ? Who use that ? I never seen anyone using them in 44 hours of gameplay. Why should I waste precious money on these ? 

And skins ? I mean, some are nice. But the problem is the price. 
2700 credits for a ♥♥♥♥♥♥♥♥ skin ? What is this ? 
To give some context, 2700 credits is about 30 to 50 CAD $. Which is absolutly insane. 
The most ''affordable'' skin pack are about 1200-1700 credits, so maybe 12 to 25 CAD $. 
Some skins are nice, but mostly they are re-skins with different colors of previous skins and kinda feel the same. 

This is a nightmare. 
Yes but you ou can farm credit in battle pass ? 
Yeah sure. If you pay for it. But the Battlepass cost between 30 to 50 CAD $ (there is tier battlepass, base one, mid one and a high tier with 25% xp buff and more stuffs for almost 50$). 

And it is sooooo long to farm battlepass levels. And I want to say that I have the premium (high tier) battle pass with the 25% buff on xp. But it take an eternity to farm battle pass levels. If you finish the battlepass, you'll earn just enough to buy another battle pass (1570 credit I think). But then you wont be able to buy skins unless you pay with real money for them. So you want to use your battle pass credit for the next season or for skins ? Make your choice (and 1570 credits wont give you much choice of skins pack). 

The amount of microtransaction in this game is insane. And the price of stuff in way more insane. 
I know it is a free to play, you can 100% play this game without paying any dollars. 
But you will quickly find it boring and unattractive. There's nothing to unlock or to do if you are not paying for anything. After just some days of gameplay you will have discover and tried every gameplay. 

This new tendancy in the gaming community must stop. I would prefer to pay 20-50$ for a game like this and have more free stuff in the game to unlock than having to play it for free but pay to unlock everything. I mean each battle pass mean you will after multiple year have paid more than 100-200$ for this game. Is it serious ? 

Just remember this : this system is there because it work. It make profits for corporation. It is a spreading cancer and it must stop. This system use our psyche and is pretty damn close as dependance created by lotery games, gambling and psychoactive substances. We want more dopamine rush by buying one more skin. Because the game itself doesnt offer you enough dopamine. But some days after that the skin is already boring and the dopamine stopped so we must buy another one to get dopamine again. Why would I be the only looser without any skin anyway ? The peer pressure is working hard. 

Ok so now about the game itself : 

1) The tutorial suck. 
2) The matchmaking is absolutly horrible. As a newcomer YOU WILL play mostly against insane try hard and sweaty kids. YOU WILL play against a lot of them and they will break you. The problem is not them. Their skills are insane. I'm not one of those who accuse everyone of cheating. The problem is that in a competitive game with no servers browsers, the matchmaking system put you in a same lobby as high levels players. This is as trash for you that it is for them. No one is getting better at the game by being opposed to the other extreme. It is just so frustrating. At the moment I'm about 30-40 wins and maybe 700-1200 eliminations. But I'm always against hundreds of wins and multiples thousands of eliminations. How am I supposed to compete and have fun against that ? Also, while solo queued, I know I'll be fighting against premade full of friends. This is a major problem. 
3) This is a classic but for a team based game, people doesnt know or doesnt want to team-play and collaborate. YOU WILL play will people that go attacking alone a full enemy crew. You will have friend who dont revive anyone of your team. You'll be on your own.  
4) This point follow the one above, but people will almost never communicate with you. They do not use their microphone, they do not use the ping system and they do not use the chat (except for insulting each other as any toxic community in these type of game do). I have my microphone on, I salute people on entering the lobby, I try to communicate, but no one respond. 
5) The melee is so out of place, this game is already so chaotic, in my opinion the melee system is way too much. I get one shot so many time by light build with swords, this is absurd. I know this point will be controversial because a lot of people say now it was nerfed the melee suck but honestly while I am bad at it there is people out there that are absolutly amazing with melee weapon and to me in a gun fight it make no sens. 
6) I dislike people saying those kind of thing, but I think the game is indeed dying. When the game came out it reached about 200 000 and more players. But only after 2 months it fell to less than 50 000 players. Now the players amount is between 14 000 and 19 000 players. When a new season come out the playerbase kinda raise up a little but honestly the game had its time and I'm trying it too late sadly. After all, its a 3 years old game that didnt evolve that much and doesnt offer a lot either. 
7) The servers sucks. I lag so much and have stutters, this is the only game where I have that, I have a really good internet connexion. 
8) A lot of time I get killed fleeing a battle and die when I reach a cover and I'm behind it. A lot of people say to me this have to do with the servers. While in your screen you are behind cover, the other player still saw you uncovered in his screen. So most of the time fleeing isnt good : you will die even if you have reach a secure position. 

Is this all bad ? 
Why am I still playing after 44 hours ? 
Well, the game look pretty good visually. It's nice after the mobile-looking visual of Fornite, Apex, Overwatch and others of these type of game. 
The gunplay is pretty fun too, I mean it's fluid and make me think of a mix between Titanfall and Apex. 
The game mode is interesting, kinda like a search and destroy type of game. It's refreshing and fun. 
The character creation is fun, I mean if you put aside the fact that is cost so much. 

If you're sure you gonna play with a lot of friends and never solo queued, I would say go for it, try it. It's free to play. Just dont do the same error as me : wait about a month before buying the battle pass. 

And damn, I bought the battle pass for almost 50 CAD $. I must play to make use of those precious pennies I spent on this game :') 
I'll probably stop when the season end or before it.",False,2,44.583333333333336,1784656051
230363154,"WARNING, IT IS PVE GAME

but it used to be very fun semi-competitive tactical PVP game",False,1,64.83333333333333,1783928401
231932400,"The matchmaking is trash one game you will be with noobs and the other one you will be with pro players
",False,1,14.833333333333334,1785712471
231378427,"Useless team in every game.
Cheaters are everywhere.
Almost all content in the game is paid.
",False,2,27.733333333333334,1785088146
230493669,"absolute ♥♥♥♥♥♥♥♥ of game, not even worth playing to get the arc raiders skins.",False,0,4.916666666666667,1784072386
231993497,"I ♥♥♥♥♥♥♥ love this game. I honestly do. I think its one of the best shooters that came out in the recent years, better than any CoD, Battelfield, Halo, Battle royale that i have played. But ♥♥♥♥♥♥♥♥♥. ♥♥♥♥♥♥♥ NERF THE LIGHT CLASS AND THE MELEE WEAPONS. 

You said you reworked it. You hear the community complaining about how OP lights are with their swords and dashes and invisibility as their arsenal and you just decide to buff all melee weapons in general??? like yeah give them ANOTHER DASH like thats gonna fix anything. I lost all my rank matches to literally minimum 2 squads being full light, playing swords and sniper while using dashes and invisibility and you cant do anything against that.

I honestly love this game i really do, but this just takes all the fun out of this game i had in the earlier seasons. The themes are great, the skins are AWESOME and i am willing to buy them when they tickle me in the right way, but i just have no motivation to keep grinding this game past the battlepass or try to reach any of the high ranks just cuz every match i have turns out to be like this",False,0,570.75,1785786721
231818022,"I really wanna give this game a thumbs up, I really do.
Conceptually, The Finals is a very unique sandbox FPS where the environment is at your disposal. Every building and object in the game can be interacted with, or destroyed. The chaotic destruction keeps every match feeling different and fresh. There are 3 different classes; Small, Medium, and Heavy; Each one has its own unique guns, equipment, and abilities, there's a build suitable for everyone. The game is truly 1 of 1 in this regard, it really is an interesting spin on the classic FPS genre.
Unfortunately, that's where my praise for The Finals ends. I've never played a game with such an out of touch development team, every patch note I read ends with an exaggerated sigh. Each new season has pulled the game further and further away from the potential it once had. If I had a nickel for every time me or a friend has complained about an update, I could probably afford this game's 30 DOLLAR BATTLE PASS LMAOOO. 
That's another complaint I have, The Microtransactions. I get it, The Finals is free and they gotta make money somehow, but ♥♥♥♥♥♥♥ this is not the way. Every time I launch the game, I'm immediately hit with a cutscene shoving the new outfits down my throat. Not once, Every. Single. Time. The In-Game Shop is just as laughable as those cutscenes; Every Battle Pass, Old or New, can be purchased, ruining the whole point of collecting limited time items each season. 
I hope that one day I can come back and change my review, because The Finals is a really fun game, but Embark Studios has left it in a state that I simply cant recommend.",False,1,271.25,1785591205
231394903,"Sound is awful.  90% of the time you can't hear enemies sprinting next to you. They assign you a random name, instead of letting you pick one or using your Steam name and there is no way to change it in game. There is no loadout menu, you have to go to multiple different menus to customize your loadout.  Bots are tracking you and shooting through walls and line of sight blockers. Live service slop.",False,2,0.8833333333333333,1785102847
230580249,"One of the worst Ai bots EVER. How do i have 500 ping in a practice match full OF BOTS!! This is based on team work, but I CANT WORK WITH 500 PING. This game makes me want to become a certain who invaded Poland. ♥♥♥♥ THIS GAME.",False,0,1.2333333333333334,1784173196
230267769,defib creates whack-a-mole gameplay that is never fun.,False,0,99.26666666666667,1783829258
232477483,"This game is so hard I was versing easy bots and died 20 times in the first match
",False,0,0.55,1786330038
232172154,"excellent game on all aspects, more than enough players to find matches of similar level and have a great time. amazing take on the genre with refreshing gameplay, unique maps. for me it feels a bit like on the other side of the spectrum of rb6 siege: in siege i need to learn all these tricks / positions / map knowledge by heart and just need to invest a lot of time, whilst in the finals its more about adapting quickly in the moment and feels like a more strategic less 'know by heart' type of game",True,0,144.76666666666668,1785998980
232169699,I'm a single-player gamer but this game is honestly the only online game i would give all my hours to.Best Online shooter,True,0,10.75,1785995173
231703245,"The game doesn't do enough to encourage or enable people to queue up with other likeminded people. Way too often you get duos or randos who decide they want to play the Pathfinder sniper fantasy, to the detriment of the team, the game and your enjoyment. 
If somebody from your team leaves the game, there is no way for you to leave the game without being punished for it, despite there being NO possible way to win the game anymore. There is no incentive for people to reconnect from games they left. 
When you die the camera sometimes gets stuck into walls, freezing you for 30s until you respawn. 
Although by no fault of the game itself, a lot of teamates are uninterested in following the objective, helping out there teamates and keep spamming the ""revive me button"". 

When it works, the game feels mildly satisfying, but most of the time it doesn't and it makes most hours of your playing experience misarable and frustrating.",False,1,206.0,1785453237
231693263,I have never felt so much in rage my life while playing this game the community is not welcoming in any way whatsoever to new players play brawlhalla if you want a relaxing fun gaming experience.,False,1,35.233333333333334,1785442644
231621291,"The gamplay is so average and has nothing special. Game seems so slow, guns hit for nothing with grit it's crazy",False,0,0.5,1785361492
231484036,"MELLE IS OVERPOWERED, FIXED RANKED WHERE THERE IS NO SHIELDS OR INSANE MELLE then the game will be worth the FREE price it is to play it.",False,0,67.96666666666667,1785204944
231476324,This game runs terribly and crashes my entire pc even at lowest settings. I do not have an issue running any other game with ultra settings. I absolutely love the gameplay and art style but can't actually finish a match.,False,1,1.1666666666666667,1785195024
231421325,"Would i recommend this game to new players? I would not. 
I have been playing this game since beta and put way too many hours into it.
It has been 10 seasons and every season I tell myself this one might actually be good. Nope, it gets worse and worse, reworking things that nobody asked for, just to say ""hey you get something new this season!"". Without actually making any 'good' changes.

Did i have fun, absolutely.
Was it annoying constantly playing a game that is imbalanced? Yes.



",False,1,1559.4,1785137056
231329531,"It took me awhile, but I finally made it to the final round in the finals, and when I finally felt the stress of being the in the final round, I finally felt like I achieved the goal of making it into the final round of the finals. I was also able to finally watch the 2026 finals on the r iPad I finally bought with my money that I made when performing in my finals while playing in the final round that I finally made it to inside of the finals.",True,0,884.3166666666667,1785036922
231212404,"The game is fun, but the devs have not the slightest idea of balance. I bet money they don't play their own game. Every season has less content than the last, and the anti-cheat is a joke.",False,2,1733.2833333333333,1784910983
231190917,"optimization is terrible, can't even play the game",False,1,216.35,1784890606
231102802,"The team behind this game have completely embraced the niche they have in the shooter market. Its like Embark hired the most talented programmers, artists, and designers just to absolutely dominate something that was made for some, but not for all. 

I almost want the game to stay away from the larger shooter market. Just to avoid the toxic influencer culture and the pressure of conformity we see with AAA shooters being everything and nothing at the same time.",True,0,63.86666666666667,1784791332
231021075,"This game horribly miscommunicates what you are supposed to be doing at any given moment, they push the idea of it being a fast paced destructive game but the main point is sit around and wait? It makes me feel like some portion of the game is not being simply communicated to me.",False,1,39.63333333333333,1784686381
230802241,"the teammates this game matches you with is soo bad, games ok at first but now its super unplayable on the fact you will just rage at your bot ass teammates",False,3,21.683333333333334,1784426951
230797875,"The clunkiest, slowest, and overall worst movement I've seen in a movement shooter, made even worse by time to kill being way too low disincentivizing jumping about in the open. Fully destructible environment is the only saving grace, but still overall an unbalanced mess that leaves you frustrated.",False,2,50.96666666666667,1784421363
230645474,"its great and all, but development is pretty sluggish, and it has a heaping of ai slop. also the melee rework is pretty ass",False,2,122.3,1784247784
230510604,"An unbalanced pile of hot garbage I regret ever playing. Wanna have fun? too bad! you'll run into nothing but heavies
 with miniguns tanking everything! This game is slop.",False,1,29.233333333333334,1784095034
230490864,♥♥♥♥ rank system all bots in game i get in ranked game its 1v1v1v1 how possibel also fix ping and bring middle east servers thank you.,False,0,150.88333333333333,1784068931
230425239,"every update this game releases is terrible. if you want to be addicted to microtransactions this is the game for you, otherwise don't waste your time with this terrible game filled with a terrible playerbase",False,1,306.3333333333333,1783995266
230375414,"im sorry but i couldnt even play the game. it kept saying prhobidet app detected i checked on youtube to fix it did everything and still didnt work. when it didnt said that the game kept crashing. like, nothing worked.",False,0,0.3,1783944054
230330318,"So, to be fair, I only played it to get that skin for ARC Raiders, and I have to say, its slightly better in terms of PVP than the Arc raiders, but in general still not great. Actually not really works nor its fun for me at all. I guess its that childish graphic or maybe that very naive environmental destruction or maybe just the feel that the weapons are just as badly balanced as they are in ARC raider. Whatever it is, i just mostly do hate it.

And just kinda OT question... how desperate the developer needs to be to try to bring in players from THEIR OWN OTHER game? that's not a good sign either... just saying...",False,0,3.05,1783888471
230258297,"Insanely fun FPS movement and shooting is top 5 on the market rn, also you can dress up or kill people dressed up as femboys what more do u need in a video game. Still hate melee users, might join them soon but my pride wont let me for now.",True,1,154.43333333333334,1783817553
230868385,its fun i can say for sure its a short term game not enough to do.  but it is fun just cant see myself playing it more then a month if its all i were to play,True,0,22.666666666666668,1784499756
231796071,"what a boring ♥♥♥♥ game i rather go play counter strike or battlefield same thing same spells same ♥♥♥♥ game

",False,0,0.5166666666666667,1785564327
230340339,"The game is run by inept fools, and this recent update has ruined the entire concept of melee on both end of combat.

The precision lunge system is as sad excuse of ""skill expression"" and adds nothing meaningful or rewarding to gameplay while also being non-functional in most cases. The results are hits not counting a precise despite them looking like it and a lunge so overwhelming that more often than not, you will fly past your enemy and miss.

On the receiving end, the lung system make hitting melee user harder because they are jumping around everywhere in an unpredictable and inconsistent way, as well, the lung makes escape impossible when it functions as expected as most meta mele weapons have a ttk in the fractions of a second and leave no counter play without the use of hard cc or huge burst mobility.

This update also DID NOT include any new content besides the melee overhaul besides a rather bad map (IMO) that I would best describe as worse Nuketown thats way to heckin big, open and vertical with dumb gravity lifts that specify work against the refurbished melee system.

Sword is alright after the update only because it was unusable before.

Dagger is fine but lights lost a dash charge from their Evasive Dash specialization so its an overall nerf.

Dual blades are lethargic and slow, but probably came out of the other end of this update the most balance ""despite still being overturned and under performing""

Riot Shield is now definitely the WORST weapon in the history of this game; it received a direct damage nerf in addition the removable of quick melee combos. Effectively getting a double damage nerf as well as have its defenses reduced greatly UNLESS you are manually blocking in which you move slower. As well the precision system work the worst the the shield as it has pitiful lunge range, a tiny hitbox, and requires you to look away from you target to block with you shield... but now you have a 40 damage shield bash that knocks away enemies, just as everyone got a kick that can do the same thing. F- tier trash now.

The spear, like the riot shield, got damage nerf as well as its weak ah heavy attack now requires stamina to use, while also benefiting the least from  the lunge system as it does really have any... literally worthless.

This is the season of the sledge because now  it is inescapable. The lunge combined with its 200 damage heavy means you WILL die before you get a chance escape or even react. And if you do escape... its cuz the sledge user sucked. It is so overwhelming that is singlehandedly propping up the entire melee ecosystem with its oppression... holy giga-buff.

Also this game still preforms like dookie, with random hitches and crashes the shouldn't be happening... it even struggles to launch half the time. And no, its not my pc.

In short, the developers need to stop trying to add there own form of skill expression to melee simply because the hate ""combos and tech"". This update shows no one there has any idea how to do melee. They should hire someone who does or listen to their community more because this update blows...",False,0,871.85,1783897954
230336918,If you like terrible teammates and people spawning behind you the entire game this is the game for you,False,0,28.65,1783894414
230325226,"Constant multi-gigabyte updates - I liked the game, but considering I only play with friends occasionally, I am uninstalling as this games updates are absolutely ruining my SSD with constant update data causing my copy operations count to spiral wildly.",False,0,1.7166666666666666,1783884430
232300210,trash company banned me for leaving a game with a person who would notmove so i couldn't get back up embark id is the worst gaming company in the world i see why this game is bottom chart game,False,0,4.85,1786139171
230398680,Embark doing it again. I can't imagine a worst than this. It will only belongs to old arcade games on theaters when you wait for a few minutes until is time to enter and see a movie. This is were this piece of ♥♥♥♥ belongs.,False,1,0.5,1783966857
231835526,the game crashing every time when somebody Explosion the building,False,0,94.31666666666666,1785607097
230500793,♥♥♥♥ this piece of ♥♥♥♥ game worst 77 minutes of my ♥♥♥♥♥♥♥ life game sucks ass this is a poor excuse for a game weapons suck ass 20$ for a camo and this ♥♥♥♥ ass game made me rage so hard the R key and the RGB on my keyboard broke ♥♥♥♥ you Embark Studios for making this ♥♥♥♥ of a game,False,1,1.2833333333333334,1784081435
231432989,"Дорогие Embark, добавьте в вашу игру Skill Based Match Making! Игра ♥♥♥♥♥! Почему ко мне в команду попадаются ♥♥♥♥♥♥ черти которыене могут перевестись с одного противника на другого менее чем за 7 секунд и когда в конце игры пиздят наш кэшаут они просто наблюдают за этим! Какого ♥♥♥ я играю против девяностых уровней с десятыми в команде?? Пока, с вами был Стимофей Папушкин!",False,2,96.16666666666667,1785152941
231083624,Tf is up with this stupid ass game. matchmaking is fked up and has zero optimization.,False,0,9.0,1784763853
230978036,"♥♥♥♥♥♥ ass rs system, seeding 8, loosing 900 for 6th place in ♥♥♥♥♥♥♥ soloq, you need to learn some math and fix this ♥♥♥♥",False,1,777.8833333333333,1784640954
231255626,"loved this game since day 1, super innovative and different",True,1,19.966666666666665,1784956753
232073875,"I play match, when i look at someone, game lags. ♥♥♥♥ game. Dont know why im playing it",False,0,52.53333333333333,1785880009
230307229,THIS GAME IS ABSOLUTELY DEAD THE ONLY PLAYERS ON ARE SWEATS AND NO LIVES. do not recommend at all ♥♥♥♥ ass game movement is so ♥♥♥♥.,False,0,9.4,1783870342
231537470,"cosmetics are cool and the gameplay has visions of greatness, but as it stands everything is so horribly unbalanced.",False,1,65.41666666666667,1785267535
231225924,"i only opened the game to see it pushed my intel i9 to its max temp on all cores i will not touch this game again until they figure there SH*T out and actually optimize the game so it doesnt try to make everyones cpu wanna kill itself, i didnt even play the damn game yet all i did was open it to a very long and stupid cut scene you cant skip and the whole time without even going into a match it will try to kill youre cpu guys dont play it until they do something about it im very upset with games like this as i do not feel like spending hundreds over time to keep getting cpus because of devs like these that think its ok to allow players to probably damage there cpu just from openeing this game and even while sitting in menu, i tried changing EVERY SINGLE video option to the ones i know help cool down the cpu and the lowest i got was still warning me that its very hot, i have played games with the worst optimazation and they never have gotten and stayed this high im very dissapointed as i really wanted to play this game because it looks simply amazing but none the less i will not play it untill i can see that it stops treating pcs like there a kettle or the top of a stove, ur better off throwing youre cpu into an oven to bake id guess because it will try to do the same as this game does
(and yes i know the stove or oven reaches way higher temps its a analogy)",False,1,0.7166666666666667,1784922728
231320941,"the ai voice acting makes me feel like i'm losing braincells at an unprecedented rate and not all of it can be turned off, also the swords/knives etc are MISERABLE to play against and probably cannot be successfully balanced because nerfing the damage enough to be remotely fair would make them absolutely irrelevant when shotguns exist

honestly the core gameplay loop is pretty solid and refreshing and if it wasn't for the ai i would probably still be able to recommend this game, but it's SO tone deaf like NOBODY wants that",False,1,51.61666666666667,1785026253
230410645,"The servers are ass and built on cardboard, my computer specs can handle any other game on max graphics  180fps with 0 issue however this game on low with max cap 30fps lags to bad its unplayable at  times, wouldnt be an issue if it was my wifi or computer however its this companys piss poor servers (playing this game is a risk as this server issue is only about 60% of the time)",False,0,9.483333333333333,1783977968
232537127,"chill and competitive at the same time, very enjoyable if you like FPS and final zones of battle royals",True,0,114.08333333333333,1786399438
232493210,Download this game if you have a fried brain with little to no attention span. There is infinite chaos to feed your rotten brain,True,0,71.95,1786354018
232373225,Very fun.  I like knocking down the buildings for some reason.  Fire also looks pretty.  Play with friends because randoms are bad,True,0,36.05,1786219011
232347829,"[h1]Simply Marvelous[/h1]

While it's not my favorite yet,
The Finals is probably the best multiplayer shooter I have ever played.",True,0,112.21666666666667,1786196725
232331339,"put 84 hours in somehow but mostly out of habit, the loop just gets stale and nothing really pays off",False,0,21.75,1786178321
232134737,"its fun but can be frusting and also the ttk is slow
",True,0,30.116666666666667,1785953131
232078392,fasszopo jatek egy kurva fasz semmi ertelme ennek a fasznak a milannak is az anyjat mar h steamen hiv a kurva elet faszat mar nem toltom le szar fos geci pocs,False,0,46.083333333333336,1785884827
231950631,"Really good, no need to spend any money to get mucho entertainment..! Give it a try...",True,0,67.3,1785738146
231948172,i like the fast paced asspect of the game and the playstyles you can play with,True,0,31.45,1785734174
231929934,Very addicting FPS. TTK is hard to get used to but becomes so satisfying,True,0,4.483333333333333,1785709596
231917733,Hands down the best shooter that is currently out now. People really be sleeping hard on this.,True,0,503.2,1785697666
231916270,"Embark launcher sometimes corrupts the finals
",True,0,27.916666666666668,1785696333
231888151,"played 64 hours hoping it would click and it just never did, combat gets repetitive and the story didnt hook me",False,0,1.35,1785670520
231855205,"Like NOTHING ELSE I EVER TRIED. No feeling compares to being stuck 2 hours in your office thinking about when you'll come home to this masterpiece. Easy to understand, never repetitive, leaves immense room for a creative mind to dominate the arena in their own unique way. Please, try it!",True,0,486.6666666666667,1785627597
231714208,just keeps getting worse and worse with patch after patch. Devs don't know how to balance guns.,False,0,249.88333333333333,1785467472
231524644,This feels like a spiritual successor to TF2. Maybe Embark can teach Valve to count to 3,True,0,7.633333333333334,1785255649
231514204,great game lots of fun alone or with frends. aim is a big part a thou,True,0,23.233333333333334,1785245923
231481606,The absolute best FPS out there right now. Embark cooks with every season and they're only getting better!,True,0,418.76666666666665,1785201812
231379811,"Well-balanced, wonderfully chaotic, and endearingly unique!",True,0,181.5,1785089369
231307260,"Great game, very team oriented. Take time to learn how to properly play the game.",True,0,59.05,1785011102
231169406,"One of the most innovative FPS's to release in over a decade. I applaud the developers for bringing something ""new"" to the table. Its very very fun, but not for the faint of heart. Its fast and even after 100's of hours the combat has an ""unexpected"" quality that remains.",True,0,916.75,1784861338
231154209,"My favourite shooter of all time, until they falsely banned my account and continued to answer every single one of my appeals with AI generated automated replies :) rip hundreds of euros spent on battlepasses thanks Embark",True,0,1366.4666666666667,1784843537
230928569,"I completed the flowerpot achievement but ig some idiot in the dev team forgot to mark flower pots on the new map as flower pots so it didn't count as a flower pot kill

orrr flower pots dont identify themselfs as flower pots nowadays, who the ♥♥♥♥ knows",True,1,462.35,1784576060
230866960,"A one of a kind FPS game, that should be a 100x more popular, but also the developers have really messed up with season 11 changes that they made. So just because of these changes my review will stay mediocre",True,0,258.3333333333333,1784497909
230767222,"Super fun Super Innovative, More People Need to Play to Grow the Community.",True,0,11.566666666666666,1784390878
230709536,"Amazing, I'm gonna glaze it to death till my friends play it as well. That's the only real issue I have with this game. I don't have any friends who play this as well :<< 
",True,0,4.416666666666667,1784322458
230596943,the devs dont know how to lisyen to their players. the mtx sgop works really well though. lots of updates there,False,0,92.33333333333333,1784198755
230538446,"Very different take on fast paced multiplayer. It's so much fun, specially if played with friend.",True,0,22.416666666666668,1784128125
230429493,"Super under rated FPS. Very creative gadgets to ,make combat fresh",True,0,12.766666666666667,1784000752
230423071,"dont play ! constant lag they dont give a f about this game anymore only skins just so badddddd
",False,0,5.183333333333334,1783992515
230405626,Jizz inducing shooter and those explosions are W,True,0,48.7,1783973174
230391494,"Sledgehammer so funny, light explode and leave behind funny coins make me laugh very hard.",True,0,164.55,1783959349
230350119,"Fun and chaotic and beautiful, just like you ;)",True,0,35.733333333333334,1783909568
230339742,Avoid Playing with Someone Dressed as a Racist Stereotype of a Rabbi Challenge (Impossible),False,0,8.316666666666666,1783897323
230305752,"Yeah, let's introduce melee weapons. Oh, maybe we should buff them so they insta-kill in two hits, because the other players have guns, which are way better in close-quarters fights.",False,0,11.733333333333333,1783869233
231886791,"It looks polished on the surface, but the more you play, the more you realize what a mess it actually is",True,4,15.016666666666667,1785668992
230289853,"No wonder they have to add Arc raiders challenges into this game, otherwise nobody will play this crap willingly.",False,0,1.3833333333333333,1783855480
232202742,you know what makes people stop playing a game? Constantly being put in losing matches. i can wait for new match but putting me a losing one puts rage in my heart like no other thing can.,False,0,30.833333333333332,1786034546
232008149,"A great shooter for new players. The mechanics are great, and so are the guns. Highly recommend.",True,0,193.61666666666667,1785803926
230533353,"A piece of code that contributes absolutely nothing to the industry or the genre’s market apart from appalling gunplay and mediocre visuals with physics – I literally can’t fathom why the bloody game is even on the market;

Nobody plays it apart from Smurfs and softers, The developer had, and still has, a more successful project that generated enough buzz to pull the devs away from this piece of rubbish, but as we can see, the online presence of both projects has plummeted to the level of the so-called ‘dead and unplayable Tarkov’. Serves them right...

",False,0,2.566666666666667,1784123396
231335251,"Just sucks. Light is oneshot to everything, medium an heavy are broken and the weapon balancing is not existant. if you dont play certain weapons you just lose. the whole concept is anoying",False,1,5.133333333333334,1785044346
230873886,"Medium is broken and everything else is trash, ranked puts you in with people that are emerald while you're in silver. NOT FUN",False,0,59.11666666666667,1784506917
230790261,Fully invisible adversaries sure are fun. Pinpoint accurate automatic turrets too!,False,2,16.05,1784412030
230724758,"It's mixed, but I'm slightly leaning towards yeah. It's really fun, and its kinda like R6S but for dummies lol.",True,0,32.483333333333334,1784340153
231620353,SUPER FUN  GAME I REALLY ECOMEND THIS IF YOU WANT TO GO INSANE BUT I WOULD STILL DOWNMLOAD THE GAME SO YOU CAN SPEND A LOT OF MONNEY AND SO YOU CAN HAVGE HORRIVBLEW  TEAMMATES ANYWAYS 10/10 GAME WOULD REALLT RECOMEND,True,1,4.366666666666666,1785360522
230954932,"Fun, but not really worth the time or spending money on.",False,1,268.65,1784607603
231027112,"Its like i'm playing 2019 warzone again, people running around with swords killing me within a second without any chance to deal enough damage to kill them",False,3,4.6,1784695058
230867374,"The only thing I enjoy is the free-to-play model. Other than that, it's another frustrating Embark game I had to play to earn a skin for ARC.",False,0,6.183333333333334,1784498515
232490258,"played 69 hours hoping it would click and it never really did, just kept grinding out of habit",False,0,27.316666666666666,1786349721
232155479,"characters could be hot, could be not, oh well might as well shoot my shot.",True,0,29.283333333333335,1785975016
232015581,its been 2 years since ive played last and I still look forward to coming back to play,True,0,48.266666666666666,1785813690
231975076,"I play it but not for myself, but with friends",False,0,3.183333333333333,1785769224
231899653,"BEST FPS GAME TO EVER EXIST 
SUPER LOW CORTISOL WHILE PLAYING THIS GAME 
I WISH THEY MADE MORE COLLABS WITH ANIME OR SOMETHING",True,0,848.7833333333333,1785681757
231759341,"Spawn in to a match, teammates are literally braindead, they run in solo without even trying to figure out where the enemies are and stand still to steal the objective without even checking their surroundings, die. we are in last place because of their stupidity. But If I acknowledge that the match is over, we are eliminated, and leave, rather than wait through another 4 minutes of idiocy, I get barred from requeuing because I ruined the match, not THE DUMBASSES WHO DONT EVEN FIRE THEIR ♥♥♥♥♥♥♥♥ WEAPONS.",False,0,2.4833333333333334,1785521247
231697308,"best game hands down, except when there is cheaters",True,0,335.56666666666666,1785446777
231391397,"NO SE QUE DECIR, PERO ES UN EXCELENTE JUEGO LA JUGABILIDAD ES DE LO MEJOR QUE EH SENTIDO EN LOS PASADOS ANOS, EL JUEGO GRAFICAMENTE ES HERMOSO, SI TE GUSTA TODO EL ROYO DE REALITY SHOWS Y LA ADRENALINA DALE A DESCARGAR YA!",True,0,81.91666666666667,1785099332
231333432,One of the best FPS out there right now. I'm surprised this hasn't picked up more mainstream attention.,True,0,14.566666666666666,1785041928
231092136,Triple stacks of the same class are actually ruining this game.,False,0,16.216666666666665,1784775435
231087448,"very fun, embark is so under rated as a studio.",True,0,11.7,1784769152
231081100,"Dont think your all that after a win or two because your gonna get your ass handed to you on a silver platter just like me in ranked or by those guys that play casually but have emerald, ruby, or diamond rank in ranked.",True,0,143.83333333333334,1784760574
230838957,i played this during beta and i thought it was good fun however it only had one mode so i dropped it because in my old age i only want to play quick tdm modes and now they have it and i spent an entire day playing usually i'd get bored or burned out but nah this whole games theme is awesome the destruction of the maps is like badcompany 2 on crack the body types affecting weapons and movement speed is cool reminds me of brink the counter to a melee dwarf is a flamethrower and the counter to a sniper camping on a roof or behind cover is a minigun if the enemy is firing from the east simply remove the east,True,0,6.616666666666666,1784471411
230762409,Perfect concept and realization,True,0,799.9166666666666,1784386626
230713556,Very good but if you get 2 lights as teammates and none of them bring the heal smg you'll want to kill yourself,True,0,89.53333333333333,1784326428
230650731,"When this game works, which is a when, this is my favorite multiplayer game",True,0,302.01666666666665,1784254727
230643668,very fun butttt the new anti cheat DENUVU is so lame it make game not workie :C,True,0,146.78333333333333,1784245573
230438805,"choose small gal, medium size guy or big guy and fight others while a british woman and gay man yell in your ear",True,0,25.85,1784014757
230438074,"TEAM FORTRESS MEETS UNREAL TOURNAMENT.
EXPLOSIONS, SPEED AND GUNS.
COME ON YOU APES, YOU WANNA LIVE FOREVER?!!
",True,0,1107.7666666666667,1784013677
230358026,"devs doesn't know how to balance and does changes nobody asks for, each season the servers get worse and nothing gets done and performance dips everytime. The more you play the more you understand why they got fired from dice",False,0,2135.0833333333335,1783920512
230337517,this game is hands down the best and most underrated FPS I've ever played in my life,True,0,1437.6,1783895055
230487214,a giant terribly optimized pile of garbage just like everything embark seems to release,False,0,78.98333333333333,1784064973
230724766,rewards players who have zero talent playing minigun and punishes those who try to play skilled weapons,False,2,11.7,1784340161
232436459,"Movement is buggy as hell, hitreg isn't working properly either",False,1,6.4,1786289303
231780131,"respawn timer is too long for a fps shooter yall should have just stuck to arc raiders
",False,0,0.6666666666666666,1785543537
231298393,How does one nerf the worst 2 weapons in the game and claim it's a buff.,False,2,313.76666666666665,1785002959
230656360,if you enjoy playing with cheaters every game then this is the game for you if you are a cheater i hope ur pillow is as hot as your mom,False,3,297.81666666666666,1784262328
231095722,"ranked is so garbage. we had a person not even load in the entire match, we got the full negative penalty. even if you do get a teammate, always a trash light. just horrible to play.",False,3,134.71666666666667,1784780400
232296230,"Love how this game gets my heart racing, and makes me sweat, but in the best way possible.",True,0,3.433333333333333,1786135280
231763348,Another Embark game filled with cheaters. No surprises here.,False,0,1.3333333333333333,1785525242
231759927,"European servers are one big clown car full of malnourished 'n depraved ruby larpers, fml",True,0,181.7,1785521817
231714404,"if you fix the sword ill change my review to positive but until then, and it PAINS me to say this, but you've lost me as a player",False,0,885.1666666666666,1785467725
231415652,Fun for ppl who enjoy fast paced games or enjoy unique playstyles you craft.,True,0,92.1,1785128237
231306741,I am lazy to write be review it's just cool game made by battelfield developers,True,0,17.016666666666666,1785010623
231009418,"Okay, I was sleeping on this game for a while because I didn't even know it existed. This is probably one of the most unique and fun games I have played in recent years. It does have a bit of a learning curve, but it's free so give it a shot and I'm sure you will have a good time.",True,0,7.233333333333333,1784671416
230881294,"THEY JUST RUINED THE GAME WITH THE NEW UPDATE, LIGHT IS UNPLAYABLE NOW, I GET LOBBYS FULL OF MEDIUM AND HEAVY AND THEY ARE USING THE SAME TWO WEAPONS EVERY GAME. RANKED IS UNPLAYABLE WITH THE TEAMMATES U GET  AND SERVERS ARE HORRIBLE",False,0,1397.4,1784517138
230607869,It's similar but different enough to some other familiar games that it makes it enjoyable to play,True,0,7.016666666666667,1784211079
230600121,"Great game; love everything about it. 
Keep on going, Embark.",True,0,47.11666666666667,1784202784
230588473,What FPS games should be. It feels like Titanfalls more accomplished younger cousin.,True,0,241.06666666666666,1784186420
230376471,"Cool game, good balance now, lots of game modes now.",True,0,10.55,1783945274
232253898,FULL OF HACKERS AND THERE IS NOT EVEN A REPORT BUTTON . MATCHMAKING IS COMPLETELY ABSURED .,False,1,25.45,1786092898
232247084,Really ruined this game... truly sad to see what they've done to my favorite game. just another destiny 2,False,0,53.31666666666667,1786083074
231917841,I would rather play call of duty infinite with shards of glass shoved in a glove slapping bricks for the remote while carrot top rides me from behind with a sledge hammer covered in liquid hot rubber that will seal my butt cheeks together.,False,1,43.9,1785697747
231115112,10/10 would be playing if it didnt crash when i try to load into a game lmao,True,1,248.3,1784807990
232553686,"Free to play, pay for skins, infinite amounts of silly game play 10/10",True,0,1085.5,1786419835
231999122,This game is very fun and i love the esports setting.,True,0,5.416666666666667,1785792512
231932710,"very fun, many people run around with swords and poke you until you die",True,0,38.483333333333334,1785712797
231283742,need to fix match making every game im against a ruby player (top 500 player),False,0,1548.35,1784989965
231183288,Very underrated. The only downside to this game is the learning curve.,True,0,35.96666666666667,1784880561
230812089,it pretty fun with the huge amounts of funny skins to play around with,True,0,6.533333333333333,1784440183
230556101,after denuvo update inconsistent frames even on low with dlss set to perfomance,True,0,4.0,1784143973
230417333,"Had my head caved in with a roof and a propane tank thrown at my groin, great fun.",True,0,18.85,1783985196
230303964,"TikTok: CriminalGamez 
Great Game, runs great with my specs.",True,0,6.9,1783867878
231863776,"this game likes to freeze and crash and than bans you for half and hour 
",False,2,351.53333333333336,1785638599
231935422,the lights nerfs in season 11 is way too hard the dash bassically is unuseible now,False,2,185.56666666666666,1785716114
231808586,"insanely fun but difficult with sweaty lobbies
",True,0,6.116666666666666,1785580730
230732209,you're gonna rage ALOT but it's very fun but you're basically thrown in with the sharks.,True,0,17.133333333333333,1784350014
230571312,one of the most unique shooters on earth that no one talks about for some reason 10/10,True,0,5.816666666666666,1784161172
230358774,"Battlefield, but the buildings have trust issues.",False,0,0.26666666666666666,1783921766
231633944,"can't skip the intro cutscene, wrote this review while watching it. might go make popcorn",False,1,0.4,1785377292
231286289,"Bad game, crash pc's and damages hardware.",False,0,94.03333333333333,1784992193
232509167,fun shooting but I don't really like the voices they seem to Ai,True,1,6.066666666666666,1786372933
231256097,"This game is good but why did they nerf Holtow

anyway yeah download it. I beg of you",True,1,181.48333333333332,1784957386
231417288,"Absolutely not don't play this game, leave before it consumes your soul.",True,0,321.8,1785130750
231393532,"you can dress like a pimp and get a pimp ass emote, thats enough for me",True,0,7.616666666666666,1785101390
231377097,Absolutely restricted for non-ADHD players.,True,0,79.2,1785087009
231323523,GUUD but can only run two games before crashing let me know what i need to fix,True,0,60.56666666666667,1785029547
231241205,"The skill ceiling will kick yo ass but its fun, eventually",True,0,351.6666666666667,1784938702
230946968,very good gameplay and destruction,True,0,17.266666666666666,1784596724
230893301,why is $10 battlepass content unlocked behind another $30 paywall?,False,0,29.3,1784536901
230690334,"good game, fun and fast paced.",True,0,4.683333333333334,1784304346
230341893,Like a casino; go and take advantage of the complementary drinks but don't actually give them your money.,False,0,39.45,1783899708
232068301,"I don't usually play online competitive games asIi think they are a waste of time, but I was blown away by this one and I remember it very fondly.

As I think that these kind of games are a waste of time, I can't give it more than 

7/10 

but otherwise it would be 10/10",True,2,6.2,1785874570
230558762,the bots in this game genuinely act like an amputated dog with down syndrome. -10/10,False,0,3.216666666666667,1784146620
231850192,"If you like Apex Legends you shouldn't, but this game is pretty cool",True,0,55.38333333333333,1785621533
231347185,"♥♥♥♥ your stupid company, ♥♥♥♥ all your games. I hope you all get ♥♥♥♥♥♥♥ cancer.",False,0,3.3833333333333333,1785059529
232306011,"Very fun , better than fortnite and cod combined",True,0,30.3,1786145723
232078170,"different than some other games ive played, but its a great game.",True,0,14.683333333333334,1785884573
231863803,"it is a very fun game to play, especially with friends.
",True,0,26.816666666666666,1785638628
231787521,Very fun game I've played loads of shooters this is one of the best no doubt,True,0,112.6,1785553170
231376197,quite good would recommend. balancing is a bit ahh but still fun,True,0,78.6,1785086240
231294466, i wish for the guy who created the idea of the game itself a happy family and become a billionar and die peace near his loved once,True,0,21.133333333333333,1784999391
231242122,something different. they've done nothing but balancing and adding new things,True,0,2707.9,1784939863
231203371,Basically U can kill people with comically large spoon. 10/10 Game,True,0,769.2833333333333,1784903255
230951489,Everything is just amazing. Every detail flawless. Would play every day.,True,0,12.6,1784602778
230646249,The best movement FPS since Titanfall 2. 700+ hours of riot shield well spent.,True,0,763.4166666666666,1784248738
230290530,"One of the most original and thrilling fps games you will ever play.
",True,0,1983.5333333333333,1783856218
230697060,"The matchmaking are so ASSSS to the point you got paired up with the enemies that already won for thousands match, are they deadass serious ?????",False,5,1.3833333333333333,1784310738
231415878,"more like the Mid game is lowkey ass, could have been good but isnt",False,4,18.083333333333332,1785128580
232067491,overall good game but they should add back head 2 head,True,0,4.883333333333334,1785873747
231781687,"Its so bad, and you will want to end yourself. 10/10 would reccomend",True,0,129.45,1785545554
231341131,Well 250 hours in I'll yeah its a good one. But the lights with swords hmmm Imma get y'all someday.,True,0,252.86666666666667,1785052292
231325849,this game is rlly good if you like shooters but dont like fast ttk times,True,0,45.333333333333336,1785032521
231078398,"balanced combat + cat ears, thumbs up",True,0,64.33333333333333,1784757467
230975635,"best game oat rn to have fun, you have fun even when losing",True,0,114.53333333333333,1784638406
230727987,"game puki , setiap update ngelag mulu su",True,0,67.75,1784344371
230614419,"I keep getting killed by a little dude with a sword, he haunts my games, but I have a spoon as a weapon which is quite silly. - Love, Gary",True,0,227.71666666666667,1784217101
232225051,"Hard to learn, but great game.",True,0,9.683333333333334,1786054691
231369599,good game if you like P2W games and its full of wanna be try hards,False,0,3.4,1785080751
230441259,I have no idea how anyone enjoys this. It is genuinely one of the worst shooters I have ever played in my life.,False,0,7.733333333333333,1784018421
232450435,"Possibly the most underrated shooter of our time. Please, do not let this die!",True,0,45.016666666666666,1786301172
231916038,"10/10 Only play it if you don’t wanna have social life ever again, it’s so beautiful",True,0,414.75,1785696143
231543008,amazing fps lots of creativityand its free,True,0,290.01666666666665,1785272836
231402411,Fun and chaotic.,True,0,24.45,1785111103
231399565,"fast paced, 3v3v3 gamemode is epic! theres also 5v5 and 8v8? I think? super fun",True,0,80.7,1785107728
230658373,literally the only competitive game I am willing to solo queue,True,0,100.18333333333334,1784265336
230636753,"Жирная феменистка джагернаут выносит 6-ых противников за раз, класс",True,0,26.25,1784237778
230324562,"10 out of 10 recommend, needs more players to experience this great game",True,0,80.96666666666667,1783883844
230267937,"Chill ahh game sum new and unique and its free 
",True,0,109.36666666666666,1783829453
230821403,Don't is horrible just report it the entire game,False,2,3.8666666666666667,1784452702
232536565,"Interesting mechanics, movement and varied tools and solutions, combined with f2p friendly cosmetics and a slick style/vibe it could be a great game..

But sadly marred by infuriating people making smurf accounts, stomping on people and ruining the casual playlists.

No longer fun.",False,1,280.56666666666666,1786398797
232459951,Terrible new player experience. I am just the shooting bag getting matched against people with s10 diamond/ruby on their playercard. Either that or a smurf/cheater. Game is plagued with it and TOS allow smurfing. Would not recommend as a new player.,False,1,34.81666666666667,1786309624
232446159,"amazing game, amazing features and physics, love the devs too",True,0,14.0,1786297477
232445394,"Very bad servers and hitreg, additionally somehow invis on a fps shooter is something they came up with...and its as terrible as it sounds.",False,2,422.8,1786296807
232435128,"I really love this game, and I mean it but lately (season 11), it has been unplayable because of cheaters and Hitreg issues.
I post this review in hope that the devs act on it, but since then it will stay negative.

Hope to see it shine again !",False,3,533.6666666666666,1786288238
232398902,"They unfortunately leaned way too far into the competitive shooter aspect of a game that was obviously meant to be goofy and unique, with random events in each round to complement it's map destruction mechanic. Instead of adding more random events that change up the flow of the game, they balance weapons and classes terribly in a misguided effort to turn it into an e-sport.

The cosmetics are obviously the main progression of the game, and it is honestly super fun. There is a lot of freedom given to customisation with a whole small community dedicated to making outfits. 

My issue with some of the cosmetics comes from just how out of universe they feel, near the beginning of the game there was a limited time bundle (maybe purchaseable now) that gave your character an anime style shader effect. It looks so ugly and out of place from every other cosmetic and it was released in such a bizarre way that most people didn't even know how you got it. Add in weird Gundam skins that change your player model to be a robot and you can make actual insane monstrosities. Some think they look cool but I think it looks terrible and takes me out of the game completely.

Still fun to play every now and then, the maps are amazing and the new halo-esque one is no exception.",False,1,156.51666666666668,1786247861
232398344,"Such a fun game. I definitely recommend playing it. So many good game mode options and it's just super engaging. 

If you're running Linux it's compatible with your system. A good COD alternative for sure with no kernel level AC.
Idk if it's due to my system but it does tend to crash occasionally.",True,1,7.566666666666666,1786247137
232373480,kept playing because the loop is addictive at 11pm but honestly it just gets emptier the more you put in,False,1,7.716666666666667,1786219242
232342387,denying external crosshairs and then having some of the worst in-game crosshair in the world should be a crime and embark really fell off,False,1,95.4,1786191343
232313682,"I played so much throughout S3-S9 and only took a large break after 9. Coming back to Season 11, it doesnt even feel like the same game any more. Some weird kick, mobility and reflexes are punished, and only guns blazing is rewarded. The high speed, high mobility playstyle with the environment was the only thing good about this game, and now its just a slugfest of who can hide behind cover. If I wanted that I would play Battlefield.",False,2,364.4166666666667,1786155046
232307684,"Before the melee rework, the existing system felt frustrating, and a bit unfair. Now, after the rework, it feels EXTREMELY frustrating, very unfair, and every melee weapon has its own confusing rules.
I started by ignoring those weapons, and the opponents that used them would feel irritating.
I then try to use them because ""if something is meta use it"", but they're not even strong. Now they all have an even more simplified gameplan and no real skill expression, while also not being balanced.
 
- Spear is straight up worse compared to before the update, where all combos deal less damage and heavy hits are harder to land since if you miss one you can't use them for a while. A weapon that already was considered the worst by a lot of the community is now completely, entirely unusable. 
- Sledge feels unbeatable with any class unless the user pushes you in full open from 50 meters away or more letting you shoot them, on a class that can close distances very easily. In a vacuum, the 1v1 is somewhat balanced, sure. But in a real game it feels like it's a 70/30 for the hammer user, where if he manages to get close he has already won with no player interaction being really relevant.
- Twin blades were frustrating and boring before, so you change nothing about them except granting them more range, so they now also feel inescapable.
- Riot used to be inconsistent with blocking, now it's even worse where I'll be looking at someone and they still hit me while aiming at the body. You try to block and quickly hit, and you get punished by the new ""special attack"" that takes away your defense and locks you in an animation for half an hour.
- Everything else hasn't even changed much and feels just as frustrating and boring.

This whole rework is just very, very unfun. It's genuinely just worse than before, and the worst part has to be the 25 damage quick melee. It was perfectly balanced and fun before, not one person on earth said 40 damage was too much for quick melee, and it was a useful option when you ran out of bullets. Now that it does 25 it's genuinely unusable. Worse than a last resort, since reloading and shooting again genuinely has higher DPS than melee-ing until you kill the opponent. No point in pressing the melee button, the only good part about the rework is the quick melee knockback but even that doesn't proc half the time. 

This rework has hurt the game more than anything else up to now and rolling it back would only make the game more fun again for everyone, except sledge users I guess, lol. Casual gameplay has never been this unfun, even open beta with its bad performance and crashes felt better. Though it's nice to know the devs put more time in not listening to the userbase with these updates instead of fixing thermal vision. We are never seeing THAT gadget again.",False,1,445.55,1786147675
232273418,"awesome, addictive, never repetitive even if you play them same mode.",True,0,171.85,1786114701
232179113,really underrated game where destruction is a form of creation,True,1,322.8833333333333,1786009368
232146194,"sweats sweats and more sweats. THERE IS NO CASUAL and so it SUCKS. me and my duo tried playing this, and every single match that wasnt against bots we were up against a team of sweats with hundreds of hours. Which is a shame because it was fun. But even in quickplay casual lobbies, it got to the point where I was dying AS SOON AS I SPAWNED IN. where's the fun in that? horrible horrible HORRIBLE experience. Only get this if you're gonna play against bots.",False,1,3.933333333333333,1785964324
232118419,"Same as all embark games. Laggy servers, bad netcode, cheesy tactics, takes 4 minutes to find a game and no new content.",False,1,430.76666666666665,1785937914
232116552,"The Finals.

The greatest gameshow in the world. Or is it?

The finals in its core is an amazing fast paced First Person Strategy Shooter Hero Builder.
Its very own kind of game. Nothing gets close to the exhillarting feeling you can get in this game.
Or well thats what it used to be. Nowadays with embark not knowing how to handle a live service game (Shown in both their games hitting big numbers on launch and then slowly sinking into nothingness) is actively killing their game.

They dont playtest their changes (or atleast thats what it feels like) they got the game stuck in an endless poke meta loop. Killed 2 of its 3 class archetypes specialty (light movement and medium healing) ignore the community unless a big name streamer is attached to the complaint. Shadow nerfs and changes stuff and waits for the community to find out and then acts like they never did.

They are by far the laziest worse balacing dev team I have ever seen. And I played league of legends during the banner of command and zz'rott portal meta (if u dont know it look it up its a travesty). And even that didnt feel as bad to play as the finals does right now.

Avoid this game at all cost until embark gets its ♥♥♥♥ together!",False,1,647.4666666666667,1785936157
232105873,"gave it a fair shot but the loop just never clicked for me, kept waiting for it to get good and it didn't",False,1,7.666666666666667,1785923287
232105098,"The AI commentators add so much personality to every match, and the synced announcements that everyone hears make each game feel like a real live sporting event. It's one of the little details that makes THE FINALS stand out from every other FPS I've played.
",True,1,13.483333333333333,1785922172
232099268,spent 66 hours waiting for it to click and it never really did. pretty enough just got boring after a while,False,1,17.666666666666668,1785913467
232094665,i played a lot more on other acounts but this one is really fun somehow sitll crashes but idk how,True,0,11.883333333333333,1785906487
232088955,"Its so very sad. ive dumped hundreds of hours into this game between steam and xbox. I work and am miserable and used to get so exited to come home to be able to relax and play my favorite game. Now it just throws me into a fit of rage. I really wanted to love this game but if your competitive like me or strive to become higher in rank or get better at the game well your SOL. The solo queing is miserable and even if you do have a team 90% of the ranked games or hell even casual youll run in to 
1.) people using unbalanced guns (or melee weapons)
2.) an atrocious rank score calculation system
3.) people playing on smurf accounts
4.) people using cheats to virtually make recoil dissapear
5.) Teams consistently finding any way except the intended way to play the game
As mentioned previously i am competitive yes but i have never been this aggravated by a game. When playing the ranked system the score you gain or lose is calibrated based on what seed your team is determined as. this has various issues such as its very reward limiting when you win and very punishing when you lose. You could gain 1000+ rank score from placing first, however you can loose 900+ for getting knocked out in the first round depending on your seeding and i know what your thinking; well surely youll place first more often after playing the game more, learning the mechanics, bettering your skill. and you couldnt be further from wrong. The massive amounts of variables like the lack of consistent teammates, the rank score gain or loss changes every single game, or when a teammates leaves at the beginning of a match will just put you in a chokehold for an unattainable goal many of us will not be able to achieve. Another perfect example of why this game is only going to make you miserable, this just happened to me right before writing this. I had solo qued into a ranked game; we had 1st seed meaning if we finished the bracket in first we would gain 900 rank score, however if we did not at least place 3rd we would lose rank score. 7/8th place would result in a loss of approx 800. Already does not seem like a fair trade off right? i mean statistically your going to place first only a handful of times in a 8 hour session or longer. Well youll run into more issues when your teammate disconnects at the very beginning of the match. and yes i understand this is not the developer or games fault but only being in teams of 3 each member of the team is extremely important. losing one for the entire match is almost always a gaurenteed loss. as i mentioned previously this is not the game or developers fault and they cannot control the actions of their players however they provide a compensation in points when your teammate abandons the match. this compensation is typically around 200 rank score. Just think about that. you are 98% of the time gaurenteed a loss when your 1 teammate down yet your still losing 600-700 rank score even with compensation. one game like that, that may not even be in your control mind you will totally erase hours of work if you consistently place 3rd and 4th only gaining an average of 200-300 rank score per third place and 40-60 ranked score per 4th place. as i mentioned previously its an unattaniable goal to aim for higher ranks and its extremely annoying to spend so many hours and end up right back where you started a week ago due to poor games or bad teammates. Say what you will thats its a skill issue on my part or its just a video game so this stuff shouldnt matter that much but when your a dad or mom working a full time job and all you do is crave relief from the real world. so you hop on your favorite game to decompress and end up feeling so so much worse on a consistent basis personally it just feels like it starts to kill that joy we all felt as kids permenently. I hope this will heed a fair warning to anyone reading this.",False,1,129.35,1785898620
231826752,its free and it feels mechanically consistent if that makes sense.,True,0,5.2,1785599257
231784775,"Extremely fun gameplay and mechanics; atrociously unfair matchmaking that the devs apparently refuse to fix.
A serious shame, I really wanted to enjoy this game",False,2,6.116666666666666,1785549546
231781327,I havent had so much fun in a pvp game for a long time!,True,0,9.016666666666667,1785545067
231777071,its fun and realy futeristick its so cool,True,0,14.933333333333334,1785539804
231775065,interesting concept but some of the worst balancing issues ive ever seen,False,1,111.0,1785537502
231768313,"If you have a terrible team, or if someone in your team disconnects/leaves. You are locked in the game until the end. Which is just terrible and unfun for everyone on said team. Punishing people for being a man down or losing entirely literally makes no sense.",False,1,23.65,1785530260
231748485,"Nerf after nerf, unwanted change after unwanted change.

It's a shame that it's the only game in it's genre, because Embark are terrible developers that only listen to the vocal minority of streamers.

Oh this weapon is OP!  as they fight against it in the open
Nerfed next patch.
This weapon sucks! as they fight with it in the open
buffed next patch.

It had a good run.",False,1,133.13333333333333,1785510960
231738581,"too many sweats ruin the ranked mode, otherwise masterpiece fps",True,0,13.716666666666667,1785501170
231732042,"I just want to point out that i love this game to death. its probably the best FPS ive ever played in my life. But i feel like i need to write this review so that embark would take a look at why their game is getting bombed at the moment. their servers at the moment are colapsing on their self. hits reg is more or less a game of chance than actual skill aof aim and reaction. getting stuck or the game straightr up freezing is common in almost every match. and simple stuff like using the chat function doesnt even work. messages that ive send 3 mins ago all register at once after sending them. i dont want to see this game in that state. Embark you gotta do something about your server stited connection. invest in better tech or something. people are leaving as im writing this the game has a current playerbase of around 7000 players. (just on steam). im on my knees begging for this game to succseed i dont want it to end like this. 

Thank you Embark but get your priorities straight",False,1,397.45,1785493109
231724809,"It was fun but servers get worse every day and almost everything is server side

- You track with melee weapon, server registers your old direction
- Will you lunge or not decided on server and showed with delay
- You deflect with dual blades, it has ~1s delay (frustrating for both attacker and defender, 100% deflect dmg is too much btw)
- You jump from edge, server teleports you downwards (especially if sliding before jump)
- You pick something, server says no
- You shoot, marker that you hit shown only some time later
- You often hit someone already behind walls (even from your perspective)
- Your opponent counterstrafes faster than supposed to (because prediction and server data missmatch)

All above can be fixed.
Just make it so what you see and interact with is in 150ms past.
If your ping <150ms your client should never predict anything",False,1,654.4166666666666,1785482915
231705529,"There are elements of this game I really love, and it really pains me to write a negative review...but if you haven't played this game yet, don't bother - it will be the most frustrating experience you'll have. There are severe balancing issues that the devs have made clear they will only make worse by buffing the most annoying aspects of this game.  Truly, each season feels like they want more people to leave. Not to mention the cheating has spiked in the last season making it practically unplayable. Find another game to play.",False,1,362.6666666666667,1785456224
231692507,"what a bunk ass game. Cant connect to server in a ranked game, forces you to leave because it wont reconnect. take rs loss and a ban from matchmaking because this game sucks. embark why dont you embark on an adventure up and down my ♥♥♥♥. atleast i can enjoy it next time when you ♥♥♥♥ me. 2/10
After another 14 hours of playtime ranked still ♥♥♥♥♥♥ me and paired me with unranked players and people who just leave half match because theyre garbage at the game.",False,1,184.13333333333333,1785441920
231674295,"Don’t buy the Legacy Battle Passes unless you are committed to playing this game for a very long time. I did a quick calculation after finding a skin I liked, and because I only have limited time to play, I discovered that I would need to complete around 254 matches before I could even unlock and use it.

The token requirements are completely unreasonable for casual players or anyone who cannot spend hours grinding the game.",False,1,6.366666666666666,1785425720
231659436,"After about 400 hours of playing this game, I can honestly say that it has not been worth it. While it is exceptionally unique regarding overall gameplay (weapons, abilities, gadgets, controls, stakes etc.) and visually stunning at the same time (animations, maps, cosmetics), it seems like Embark is unable to make playing this a smooth experience. 

The amount of times my game crashed for no apparent reason (different error reports every time) is mind boggling. And it's not just me, friends of mine have experienced this often, some with low- and some with very high end PCs. Sometimes one seems to be put in lobbies from regions where you'll get horrible ping, making the game virtually unplayable. I am not exaggerating when I say that I play one in four games undermanned - people leave, have disconnects, game crashes and so on. Only very recently they added reduced rating-loss if you were playing one man down, but this is too little too late. Just now, in my most recent and likely very last game, a teammate of mine was kicked for violating community guidelines (stated by the auto generated text chat popup) - WAY BEFORE THE GAME STARTED. It was right after the queue popped. The remaining  teammate and I suffered through 10 minutes of bs gameplay and were punished by losing 1000 rating as we were the 1-seed. This has happened to me and others before but this felt like a time where I had to leave a review about this game. 

I always loved this game and wanted to see it succeed, always arguing that it should be on more people's radars, that it should have a higher player count blablabla but honestly it doesn't deserve any of it. Embark is simply not able to fix the most rudimentary things revolving aroung an otherwise great game.",False,1,378.93333333333334,1785411512
231642123,I've played 54 hours or so and everytime i redownload this game it has half a million crashes. Great game. When it runs of course which is about once a month,False,0,53.81666666666667,1785388182
231560302,"This has been my favorite fps since season 1, but with the melee update it is now clear to me that the devs have no idea how to balance this game",False,1,392.03333333333336,1785293475
231555846,"Serious stability issues and AI use are big issues for me. Crashed upon joining a match twice in my 2 hours of play. Gameplay is fun, but I don't recommend it unless you wanna deal with ♥♥♥♥♥♥♥♥ to experience it.",False,2,1.9833333333333334,1785287780
231502016,"Little no-life meta abusers in The Finals are some of the most annoying players to run into. Instead of trying different weapons or strategies, they copy whatever the current strongest loadout is and spam it every match, making games feel repetitive and less fun. Winning is one thing, but relying on the same overpowered tactics over and over just takes the creativity and excitement out of the game.",False,2,22.0,1785231595
231461533,"One of my favorite shooters of all time, this last seasonal update ruined alot of the fun I was having with the game. The balancing had already been pretty awful but could be looked past but the changes this update were poorly thought through at best. 

In its current state I couldn't recommend this game to new players with its disparity of newer players to experienced ones, and the recent balance changes have taken lots of the fun I was having in this game out of it. Also there is a cheating epidemic within the game but I don't play the relevant gamemode to really see it much. Keep that in mind if you intend to pick up the game, all of this could change but I'm slowly losing faith.",False,1,104.2,1785179556
231396288,Fresh and engaging. But hard to catch up with the folks who have played for a while,True,0,4.633333333333334,1785104227
231377202,"compatent shooter and fun to play but resets every time the computer restarts. ive played the intro about 9 times and cant be bothered any more, there is a fix out there but it resets after updates and i dont want to have to fix the game every week...",False,1,4.416666666666667,1785087092
231358484,"This game has great mechanics. The movement is sooo fluid. The weapons are all fun and useful in their own ways, creating a meta of sorts that fluctuates over the seasons. Buuuut the matchmaking is rigged just like any other game you might imagine (League, Marvel Rivals, etc.) and it has come to be very apparent after this new season launched. 

I love this game with my heart and soul, played it since it launched on PS5 back in Beta. But the things that go against this game being great are the rigged matchmaking and the small sample size player count they have. I don't know how this game never stuck. The destruction is so fun, you have so many ways to play, options for essentially everything, but it hasn't stuck for alot of people and this game is not fully marketed out to the public. 

This game finally broke my heart and several other people. It's my abusive girlfriend that I have to leave because I'm seeing the true colors and its just sad. I really wished more people got to experience all the wonders and moments of highs and lows in my hundreds of hours. 

If you're a new player looking to try this game, try it. It will treat you nice. For a while... Make it fun while it lasts, because it was fun for me. The fun died with this season launching, it feels like. Hopefully I'll come back.",False,1,239.25,1785071332
231344433,"The game is okay, and the fluidity of the movement is great. However, the rest gets boring really fast. 

My main gripe is that the tactical and strategical aspects of the game. This is what interested me the most. But, this is not covered at all in the game. The tutorial can be played only once. So if you missed something, you can't try it again. I had to search on youtube to get the complete version, which is just how to play the cash game. Not a single word about the three classes, their abilities (yes, I'm aware that there is dedicated videos, but this is not a hand-on tutorial), the tactics that goes with each class, how to use them properly with your two teammates and the global strategies we could use to win a match.

The options for tactical orders to the bots or other players are extremely limited, clumsy to use and the UI is barely lisible. In a game where speed and tactics are everything, this is really annoying. Also, you don't have any way to scoot the maps freely. You can't decided of the strategy you should follow before the match. You can't choose the tactics you will use and have the bot follow it, or better yet leading the team.

In conclusion, unless you are already a tactical genius and have a good team or a lot of time, you can skip this game.",False,1,9.966666666666667,1785056275
231306877,"I love the idea of this game so much. I love every single concept behind it. But with how poorly balanced the classes and weapons are, it's just not fun anymore. With the new season adding no new content other than a new map and the melee rework, I feel like the three months between each season have been wasted. I hope they try to fix the game's balance, but for now, I can't help but hate the current state of the game.",False,1,155.03333333333333,1785010742
231300881,i m not sure what to say  i like this game but something has happened either it to me  as i old gamer of 63 in next month  maybe i cant  game this crazy fast pace or has  game itself has  gone down hill i uninstalled it 4 now till later i think i almost have 300 hours in still a noob,False,1,295.9166666666667,1785005242
231237327,"Best FPS released in the past 20 years, bar none. Aiming, gamesense, teamplay, creative executes, it's all there.",True,0,35.0,1784934121
231235659,"I highly recommend it. Not only is there a lot of shooting to be done, but the melee weapons are also well-made. Add to that the brutal map destruction and the ability to outsmart even better players is a lot of fun :)",True,0,802.95,1784932204
231230414,I really enjoy this game. Its like a mixture of the other games I play. I also really enjoy the customization of your character. It is more fun when i look cutesy,True,0,11.5,1784926891
231215975,"I've had so much fun with this game since season 1 and still love playing it. The balance changes encourage different playstyles each season, and yes, some are consistently strong and should be nerfed. However, I also think it's fair to have ""basic"" classes be strong to encourage traditional fps players to stick around to experiment with some of the unique to The Finals gear. 

My biggest issue is the fact that they've started adding cutscenes to the game launch, which crash my PC. It has happened 3 of the last 4 seasons, rendering the game unplayable for weeks at a time. Not acceptable at all when you pay for a time restricted battle pass. Usually the videos are promoting something that is in the store. Considering I have very modern hardware, it's surprising to see such a simple, unimportant to gameplay issue bricking the whole game. If I can make it through a  whole season without this issue, I'll update the review.",False,2,153.56666666666666,1784914029
231202611,This was genuinely one of the worst gaming experiences I have ever had in my entire life. This game is fundamentally broken and steer clear of it if you value your time and sanity.,False,1,48.95,1784902600
231172016,"In the small peroid I've played the matchmaking is very terrible. As a newbie you're placed with the highest ranked players, and expected to compete? This is a fun game, the cosmetics, the destruction, love it all. The matchmaking is the ONLY thing that's setting me off. It's not fun when you're trying to enjoy the gameplay and are being absolutely destroyed by people who live and breathe this game.",False,1,5.45,1784864619
231095928,374 hours in this game makes me want to fist my self with a handfull of razers matchmaking sucks they have this so called seeding system u get matched with the most toxic and degenerate losers who dont shower abusing broken loadouts each and every match there is no balance and most importantly this game punishes its own community if u somehow finally by a miracle end up winning a match it hits you with minus 900 or 600 points there ur entire progress for the day gone no wonder this game is dead embark fix ur matchmaking and ranked system and balance,False,2,373.5,1784780679
231059269,"Couldn't find any matches for days.....when it finds a match for you, your team of noobs are playing against people who are level 117 and above. So unfair and broken. (This is not ranked matchmaking, couldn't get enough matches to unlock that in the first place.)",False,2,6.7,1784737033
231058419,"Nice fast smooth shooter, destruction physics are great. Melee can feel unfair at times, matchmaking can be unfair at times, but if you get frustrated just play the quickplay modes and you can still have fun.",True,0,19.516666666666666,1784736207
231053248,"Really fun and fast pace, not your typical FPS game.",True,0,6.933333333333334,1784731181
230954089,"Awful, getting stuck in a ranked match where a teammate ""lost"" connection and is absent for the majority of the game is infuriating. Games seem to drag on, overall Not worth the time or effort.",False,2,36.63333333333333,1784606426
230952702,"gameplay looks nice, but game won't lauch on my w10 PC. Can't give a thumbs up to a game that won't launch and doesn,t give me an error message.",False,1,0.5666666666666667,1784604462
230942419,game is acually really fun despite me having my doubts,True,0,3.5166666666666666,1784590775
230929056,"L game brev, imagine eating GL and deagle shots like its nothing 
",False,0,9.75,1784576536
230921655,"Gameplay is a mix of TF2 and BF1, core game mode plays kind of like the old sea dogs arena from Sea of Thieves. The game is competitive in nature, but to me in a fun way, with high build variety that allows people to hone in on a playstyle that suits them, and express their strongest skills. TTK is on the longer side but can be very quick with good teamplay or positioning with certain weapons or tools. Small team size makes it easier to express coordination with just a few friends, and many teams in a match can allow for another element of strategy. This game has turned out to be near perfect for me and my friends to play, assuming they were willing to give it a go.",True,0,42.11666666666667,1784569436
230921177,"This game has brought me to tears of rage and to a state of bliss only found in fairy tales

10/10 Would get assaulted by lights again",True,0,60.75,1784568979
230918605,"Got inside to get a skin for Arc Raiders and played it a bit. To be honest it is too childish styled for my taste, but whole idea of lot destructible environment, fast pace and interesting classes is very nice. If I was a bit younger and would not mind flashy, lot of colors etc I can see myself playing this game",True,0,2.3666666666666667,1784566496
230883015,"Fun game overall until you realize the player population is struggling because the ruby/top skill players with >70,000 kills are plaguing low ranks im low gold at best going against the top players.",False,1,259.28333333333336,1784519648
230878311,"I think this game is not great. good? eh. I don't know. Do you want another COD like? Where youre just turning the camera left and right swearing you know what youre doing by ""swerving"". Where you spawn die spawn, die repeat to the point where youre insane. Then thats great this game is for you. This game has some really Low LOWS, but when you get into it and start to have actual fun not ""winning = fun"" fun then yeah this game start to become good. but its far in between since the matchmaking puts you randomly in skill levels. im probably gonna add more hours only because this is the only game my friends want to play.",False,1,150.21666666666667,1784512867
230854070,"Game is great, but the server infrastructure is bad. Too many times I have been killed around the corner, shots not registering, connecting to European servers, and cheaters. This game has great potential, but until the server infrastructure is resolved, this game will never reach a greater potential",False,1,192.05,1784484356
230851520,fast paced movement and map destruction. be fast or dead,True,0,72.65,1784482109
230849492,"Canno't normally play the game, because my keyboard A4tech KD-800 somewhow turnIng off when starting matches. Keep happening only in Finals",False,1,0.5,1784480321
230845459,"I love this game actually but there is no excuse for the amount of crashes on AMD graphics cards. whether its AMD or optimization of the game it really doesn't matter. the game was pretty stable before this new update and now with a 9070 xt the game crashes literally 30 seconds after you load into a match every single time. forced dx11, clean installed graphics drivers with ddu, set all settings to potato mode. It does not matter what I do. im literally just incapable of playing the game without purchasing a new graphics card it would appear. Really very disappointing as this is probably my favorite fps at the moment. Hope this gets fixed because as it is right now I no longer have access to a game that once ran almost flawlessly on a 3060.",False,1,209.6,1784476997
230830616,"Dont get me wrong i love the game. But a few humans (devs) dont understand of how to keep the game on being good. Rip my 3 dashes and every light mains that got nerfed.

This isnt about getting a greater playerbase. We need consistency and with consistency you become better at the game. This Season includes a great new map but now Chivarly 2 gameplay is included (a lot more melee players now).

One last thing: ban every Grenade Launcher Player and Flamethrower player in existence. Find them, and make them regret playing this weapon for the love of god...",False,1,948.0333333333333,1784463378
230818731,"Discovered it by a friend and immediately fell in love with the game.. The game mechanics feel so cool and I would really recommend this to anyone looking for a new shooter.. Although im not too happy about the RAM usage, maybe it could be on my side but RAM gets heavily overloaded.. Apart from that really great..",True,0,9.683333333333334,1784449416
230814594,Stupid game alwasy crashes and they give you harsh 10 min bans no my fault this free ♥♥♥♥ game crashes.,False,1,347.6666666666667,1784443769
230786694,"Do not play this game with less than 3 people. 

*Queues ranked*

-Teammate leaves
-Teammate leaves
-Teammate leaves
-Teammate leaves
-teammate stays, we get first place
-Teammate leaves
-Teammate leaves


10/10 experience. 
",False,3,16.833333333333332,1784408413
230782325,Good game but got banned for apparently using cheats... Which ofc I didn't,False,1,269.5,1784404328
230768901,"Most recent update causing mass fales banning's

With the most recent update they have implemented a new anti cheat that has been mass perm false banning players
Would not recommend spending money in this game as the AI anti cheat can not tell the difrence between a gyro controller, a under specs pc or a power glitch and cheating,

There review process for this is automated for the most part and and requires you, not THEM to prove you where not cheating, and they have no way there selves check the AI anti cheats claims,
(so you will hit a wall with it, this has been a know problem with the company in general for a while)

Good game play but would not recommend spending time or money on this game in its current state as im sure what they are doing borders on scamming if not illegal",False,2,1132.1333333333334,1784392347
230753936,"uhh really fun other than the long wait tie on the oce servers and asians servers being really sweaty, good game, fun to play with friend without friends it gets a bit boring, could use some other gamemode as there is mainly 2 gamemodes, quick cash and the point one.",True,0,27.283333333333335,1784378506
230740826,Such an unique take on first-person shooting genre. Embark cooked as usual. Very underrated game. More people should try it.,True,0,7.266666666666667,1784362173
230730742,"I have over 800 hours on my old steam and combined with the hours i have here now, I can safely say that the game is fun, I guess.

I don't know what's going on with the team behind this game, but the content has been very lacking these past few seasons. I started at season 7 on this account and I've been purchasing the ultimate battle pass and the starter pack ever since, it's safe to say the only thing worth to grind are the emerald rank and the cosmetics, but it's getting boring now, really boring, no new meaningful stuff and again the only thing that motivate me to push through another season is the ♥♥♥♥♥♥♥ cosmetics. I can't be doing this for the fifth time with the new season 11, dropping the game is inevitable.

As I said, the only redeeming quality of this game is the cosmetics and maybe a slither of its gameplay here and there, but that's it. Each new season feels like the same old ♥♥♥♥♥♥♥♥ loop I have to slog through. I don't recommend it because it's boring, sorry not sorry.",False,2,780.45,1784348013
230694497,"if you wanna start hating yourself because you downloaded this game, this is the right choise, one game you'll feel like a god dropping a devious kills and gaining a insame ammount of points the next 10 you'll feel like a worm that is getting stomped on by 247 kids (some sverely obese) in a playground... 10/10 would reccomend",True,0,41.81666666666667,1784308277
230674144,"greet! but it freez, it crash and fps drop every update and I played only 1 week. Need serious optimisation, too sad.",False,1,49.03333333333333,1784287806
230655243,Newest Update made game unplayable. Constant frame issues and crashing. Multiple friends are also reporting issues with launching the game.,False,1,140.31666666666666,1784260648
230637845,Tried it out because of the Arc Raiders skin incentive. No SBMM as far as I can tell; constantly shoved into the chaff grinder to feed more experienced and skilled players' engagement. But the thing REALLY making me never want to play the game again is flashy unintuitive UI. No fast way to report people and no way to view game history stats.,False,1,5.4,1784238938
230584222,"game is good, but the recent update was absolutely terrible. huge nerf to both melee and light class",False,1,255.86666666666667,1784179297
230584017,"With the release of Season 11, I feel the finals has shifted away from rewarding melee playstyle in favor of conventional gunplay.

one of the things that made this game unique was that unconventional weapons could compete alongside rifles and SMGs. Melee was a high-risk, high-reward playstyle. you gave up all ranged pressure in exchange for being extremely dangerous once you successfully closed the distance.

Season 11 undermines that. most melee weapons where nerfect, while shotguns where buffed. as a result, melee has become significantly harder playstyle for very little payoff. Getting a kill is certainly more satisfying now, but that's only because it's much harder to achieve, not becasue the weapon is more rewarding.

Apart form the sledgehammer which got a buff, melee weapons feel like works version of shotguns. if a shotgun performs better in most close-range situations while also retaining some effective rangem, it becomes dificult to justify choosing melee

I still think the game is good. but i cant recomend it like this. as it slowly turns itself into another classic shooter loosing the identity that made the game unique. becoming closer to Counter strike or Valorent. where normal gunplay is the norm",False,1,197.63333333333333,1784178976
230581546,"dont get me wrong, this game is incredible, its fast paced, destructive, interactive and requires teamwork and strategy to win. all around the gun play is good the game modes are fun and its a one of one in its own right......but there are very weak supports holding this game up.

the devs have absolutely no ♥♥♥♥♥♥♥ idea what they are doing, they are disconnected from the real player base and do not understand what players actually want, this problem is in direct connection to the poor balancing and bad match in this game. smurfs and cheaters plage the game, and the absolute horror that is the matchmaking, WILL drive you crazy.

for an example, i lost 5 game in a row in different game modes, and i was the MVP in 4 of them with big elim diff, and believe me when i say this, if my little cousin was my teammate and it was his first match of the game, he would play better then most of your teammates in this game. its either a easy win, or a blowout with this nonexistant ""skill-based matchmaking"".
with all of that said, the game is fun to play if you have friends to play it with, cause randoms will only make your day worse.

the game has alot of character customization option, and its generally fun to make entire fits just for one loadout that you might never play with.

if you are a casual gamer and would like some fun moments with your friends, go for this game. if you want a competitive title to try and fight your way to the top, genuinely good luck, cause its not gonna be a fun time.",False,2,211.98333333333332,1784175165
230579397,"Take everything you hate about battle royales and everything you hate about COD and just mash it together, you have an unfun movement shooter.",False,2,53.833333333333336,1784171966
230571543,"OOOOO THIS FINALY TOUCH MY TRALALA , MY DING DING DONG. Now i must cash out",True,0,79.46666666666667,1784161479
230508578,">install game
>game crashes
>restart
>""a disallowed game file modification was detected""
???",False,0,0.7166666666666667,1784092187
230493628,Polished on levels most AAA games never reach. Peak Aesthetic,True,0,24.483333333333334,1784072331
230459207,"The game is fun, but as long as a player loses Ranked Score, just because one or both teammates quit or aren't reconnecting, I cannot recommend Ranked.
I've lost thousands of RS because of this. At least let those of us who don't quit or actually only hit the play button with a working internet connection come out of that situation with +/- 0.",False,1,413.73333333333335,1784038915
230397128,The game seems balanced for the lowest skill group which only removes the skill ceiling and expression of differing playstyles for niche/off-meta weapons.,False,1,445.21666666666664,1783965497
230351659,"please fix the problem with the new anticheat. i've tried everything to launch the game and I still get the exitcode 258, or the one with the incredibly long string of numbers. I like the game and all but ♥♥♥♥♥♥♥♥♥ please fix",False,1,106.61666666666666,1783911521
230339091,...... Nerfed light to the ground even tho the class is legit one shot.,False,0,39.68333333333333,1783896648
230312643,Tis a sweaty fps but is fun. You should get it. btw its free.,True,0,5.266666666666667,1783874442
230283187,"I initially gave this game a miss due to it being yet another trio only shooter where trying to play alone just puts you at a disadvantage, but after playing it just to receive a skin in arc raiders I found myself pulled in by the unique game mode and wanting to continue playing.

There's definitely a disadvantage to playing solo with 2 random teammates, but its countered somewhat by there being absolutely no matchmaking whatsoever. You can end up with the highest ranked thousands of hours played random teammates that wipe the floor with everyone singlehandedly while you just watch or end up on a team that has a collective 10 matches played and be one getting wiped.

It makes for a game where winning or losing or even your own personal performance rarely matters at all. It's all just about the moment to moment gameplay and making cool plays in a game mode that can only be found here. So if you're only interested in an FPS if its this perfectly balanced skill based experience where your own personal skill is the make or break for winning or losing then you will be frustrated to no end and hate this game.

However if you can put aside the fact that you'll be put into deeply unfair situations where you have no hope of winning and just enjoy making the most of those bad situations as they arise with no concern for the outcome then theres definitely something special here that can't be found in any other game. The thing that separates this game from others with a similar issue like hero shooters or mobas is that the elimination style of the game means that if you end up being the team getting screwed that it'll be over quickly.

In a moba game for example you're having to bet the next hour of your life on the performance of the random people you get matched with under punishment of getting banned if you leave making you wish for the sweet release of death in a really bad game, but here a really bad game just means you're eliminated first and its over after only 10 minutes. It makes it so you're only having to invest time into matches that are promising rather than being stuck in the bad ones for so long that you're afraid to roll the dice again.

So yeah its definitely a love it or hate it kind of game just based on your tolerance for BS, It's free so there's no real reason why you should've give it a go to see which end you're on, but just know that the onboarding process is rough and you'll be thrown into the deep end almost immediately. They added bot matches shortly before I started playing which can help you understand the basics, but they don't provide enough of a challenge to really prepare you for what actual players are like, so you'll still end up in a trial by fire if you do give it a go.",True,1,15.666666666666666,1783848251
230277888,"Awesome game, great gunplay, amazing movement.",True,1,474.6333333333333,1783841796
232200102,got 73 hours out of it before realising most of that was just me waiting for it to get good,False,0,2.033333333333333,1786032284
232146205,Literally the best shooter I've ever played in my life.,True,1,1416.4166666666667,1785964338
232442270,played it for way too long hoping it would click and it just never really did,False,1,13.716666666666667,1786294204
232146535,"really fun, does however get a little boring after 12065643423535648237438 rounds of quick cash",True,0,5.15,1785964687
232089222,"Not a good game imo. Unless you are a cracked out 14 year old hopped up on adderall lmao. Plus I'm pretty sure you have to play Crossplay which if you do. The aim assist is so busted if you're on KBM... GLHF LOL. It's like CoD: Advance Warfare, Titan Fall and Halo had a Meth'd out Crack baby. Would not recommend.",False,1,1.6666666666666667,1785898980
231997075,AFTER 400 HOURS ITS NOT WORTH IT. REALLY ITS FUN TO PLAY ONCE EVERY FEW MONTHS BUT THE TEAMMATES ARE ALL TOXIC HARDLY WORK TOGETHER UNLESS YOUR PLAYING IN A GROUP DONT PLAY THIS GAME I WASTED THOSE HOURS ON THIS,False,0,412.31666666666666,1785790375
231787082,Game is refusing to open after recent update and they removed head2head,False,1,282.65,1785552580
231707552,Great and honestly slept on,True,0,102.65,1785458749
231488127,"Horrible optimization. Game crashes constantly and takes ages to load again becuase of said crash. And if the shaders are not ""loaded properly"" you basically can't play.",False,1,57.0,1785210310
231418209,Like I get its a really fun game but being new and all do I really want to be paired against a 3 sweaty grown ahh lvl 106 men catgirls at the end of the day?,False,2,6.083333333333333,1785132224
231398714,"great, fast paced fun team objective shooter.",True,0,9.55,1785106752
231273687,cured my league of legends addiction,True,0,489.26666666666665,1784980180
231229141,DONT DO BOT MATCHES PLEASE. the best way i could describe my experience is like taking care of 2 mentally disabled toddlers while constantly having muscle spasms and being pressed by 3 men all at the same time,False,1,2.8,1784925608
231050755,"Fast pace, all classes are fair and balanced
",True,0,12.633333333333333,1784728699
231028016,"FINALly, a competitive shooter i can be good at without god aim",True,0,19.133333333333333,1784696505
230866270,The perfect game for you if you have ADHD or like fast paced shooters,True,0,551.25,1784496978
230628151,"i ♥♥♥♥♥♥♥ hate this game so ♥♥♥♥♥♥♥♥ much, i want to end my life. i would rather be stuffed into a brazen bull than fight one more ♥♥♥♥♥♥♥♥ flame thrower heavy. this game is so ♥♥♥♥♥♥ thanks embark studios i hate you. welp time to get back into queue :)",False,1,100.91666666666667,1784229748
230597895,very fun and great game,True,0,4.733333333333333,1784199995
230381679,Sometimes insanely fun sometimes makes me wanna have a brain aneurism but worth getting,True,0,25.916666666666668,1783950608
230340498,"I only see Vincent PIccleo playing ts,,, that gotta be a sign",False,0,2.5166666666666666,1783898147
231650789,crashes and doesn't start up ♥♥♥♥♥♥♥ wild,False,0,7.15,1785400723
232333712,"Great fun.

A few crashes here and there though.",True,0,178.93333333333334,1786181256
231527741,"Fun and unique, the only FPS I like to play",True,0,93.91666666666667,1785258507
231290378,its fun but sometimes has input delay issues.,True,0,38.15,1784995653
231070970,honestly one of the best fps shooters i've played since black ops 2,True,0,16.05,1784749833
231006603,Somehow this game made a modern pvp shooter actually fun,True,0,87.28333333333333,1784668375
230889943,THIS GAME IS BOOTY CHEEKS I COME HOME FROM A LONG DAY OF WORK AND GET BOOTY RAPED BY 3 DUDES PLAYING HORRIBLE SUPID LOADOUTS AND A RED HEAD WHOS COMMENTS DONT EVEN MAKE SENSE LIKE HOP OF TIK TOK YOU LIL LOSER,False,1,172.48333333333332,1784531425
230661537,"i did not reach the finals,,, but fun game",True,0,457.1,1784270159
231488893,Piece of crap game. Don't recommend wasting your time with this garbage.,False,2,5.566666666666666,1785211340
232380029,this game makes me want to rip my legs off and choke them down my throat. worst game i have ever played in my life.,True,0,1.4333333333333333,1786225588
232017037,"i like when i play the game and while im playing it i play it and thats why i play it.
",True,0,220.66666666666666,1785815751
231956637,"very good game but the skill gap is a litlle big 
",True,0,13.616666666666667,1785747606
231560936,makes me want to put my forehead through a brick wall and snort glass shards,False,2,4.633333333333334,1785294361
231464461,Incredible game especially with friends,True,0,94.1,1785182348
231181230,"just like CS2, this game is most fun with friend, and i m always a single player.",True,0,33.63333333333333,1784877533
231156968,"be me.
play ranked. 
me does good.
carry my own weight.
teammate #1.
drops same explosive canister 5 times trying to throw it and then point blank kill him self with it. 

teammate #2 
might be Helen Keller 

10/10 
",True,1,34.21666666666667,1784846371
230882463,Best casual shooter ever. Wish comp was still alive tho.,True,0,36.96666666666667,1784518848
230816194,"If you aren't playing this game right now, you probably should be. 10/10",True,0,1125.2166666666667,1784445991
230650033,I enjoy the many different ways you are able to enjoy the game,True,0,359.51666666666665,1784253780
230552382,"ACTION PACKED AND ALLOT OF FUN , REQUIRES QUICK REFLEXES AND QUICKER THINKING",True,0,580.9166666666666,1784140335
230350905,no just no. its fun and all but i wouldnt recomend.,False,1,3.8333333333333335,1783910541
232529840,"Spawn.
Immediately get ♥♥♥♥♥♥♥ Hiroshima’d by a Heavy built like a chest freezer full of concrete.
Respawn.
Take one step outside and some ♥♥♥♥ with a bow spots a single atom of my forehead from three postcodes away and launches a medieval ♥♥♥♥♥♥♥ twig through my skull with such precision I’m convinced John Wick is operating his mouse.
Respawn.
Jump.
♥♥♥♥♥♥♥ mistake.
Sniper shoots me clean out of the atmosphere before gravity even gets the chance.
Respawn.
Spear woman.
I don't fight spear woman.
Spear woman is a natural ♥♥♥♥♥♥♥ disaster.
She comes round the corner at Mach Christ, penetrates six major organs and turns me into a ♥♥♥♥♥♥♥ kebab before the game has even finished rendering her.
Respawn.
Heavy again.
Of ♥♥♥♥♥♥♥ course.
He crashes through a wall like an alcoholic Kool-Aid Man and ♥♥♥♥♥-slaps me so hard my Steam account nearly logs out.
Then finally:
Enemy hasn't seen me.
Point blank.
Perfect aim.
I unload enough ammunition into his spine to overthrow a medium-sized dictatorship.
He turns around.
I shoot him again.
29 DAMAGE.
TWENTY. ♥♥♥♥♥♥♥. NINE.
My gun isn't a weapon.
It's a ♥♥♥♥♥♥♥ suggestion.
I would genuinely cause more bodily harm by taking my trousers off, sprinting into the objective and windmilling my ♥♥♥♥ at terminal velocity.
Meanwhile the enemy fires one ♥♥♥♥♥♥♥ arrow from the neighbouring county, it enters through my left nostril, ricochets off my prostate, kills my next of kin and somehow steals £14.63 from my bank account.
Utter ♥♥♥♥♥♥♥ war crime of a videogame.
I hate every single second.",False,5,10.25,1786392007
232081903,I love this game and how creative you can be with it's mechanics :)),True,1,340.55,1785889285
232384214,fun game great monetisation  if only I had friends.,True,0,185.56666666666666,1786229987
232103047,pretty fun game could lose the gen ai voices now though?,True,0,3.15,1785919347
231393731,Pretty cool apart from the melee update being the worst thing ever.,True,0,4.816666666666666,1785101592
231173516,"This is a fun game, and honestly hard to believe its free!",True,0,4.116666666666666,1784866508
231167974,"Game is great, but trust me ur tm8s will let u down 99% of the time",True,0,39.88333333333333,1784859542
231047041,The best FPS I've ever played and it's not even close,True,0,254.06666666666666,1784724715
231015752,me gusta. me addicted. good devs. meh anti cheat :D,True,0,1003.8333333333334,1784679077
230734384,even if you have had a lobotomy embark made sure to make melee weapons incredibly unbalanced to let you win,True,0,155.2,1784352978
230714544,rely good but not good for beginer in fps games,True,0,41.483333333333334,1784327532
230611281,FINALS FINALS FINALS. I love the Finals. Best FPS shooter of all time,True,0,449.93333333333334,1784214218
230334720,I would recommend this game due to the gameplay. And over all enjoyment.,True,0,23.5,1783892274
230328339,The most original and innovative shooter of this decade,True,0,94.26666666666667,1783886863
230266189,Game very good and creative! I hope my have better spec soon.,True,1,151.75,1783827306
231472122,bring friends and its tolerable,True,1,24.616666666666667,1785190078
232526347,"bcs its really is goated fps up to date
",True,0,27.95,1786388746
232472596,an external crosshair isn't cheating,False,1,0.8166666666666667,1786323804
232423430,I don't understand why more people aren't playing this AMAZING GAME!,True,0,2.966666666666667,1786278162
232139863,"It crashes every second, ♥♥♥♥ you guys ♥♥♥♥ youuuuuuuuuuuuu....",False,0,12.333333333333334,1785957926
232011432,"best fps I have ever played. don't believe me, check it out",True,0,164.96666666666667,1785808130
232010786,half the characters have dumpy's game's great,True,0,31.066666666666666,1785807322
231957844,its so fun and has a lot of distruction,True,0,30.916666666666668,1785749432
231909826,"so anyways, I started blastinnnn",True,0,159.03333333333333,1785690597
231791758,"HORIBLE GAME, HORIBLE PLAYERS, will play again 8/10",True,0,11.95,1785558509
231681488,"aint gonna lie, this is great. especially with friends.",True,0,3.2,1785431939
231617687,genuinely the most underrated game of all time for how good it is,True,0,142.01666666666668,1785357809
231562619,Pretty cool but holy storage space,True,0,18.75,1785296406
231459132,good game but very hard on graphics,True,0,36.71666666666667,1785177436
231316114,She cashout on my station until I finals,True,0,31.3,1785020354
231083422,Fun shooter as long as you don't take it too seriously,True,0,96.65,1784763612
231082591,Probably the best free-to-play FPS around :D,True,0,35.68333333333333,1784762554
230652263,"great graphics awsoe skins
",True,0,116.35,1784256674
230493665,My modern PC with all updated drivers keeps crashing every half hour,False,0,4.133333333333334,1784072381
230381381,"Overall pretty fun, if maddening at times",True,0,16.866666666666667,1783950350
231264875,Could be fun. Melee isn't fun to play against,False,0,26.533333333333335,1784969437
230320408,Thank God we Buffed the melee Weapons they didn`t needed it at all,False,0,396.56666666666666,1783880578
232521634,you have to have fast rection time  to be sucses full at this game,True,0,5.4,1786384317
232477898,The Only Fps pushing beyond what you'd typically think The Genre is,True,0,122.75,1786330623
232342528,they dont let people launch when they detect that you are using a custom crosshair wtf ?,False,1,278.35,1786191498
232297442,first pc game ive ever played pretty good experience,True,0,20.333333333333332,1786136446
232236870,This game is really fun but really hard.,True,0,4.0,1786068710
232054371,what I wanted from counter strike but didnt get from arc raiders,True,0,7.516666666666667,1785861452
231949172,"good and unique 10/10
well optimized to",True,0,65.2,1785735757
231922202,When we play ranked always 2 ♥♥♥♥♥♥♥ teams are fighting with only us. And spam like big pandas,False,0,21.6,1785701776
231845484,Goated and underrated af,True,0,108.83333333333333,1785616710
231767038,"the only i can explain this game as the song ""Breaks ♥♥♥♥""",True,0,99.05,1785528935
231688855,very fun and interesting,True,0,11.016666666666667,1785438592
231682283,probably the best fps shooter i have played.,True,0,12.516666666666667,1785432628
231631916,Great game people should definitely give this one a chance,True,0,47.083333333333336,1785374720
231128551,"Perfect Game, but little bit laggy.",True,0,1179.15,1784820976
230926257,"i have no dealay any more so i can play more, remove the a in dealay and it sopells the finals",True,0,29.45,1784573875
230877765,one of the best fps shooters to ever exist.,True,0,202.81666666666666,1784512142
230873159,There needs to be some balancing changes and bow needs a tiny buff,True,0,25.133333333333333,1784505974
230850601,challenging and fun,True,0,10.316666666666666,1784481302
230850486,very fun game but unbalanced,True,0,5.5,1784481203
230644622,"Game is great and i believe in a decent state.
",True,0,37.86666666666667,1784246735
230638766,Pretty fun fast paced arcade shooter.,True,0,173.75,1784239914
230569156,this is my favorite free game and probably the best!,True,0,8.4,1784158468
230510360,"Fun fast pace, and i want the Arc skin",True,0,3.8666666666666667,1784094720
230485728,"genuine cancer, only play if you want to lose your sanity",False,0,46.43333333333333,1784063549
232185860,good game subhuman community,True,3,186.7,1786018156
231419465,heavy is busted. makes me want to die. great game,True,1,23.416666666666668,1785134175
232456996,Every Gun is Almost Sht so no gun is ♥♥♥♥,True,0,13.6,1786306915
232289116,"Sword users evil, destroy. Good game.",True,0,521.1,1786128692
232011008,game is ass to many easy loadouts metas,False,0,292.76666666666665,1785807579
231915341,"Made by the people who made arc so great, however not mainstream
",True,0,7.616666666666666,1785695475
231654079,Heavy isnt big enough to represent me in real life,True,0,90.3,1785404992
231407670,"As a former COD guy, this is the most fun I have had on an fps in a looooong time",True,0,10.85,1785117626
231011981,pretty tuff but i hate m11 chuds and mar is kinda bad but otherwise i cook with sniper and with con,True,0,72.58333333333333,1784674268
231005292,pretty cool and fun and free,True,0,38.81666666666667,1784667020
230792407,SOOOO FUNNNNNNNNNNNNN. also i love killing my brother,True,0,35.06666666666667,1784414455
230530693,insane gameplay,True,0,76.91666666666667,1784120817
230469877,The game so good I don't recommend playing with VR,True,0,278.06666666666666,1784048537
230431053,good game but the melee weapons are gay,True,0,11.283333333333333,1784002964
230353499,good game for fast reaction players,True,0,12.516666666666667,1783913998
231189213,My duo is trash but it is a great fashion game,True,0,435.0,1784888505
230996240,The games movement is ♥♥♥♥♥ as ♥♥♥♥ don't recommend,False,0,0.85,1784658326
230802058,the greatest gameshow in the world. + the fits go hard.,True,0,93.38333333333334,1784426722
230699428, the most underrated FPS game,True,0,35.71666666666667,1784313007
231212185,"amazing, new shooter experience",True,1,12.666666666666666,1784910792
230538251,"This game is really underrated, Love it.",True,1,20.283333333333335,1784127916
231252915,Literally played this just for the skin on Arc Raiders,True,0,3.9833333333333334,1784953231
231030926,8 level 20s vs 8 ruby players is all point break is and guess what team you will be on? But hey those cosmetics are always on point. GG embark,False,4,791.8833333333333,1784701332
230274044,amazing game. Can ragebait sometimes thought,True,1,8.766666666666667,1783836953
232549799,This is the most fun rage inducing game you'll ever play,True,0,321.31666666666666,1786414517
232175173,"the finals is pretty sick, thanks for making",True,1,20.533333333333335,1786003691
232048549,best fps ive ever played the most crative player wins,True,0,24.966666666666665,1785856118
231966531,Tons of fun and not a lot you have to learn.,True,0,98.01666666666667,1785760291
231911824,Its very good and I recommend this for all other,True,0,50.71666666666667,1785692393
231443281,"alot of broken things, i think its pretty fun",True,0,45.53333333333333,1785163345
231294024,revert external crosshair ban,False,0,339.85,1784998973
230929506,Fun game but the devs should remove melees,True,0,33.083333333333336,1784576970
230889790,peak fps game ngl its always fun to play,True,0,3.783333333333333,1784531156
230839389,if u play it right it will be one of the best shooters,True,0,70.48333333333333,1784471781
230716469,It's not a bad game. I enjoy it a lot. Thank you.,True,0,5.566666666666666,1784329817
230696497,All melee lights should get their legs surgically removed.,True,0,311.93333333333334,1784310201
230567985,Funnest most exciting fps ive ever played,True,0,59.05,1784157011
230550829,"nice game but , kinda has  lots of  hackers
",True,0,20.416666666666668,1784138961
230493857,"Ranked mode is not balanced, everything else is fun.",True,0,17.266666666666666,1784072659
230380103,GOOD GAME fun and competitive  need some iq,True,0,443.5,1783949049
230287794,new erra of FPS gamingggg the finals is the bessssssssttt!!!1,True,0,194.5,1783853432
230443638,this game almost made me financially irresponsible,True,1,6.483333333333333,1784021601
231231115,sever performance sucks even more this season. good job embark.,False,6,302.4,1784927545
232578295,"holy underrated, idk why this isnt more popular",True,0,101.5,1786453261
232460135,good game. Prob best in da business,True,0,238.98333333333332,1786309781
232323277,Cod but More fun and free,True,0,9.933333333333334,1786167223
232222450,BIGGEST underrated game EVER!,True,0,127.61666666666666,1786052002
232191165,one of the most satisfying fps shooters i've played,True,0,81.28333333333333,1786023876
232092625,Many sweats but fun when u learn it,True,0,3.05,1785903576
232019496,i don't think ive played a worse optimized game in my life,False,0,5.416666666666667,1785819398
232019293,"Very unique, fast paced, well made game",True,0,175.55,1785819108
231904092,one of the good games i wish only if they work on servers.,True,0,16.333333333333332,1785685592
231895817,rank placement absolutely corrupt!!,False,0,868.0833333333334,1785678214
231831772,Greatest shooter game of the last 3 years,True,0,157.53333333333333,1785603711
231785211,gordo minigun>>todas outras classes,True,0,16.133333333333333,1785550136
231695536,Great ability/action shooter. Very fun.,True,0,141.45,1785444957
231685419,It's like purgatory but your kinda into it.,True,0,64.96666666666667,1785435391
231423259,Ce jeu me fait énormément rager mais bon dieu qu’est-ce que je l’aime !,True,0,812.1666666666666,1785139932
231211374,"Einfach ein dermaßen schlechtes Game-Flow, abgrundtief scheisse",False,1,5.383333333333334,1784910113
231080568,Very fun game to play with friends.,True,0,38.833333333333336,1784759939
230732819,This is a gem of a game that really slept on and I like it that way.,True,0,78.98333333333333,1784350803
230682979,"fun. so fun my balls jiggled hah ""smiled"" with joy",True,0,5.05,1784297516
230507975,Really good pace and fun game,True,0,966.6,1784091263
230442856,Its the best time you have while also raging your butt off,True,0,1067.95,1784020607
